MODIS_Date_AYYYYDDD,date,product,band,min,max,sum,range,mean,variance,standard_deviation,tot_pixels,pixels_pass_qa,per_cent_pixels_pass_qa
A2013001,2013-01-01,MCD15A3H,Lai_500m,0.3000,0.3000,0.3000,0.0000,0.3000,0.0000,0.0000,1,1,100.00
A2013005,2013-01-05,MCD15A3H,Lai_500m,0.3000,0.3000,0.3000,0.0000,0.3000,0.0000,0.0000,1,1,100.00
A2013009,2013-01-09,MCD15A3H,Lai_500m,0.2000,0.2000,0.2000,0.0000,0.2000,0.0000,0.0000,1,1,100.00
A2013013,2013-01-13,MCD15A3H,Lai_500m,0.3000,0.3000,0.3000,0.0000,0.3000,0.0000,0.0000,1,1,100.00
A2013017,2013-01-17,MCD15A3H,Lai_500m,0.4000,0.4000,0.4000,0.0000,0.4000,0.0000,0.0000,1,1,100.00
A2013021,2013-01-21,MCD15A3H,Lai_500m,,,,,,,,1,0,0.00
A2013025,2013-01-25,MCD15A3H,Lai_500m,0.5000,0.5000,0.5000,0.0000,0.5000,0.0000,0.0000,1,1,100.00
A2013029,2013-01-29,MCD15A3H,Lai_500m,0.3000,0.3000,0.3000,0.0000,0.3000,0.0000,0.0000,1,1,100.00
A2013033,2013-02-02,MCD15A3H,Lai_500m,0.5000,0.5000,0.5000,0.0000,0.5000,0.0000,0.0000,1,1,100.00
A2013037,2013-02-06,MCD15A3H,Lai_500m,0.8000,0.8000,0.8000,0.0000,0.8000,0.0000,0.0000,1,1,100.00
A2013041,2013-02-10,MCD15A3H,Lai_500m,0.7000,0.7000,0.7000,0.0000,0.7000,0.0000,0.0000,1,1,100.00
A2013045,2013-02-14,MCD15A3H,Lai_500m,0.7000,0.7000,0.7000,0.0000,0.7000,0.0000,0.0000,1,1,100.00
A2013049,2013-02-18,MCD15A3H,Lai_500m,0.3000,0.3000,0.3000,0.0000,0.3000,0.0000,0.0000,1,1,100.00
A2013053,2013-02-22,MCD15A3H,Lai_500m,0.7000,0.7000,0.7000,0.0000,0.7000,0.0000,0.0000,1,1,100.00
A2013057,2013-02-26,MCD15A3H,Lai_500m,0.5000,0.5000,0.5000,0.0000,0.5000,0.0000,0.0000,1,1,100.00
A2013061,2013-03-02,MCD15A3H,Lai_500m,0.9000,0.9000,0.9000,0.0000,0.9000,0.0000,0.0000,1,1,100.00
A2013065,2013-03-06,MCD15A3H,Lai_500m,1.2000,1.2000,1.2000,0.0000,1.2000,0.0000,0.0000,1,1,100.00
A2013069,2013-03-10,MCD15A3H,Lai_500m,1.2000,1.2000,1.2000,0.0000,1.2000,0.0000,0.0000,1,1,100.00
A2013073,2013-03-14,MCD15A3H,Lai_500m,1.6000,1.6000,1.6000,0.0000,1.6000,0.0000,0.0000,1,1,100.00
A2013077,2013-03-18,MCD15A3H,Lai_500m,2.6000,2.6000,2.6000,0.0000,2.6000,0.0000,0.0000,1,1,100.00
A2013081,2013-03-22,MCD15A3H,Lai_500m,,,,,,,,1,0,0.00
A2013085,2013-03-26,MCD15A3H,Lai_500m,0.3000,0.3000,0.3000,0.0000,0.3000,0.0000,0.0000,1,1,100.00
A2013089,2013-03-30,MCD15A3H,Lai_500m,2.3000,2.3000,2.3000,0.0000,2.3000,0.0000,0.0000,1,1,100.00
A2013093,2013-04-03,MCD15A3H,Lai_500m,1.7000,1.7000,1.7000,0.0000,1.7000,0.0000,0.0000,1,1,100.00
A2013097,2013-04-07,MCD15A3H,Lai_500m,2.5000,2.5000,2.5000,0.0000,2.5000,0.0000,0.0000,1,1,100.00
A2013101,2013-04-11,MCD15A3H,Lai_500m,1.6000,1.6000,1.6000,0.0000,1.6000,0.0000,0.0000,1,1,100.00
A2013105,2013-04-15,MCD15A3H,Lai_500m,0.5000,0.5000,0.5000,0.0000,0.5000,0.0000,0.0000,1,1,100.00
A2013109,2013-04-19,MCD15A3H,Lai_500m,0.8000,0.8000,0.8000,0.0000,0.8000,0.0000,0.0000,1,1,100.00
A2013113,2013-04-23,MCD15A3H,Lai_500m,,,,,,,,1,0,0.00
A2013117,2013-04-27,MCD15A3H,Lai_500m,3.1000,3.1000,3.1000,0.0000,3.1000,0.0000,0.0000,1,1,100.00
A2013121,2013-05-01,MCD15A3H,Lai_500m,2.7000,2.7000,2.7000,0.0000,2.7000,0.0000,0.0000,1,1,100.00
A2013125,2013-05-05,MCD15A3H,Lai_500m,,,,,,,,1,0,0.00
A2013129,2013-05-09,MCD15A3H,Lai_500m,2.5000,2.5000,2.5000,0.0000,2.5000,0.0000,0.0000,1,1,100.00
A2013133,2013-05-13,MCD15A3H,Lai_500m,2.6000,2.6000,2.6000,0.0000,2.6000,0.0000,0.0000,1,1,100.00
A2013137,2013-05-17,MCD15A3H,Lai_500m,1.1000,1.1000,1.1000,0.0000,1.1000,0.0000,0.0000,1,1,100.00
A2013141,2013-05-21,MCD15A3H,Lai_500m,1.5000,1.5000,1.5000,0.0000,1.5000,0.0000,0.0000,1,1,100.00
A2013145,2013-05-25,MCD15A3H,Lai_500m,1.0000,1.0000,1.0000,0.0000,1.0000,0.0000,0.0000,1,1,100.00
A2013149,2013-05-29,MCD15A3H,Lai_500m,,,,,,,,1,0,0.00
A2013153,2013-06-02,MCD15A3H,Lai_500m,0.7000,0.7000,0.7000,0.0000,0.7000,0.0000,0.0000,1,1,100.00
A2013157,2013-06-06,MCD15A3H,Lai_500m,0.3000,0.3000,0.3000,0.0000,0.3000,0.0000,0.0000,1,1,100.00
A2013161,2013-06-10,MCD15A3H,Lai_500m,0.3000,0.3000,0.3000,0.0000,0.3000,0.0000,0.0000,1,1,100.00
A2013165,2013-06-14,MCD15A3H,Lai_500m,0.2000,0.2000,0.2000,0.0000,0.2000,0.0000,0.0000,1,1,100.00
A2013169,2013-06-18,MCD15A3H,Lai_500m,0.7000,0.7000,0.7000,0.0000,0.7000,0.0000,0.0000,1,1,100.00
A2013173,2013-06-22,MCD15A3H,Lai_500m,0.5000,0.5000,0.5000,0.0000,0.5000,0.0000,0.0000,1,1,100.00
A2013177,2013-06-26,MCD15A3H,Lai_500m,,,,,,,,1,0,0.00
A2013181,2013-06-30,MCD15A3H,Lai_500m,0.2000,0.2000,0.2000,0.0000,0.2000,0.0000,0.0000,1,1,100.00
A2013185,2013-07-04,MCD15A3H,Lai_500m,0.2000,0.2000,0.2000,0.0000,0.2000,0.0000,0.0000,1,1,100.00
A2013189,2013-07-08,MCD15A3H,Lai_500m,1.1000,1.1000,1.1000,0.0000,1.1000,0.0000,0.0000,1,1,100.00
A2013193,2013-07-12,MCD15A3H,Lai_500m,1.4000,1.4000,1.4000,0.0000,1.4000,0.0000,0.0000,1,1,100.00
A2013197,2013-07-16,MCD15A3H,Lai_500m,1.9000,1.9000,1.9000,0.0000,1.9000,0.0000,0.0000,1,1,100.00
A2013201,2013-07-20,MCD15A3H,Lai_500m,2.4000,2.4000,2.4000,0.0000,2.4000,0.0000,0.0000,1,1,100.00
A2013205,2013-07-24,MCD15A3H,Lai_500m,2.7000,2.7000,2.7000,0.0000,2.7000,0.0000,0.0000,1,1,100.00
A2013209,2013-07-28,MCD15A3H,Lai_500m,0.6000,0.6000,0.6000,0.0000,0.6000,0.0000,0.0000,1,1,100.00
A2013213,2013-08-01,MCD15A3H,Lai_500m,4.1000,4.1000,4.1000,0.0000,4.1000,0.0000,0.0000,1,1,100.00
A2013217,2013-08-05,MCD15A3H,Lai_500m,5.0000,5.0000,5.0000,0.0000,5.0000,0.0000,0.0000,1,1,100.00
A2013221,2013-08-09,MCD15A3H,Lai_500m,4.1000,4.1000,4.1000,0.0000,4.1000,0.0000,0.0000,1,1,100.00
A2013225,2013-08-13,MCD15A3H,Lai_500m,3.8000,3.8000,3.8000,0.0000,3.8000,0.0000,0.0000,1,1,100.00
A2013229,2013-08-17,MCD15A3H,Lai_500m,2.0000,2.0000,2.0000,0.0000,2.0000,0.0000,0.0000,1,1,100.00
A2013233,2013-08-21,MCD15A3H,Lai_500m,,,,,,,,1,0,0.00
A2013237,2013-08-25,MCD15A3H,Lai_500m,3.9000,3.9000,3.9000,0.0000,3.9000,0.0000,0.0000,1,1,100.00
A2013241,2013-08-29,MCD15A3H,Lai_500m,0.3000,0.3000,0.3000,0.0000,0.3000,0.0000,0.0000,1,1,100.00
A2013245,2013-09-02,MCD15A3H,Lai_500m,2.2000,2.2000,2.2000,0.0000,2.2000,0.0000,0.0000,1,1,100.00
A2013249,2013-09-06,MCD15A3H,Lai_500m,,,,,,,,1,0,0.00
A2013253,2013-09-10,MCD15A3H,Lai_500m,,,,,,,,1,0,0.00
A2013257,2013-09-14,MCD15A3H,Lai_500m,2.2000,2.2000,2.2000,0.0000,2.2000,0.0000,0.0000,1,1,100.00
A2013261,2013-09-18,MCD15A3H,Lai_500m,1.5000,1.5000,1.5000,0.0000,1.5000,0.0000,0.0000,1,1,100.00
A2013265,2013-09-22,MCD15A3H,Lai_500m,1.0000,1.0000,1.0000,0.0000,1.0000,0.0000,0.0000,1,1,100.00
A2013269,2013-09-26,MCD15A3H,Lai_500m,,,,,,,,1,0,0.00
A2013273,2013-09-30,MCD15A3H,Lai_500m,1.3000,1.3000,1.3000,0.0000,1.3000,0.0000,0.0000,1,1,100.00
A2013277,2013-10-04,MCD15A3H,Lai_500m,0.9000,0.9000,0.9000,0.0000,0.9000,0.0000,0.0000,1,1,100.00
A2013281,2013-10-08,MCD15A3H,Lai_500m,0.7000,0.7000,0.7000,0.0000,0.7000,0.0000,0.0000,1,1,100.00
A2013285,2013-10-12,MCD15A3H,Lai_500m,1.0000,1.0000,1.0000,0.0000,1.0000,0.0000,0.0000,1,1,100.00
A2013289,2013-10-16,MCD15A3H,Lai_500m,0.7000,0.7000,0.7000,0.0000,0.7000,0.0000,0.0000,1,1,100.00
A2013293,2013-10-20,MCD15A3H,Lai_500m,0.8000,0.8000,0.8000,0.0000,0.8000,0.0000,0.0000,1,1,100.00
A2013297,2013-10-24,MCD15A3H,Lai_500m,0.5000,0.5000,0.5000,0.0000,0.5000,0.0000,0.0000,1,1,100.00
A2013301,2013-10-28,MCD15A3H,Lai_500m,0.5000,0.5000,0.5000,0.0000,0.5000,0.0000,0.0000,1,1,100.00
A2013305,2013-11-01,MCD15A3H,Lai_500m,0.3000,0.3000,0.3000,0.0000,0.3000,0.0000,0.0000,1,1,100.00
A2013309,2013-11-05,MCD15A3H,Lai_500m,0.3000,0.3000,0.3000,0.0000,0.3000,0.0000,0.0000,1,1,100.00
A2013313,2013-11-09,MCD15A3H,Lai_500m,0.3000,0.3000,0.3000,0.0000,0.3000,0.0000,0.0000,1,1,100.00
A2013317,2013-11-13,MCD15A3H,Lai_500m,0.4000,0.4000,0.4000,0.0000,0.4000,0.0000,0.0000,1,1,100.00
A2013321,2013-11-17,MCD15A3H,Lai_500m,0.3000,0.3000,0.3000,0.0000,0.3000,0.0000,0.0000,1,1,100.00
A2013325,2013-11-21,MCD15A3H,Lai_500m,0.1000,0.1000,0.1000,0.0000,0.1000,0.0000,0.0000,1,1,100.00
A2013329,2013-11-25,MCD15A3H,Lai_500m,0.3000,0.3000,0.3000,0.0000,0.3000,0.0000,0.0000,1,1,100.00
A2013333,2013-11-29,MCD15A3H,Lai_500m,0.3000,0.3000,0.3000,0.0000,0.3000,0.0000,0.0000,1,1,100.00
A2013337,2013-12-03,MCD15A3H,Lai_500m,0.6000,0.6000,0.6000,0.0000,0.6000,0.0000,0.0000,1,1,100.00
A2013341,2013-12-07,MCD15A3H,Lai_500m,0.4000,0.4000,0.4000,0.0000,0.4000,0.0000,0.0000,1,1,100.00
A2013345,2013-12-11,MCD15A3H,Lai_500m,0.5000,0.5000,0.5000,0.0000,0.5000,0.0000,0.0000,1,1,100.00
A2013349,2013-12-15,MCD15A3H,Lai_500m,0.1000,0.1000,0.1000,0.0000,0.1000,0.0000,0.0000,1,1,100.00
A2013353,2013-12-19,MCD15A3H,Lai_500m,0.3000,0.3000,0.3000,0.0000,0.3000,0.0000,0.0000,1,1,100.00
A2013357,2013-12-23,MCD15A3H,Lai_500m,0.3000,0.3000,0.3000,0.0000,0.3000,0.0000,0.0000,1,1,100.00
A2013361,2013-12-27,MCD15A3H,Lai_500m,0.5000,0.5000,0.5000,0.0000,0.5000,0.0000,0.0000,1,1,100.00
A2013365,2013-12-31,MCD15A3H,Lai_500m,0.4000,0.4000,0.4000,0.0000,0.4000,0.0000,0.0000,1,1,100.00
A2014001,2014-01-01,MCD15A3H,Lai_500m,0.4000,0.4000,0.4000,0.0000,0.4000,0.0000,0.0000,1,1,100.00
A2014005,2014-01-05,MCD15A3H,Lai_500m,0.4000,0.4000,0.4000,0.0000,0.4000,0.0000,0.0000,1,1,100.00
A2014009,2014-01-09,MCD15A3H,Lai_500m,0.4000,0.4000,0.4000,0.0000,0.4000,0.0000,0.0000,1,1,100.00
A2014013,2014-01-13,MCD15A3H,Lai_500m,0.5000,0.5000,0.5000,0.0000,0.5000,0.0000,0.0000,1,1,100.00
A2014017,2014-01-17,MCD15A3H,Lai_500m,0.5000,0.5000,0.5000,0.0000,0.5000,0.0000,0.0000,1,1,100.00
A2014021,2014-01-21,MCD15A3H,Lai_500m,0.5000,0.5000,0.5000,0.0000,0.5000,0.0000,0.0000,1,1,100.00
A2014025,2014-01-25,MCD15A3H,Lai_500m,0.4000,0.4000,0.4000,0.0000,0.4000,0.0000,0.0000,1,1,100.00
A2014029,2014-01-29,MCD15A3H,Lai_500m,0.3000,0.3000,0.3000,0.0000,0.3000,0.0000,0.0000,1,1,100.00
A2014033,2014-02-02,MCD15A3H,Lai_500m,0.3000,0.3000,0.3000,0.0000,0.3000,0.0000,0.0000,1,1,100.00
A2014037,2014-02-06,MCD15A3H,Lai_500m,,,,,,,,1,0,0.00
A2014041,2014-02-10,MCD15A3H,Lai_500m,0.7000,0.7000,0.7000,0.0000,0.7000,0.0000,0.0000,1,1,100.00
A2014045,2014-02-14,MCD15A3H,Lai_500m,1.0000,1.0000,1.0000,0.0000,1.0000,0.0000,0.0000,1,1,100.00
A2014049,2014-02-18,MCD15A3H,Lai_500m,1.1000,1.1000,1.1000,0.0000,1.1000,0.0000,0.0000,1,1,100.00
A2014053,2014-02-22,MCD15A3H,Lai_500m,1.0000,1.0000,1.0000,0.0000,1.0000,0.0000,0.0000,1,1,100.00
A2014057,2014-02-26,MCD15A3H,Lai_500m,,,,,,,,1,0,0.00
A2014061,2014-03-02,MCD15A3H,Lai_500m,1.4000,1.4000,1.4000,0.0000,1.4000,0.0000,0.0000,1,1,100.00
A2014065,2014-03-06,MCD15A3H,Lai_500m,0.7000,0.7000,0.7000,0.0000,0.7000,0.0000,0.0000,1,1,100.00
A2014069,2014-03-10,MCD15A3H,Lai_500m,1.4000,1.4000,1.4000,0.0000,1.4000,0.0000,0.0000,1,1,100.00
A2014073,2014-03-14,MCD15A3H,Lai_500m,1.9000,1.9000,1.9000,0.0000,1.9000,0.0000,0.0000,1,1,100.00
A2014077,2014-03-18,MCD15A3H,Lai_500m,1.6000,1.6000,1.6000,0.0000,1.6000,0.0000,0.0000,1,1,100.00
A2014081,2014-03-22,MCD15A3H,Lai_500m,2.3000,2.3000,2.3000,0.0000,2.3000,0.0000,0.0000,1,1,100.00
A2014085,2014-03-26,MCD15A3H,Lai_500m,3.0000,3.0000,3.0000,0.0000,3.0000,0.0000,0.0000,1,1,100.00
A2014089,2014-03-30,MCD15A3H,Lai_500m,1.4000,1.4000,1.4000,0.0000,1.4000,0.0000,0.0000,1,1,100.00
A2014093,2014-04-03,MCD15A3H,Lai_500m,1.4000,1.4000,1.4000,0.0000,1.4000,0.0000,0.0000,1,1,100.00
A2014097,2014-04-07,MCD15A3H,Lai_500m,1.4000,1.4000,1.4000,0.0000,1.4000,0.0000,0.0000,1,1,100.00
A2014101,2014-04-11,MCD15A3H,Lai_500m,1.9000,1.9000,1.9000,0.0000,1.9000,0.0000,0.0000,1,1,100.00
A2014105,2014-04-15,MCD15A3H,Lai_500m,,,,,,,,1,0,0.00
A2014109,2014-04-19,MCD15A3H,Lai_500m,,,,,,,,1,0,0.00
A2014113,2014-04-23,MCD15A3H,Lai_500m,3.6000,3.6000,3.6000,0.0000,3.6000,0.0000,0.0000,1,1,100.00
A2014117,2014-04-27,MCD15A3H,Lai_500m,2.8000,2.8000,2.8000,0.0000,2.8000,0.0000,0.0000,1,1,100.00
A2014121,2014-05-01,MCD15A3H,Lai_500m,2.2000,2.2000,2.2000,0.0000,2.2000,0.0000,0.0000,1,1,100.00
A2014125,2014-05-05,MCD15A3H,Lai_500m,2.0000,2.0000,2.0000,0.0000,2.0000,0.0000,0.0000,1,1,100.00
A2014129,2014-05-09,MCD15A3H,Lai_500m,1.8000,1.8000,1.8000,0.0000,1.8000,0.0000,0.0000,1,1,100.00
A2014133,2014-05-13,MCD15A3H,Lai_500m,1.6000,1.6000,1.6000,0.0000,1.6000,0.0000,0.0000,1,1,100.00
A2014137,2014-05-17,MCD15A3H,Lai_500m,1.7000,1.7000,1.7000,0.0000,1.7000,0.0000,0.0000,1,1,100.00
A2014141,2014-05-21,MCD15A3H,Lai_500m,1.3000,1.3000,1.3000,0.0000,1.3000,0.0000,0.0000,1,1,100.00
A2014145,2014-05-25,MCD15A3H,Lai_500m,0.9000,0.9000,0.9000,0.0000,0.9000,0.0000,0.0000,1,1,100.00
A2014149,2014-05-29,MCD15A3H,Lai_500m,0.6000,0.6000,0.6000,0.0000,0.6000,0.0000,0.0000,1,1,100.00
A2014153,2014-06-02,MCD15A3H,Lai_500m,,,,,,,,1,0,0.00
A2014157,2014-06-06,MCD15A3H,Lai_500m,0.5000,0.5000,0.5000,0.0000,0.5000,0.0000,0.0000,1,1,100.00
A2014161,2014-06-10,MCD15A3H,Lai_500m,0.7000,0.7000,0.7000,0.0000,0.7000,0.0000,0.0000,1,1,100.00
A2014165,2014-06-14,MCD15A3H,Lai_500m,0.6000,0.6000,0.6000,0.0000,0.6000,0.0000,0.0000,1,1,100.00
A2014169,2014-06-18,MCD15A3H,Lai_500m,0.2000,0.2000,0.2000,0.0000,0.2000,0.0000,0.0000,1,1,100.00
A2014173,2014-06-22,MCD15A3H,Lai_500m,0.1000,0.1000,0.1000,0.0000,0.1000,0.0000,0.0000,1,1,100.00
A2014177,2014-06-26,MCD15A3H,Lai_500m,0.8000,0.8000,0.8000,0.0000,0.8000,0.0000,0.0000,1,1,100.00
A2014181,2014-06-30,MCD15A3H,Lai_500m,0.3000,0.3000,0.3000,0.0000,0.3000,0.0000,0.0000,1,1,100.00
A2014185,2014-07-04,MCD15A3H,Lai_500m,,,,,,,,1,0,0.00
A2014189,2014-07-08,MCD15A3H,Lai_500m,0.9000,0.9000,0.9000,0.0000,0.9000,0.0000,0.0000,1,1,100.00
A2014193,2014-07-12,MCD15A3H,Lai_500m,0.8000,0.8000,0.8000,0.0000,0.8000,0.0000,0.0000,1,1,100.00
A2014197,2014-07-16,MCD15A3H,Lai_500m,1.6000,1.6000,1.6000,0.0000,1.6000,0.0000,0.0000,1,1,100.00
A2014201,2014-07-20,MCD15A3H,Lai_500m,1.9000,1.9000,1.9000,0.0000,1.9000,0.0000,0.0000,1,1,100.00
A2014205,2014-07-24,MCD15A3H,Lai_500m,1.7000,1.7000,1.7000,0.0000,1.7000,0.0000,0.0000,1,1,100.00
A2014209,2014-07-28,MCD15A3H,Lai_500m,2.6000,2.6000,2.6000,0.0000,2.6000,0.0000,0.0000,1,1,100.00
A2014213,2014-08-01,MCD15A3H,Lai_500m,2.9000,2.9000,2.9000,0.0000,2.9000,0.0000,0.0000,1,1,100.00
A2014217,2014-08-05,MCD15A3H,Lai_500m,3.0000,3.0000,3.0000,0.0000,3.0000,0.0000,0.0000,1,1,100.00
A2014221,2014-08-09,MCD15A3H,Lai_500m,,,,,,,,1,0,0.00
A2014225,2014-08-13,MCD15A3H,Lai_500m,1.3000,1.3000,1.3000,0.0000,1.3000,0.0000,0.0000,1,1,100.00
A2014229,2014-08-17,MCD15A3H,Lai_500m,,,,,,,,1,0,0.00
A2014233,2014-08-21,MCD15A3H,Lai_500m,,,,,,,,1,0,0.00
A2014237,2014-08-25,MCD15A3H,Lai_500m,,,,,,,,1,0,0.00
A2014241,2014-08-29,MCD15A3H,Lai_500m,1.7000,1.7000,1.7000,0.0000,1.7000,0.0000,0.0000,1,1,100.00
A2014245,2014-09-02,MCD15A3H,Lai_500m,,,,,,,,1,0,0.00
A2014249,2014-09-06,MCD15A3H,Lai_500m,1.1000,1.1000,1.1000,0.0000,1.1000,0.0000,0.0000,1,1,100.00
A2014253,2014-09-10,MCD15A3H,Lai_500m,,,,,,,,1,0,0.00
A2014257,2014-09-14,MCD15A3H,Lai_500m,0.4000,0.4000,0.4000,0.0000,0.4000,0.0000,0.0000,1,1,100.00
A2014261,2014-09-18,MCD15A3H,Lai_500m,0.5000,0.5000,0.5000,0.0000,0.5000,0.0000,0.0000,1,1,100.00
A2014265,2014-09-22,MCD15A3H,Lai_500m,,,,,,,,1,0,0.00
A2014269,2014-09-26,MCD15A3H,Lai_500m,1.3000,1.3000,1.3000,0.0000,1.3000,0.0000,0.0000,1,1,100.00
A2014273,2014-09-30,MCD15A3H,Lai_500m,1.4000,1.4000,1.4000,0.0000,1.4000,0.0000,0.0000,1,1,100.00
A2014277,2014-10-04,MCD15A3H,Lai_500m,1.4000,1.4000,1.4000,0.0000,1.4000,0.0000,0.0000,1,1,100.00
A2014281,2014-10-08,MCD15A3H,Lai_500m,1.2000,1.2000,1.2000,0.0000,1.2000,0.0000,0.0000,1,1,100.00
A2014285,2014-10-12,MCD15A3H,Lai_500m,1.2000,1.2000,1.2000,0.0000,1.2000,0.0000,0.0000,1,1,100.00
A2014289,2014-10-16,MCD15A3H,Lai_500m,1.1000,1.1000,1.1000,0.0000,1.1000,0.0000,0.0000,1,1,100.00
A2014293,2014-10-20,MCD15A3H,Lai_500m,0.8000,0.8000,0.8000,0.0000,0.8000,0.0000,0.0000,1,1,100.00
A2014297,2014-10-24,MCD15A3H,Lai_500m,1.0000,1.0000,1.0000,0.0000,1.0000,0.0000,0.0000,1,1,100.00
A2014301,2014-10-28,MCD15A3H,Lai_500m,0.3000,0.3000,0.3000,0.0000,0.3000,0.0000,0.0000,1,1,100.00
A2014305,2014-11-01,MCD15A3H,Lai_500m,1.0000,1.0000,1.0000,0.0000,1.0000,0.0000,0.0000,1,1,100.00
A2014309,2014-11-05,MCD15A3H,Lai_500m,0.7000,0.7000,0.7000,0.0000,0.7000,0.0000,0.0000,1,1,100.00
A2014313,2014-11-09,MCD15A3H,Lai_500m,0.7000,0.7000,0.7000,0.0000,0.7000,0.0000,0.0000,1,1,100.00
A2014317,2014-11-13,MCD15A3H,Lai_500m,0.6000,0.6000,0.6000,0.0000,0.6000,0.0000,0.0000,1,1,100.00
A2014321,2014-11-17,MCD15A3H,Lai_500m,0.5000,0.5000,0.5000,0.0000,0.5000,0.0000,0.0000,1,1,100.00
A2014325,2014-11-21,MCD15A3H,Lai_500m,0.5000,0.5000,0.5000,0.0000,0.5000,0.0000,0.0000,1,1,100.00
A2014329,2014-11-25,MCD15A3H,Lai_500m,0.5000,0.5000,0.5000,0.0000,0.5000,0.0000,0.0000,1,1,100.00
A2014333,2014-11-29,MCD15A3H,Lai_500m,0.7000,0.7000,0.7000,0.0000,0.7000,0.0000,0.0000,1,1,100.00
A2014337,2014-12-03,MCD15A3H,Lai_500m,0.6000,0.6000,0.6000,0.0000,0.6000,0.0000,0.0000,1,1,100.00
A2014341,2014-12-07,MCD15A3H,Lai_500m,0.5000,0.5000,0.5000,0.0000,0.5000,0.0000,0.0000,1,1,100.00
A2014345,2014-12-11,MCD15A3H,Lai_500m,0.6000,0.6000,0.6000,0.0000,0.6000,0.0000,0.0000,1,1,100.00
A2014349,2014-12-15,MCD15A3H,Lai_500m,0.6000,0.6000,0.6000,0.0000,0.6000,0.0000,0.0000,1,1,100.00
A2014353,2014-12-19,MCD15A3H,Lai_500m,0.6000,0.6000,0.6000,0.0000,0.6000,0.0000,0.0000,1,1,100.00
A2014357,2014-12-23,MCD15A3H,Lai_500m,0.6000,0.6000,0.6000,0.0000,0.6000,0.0000,0.0000,1,1,100.00
A2014361,2014-12-27,MCD15A3H,Lai_500m,0.5000,0.5000,0.5000,0.0000,0.5000,0.0000,0.0000,1,1,100.00
A2014365,2014-12-31,MCD15A3H,Lai_500m,0.5000,0.5000,0.5000,0.0000,0.5000,0.0000,0.0000,1,1,100.00
A2015001,2015-01-01,MCD15A3H,Lai_500m,0.5000,0.5000,0.5000,0.0000,0.5000,0.0000,0.0000,1,1,100.00
A2015005,2015-01-05,MCD15A3H,Lai_500m,0.5000,0.5000,0.5000,0.0000,0.5000,0.0000,0.0000,1,1,100.00
A2015009,2015-01-09,MCD15A3H,Lai_500m,0.5000,0.5000,0.5000,0.0000,0.5000,0.0000,0.0000,1,1,100.00
A2015013,2015-01-13,MCD15A3H,Lai_500m,0.5000,0.5000,0.5000,0.0000,0.5000,0.0000,0.0000,1,1,100.00
A2015017,2015-01-17,MCD15A3H,Lai_500m,0.7000,0.7000,0.7000,0.0000,0.7000,0.0000,0.0000,1,1,100.00
A2015021,2015-01-21,MCD15A3H,Lai_500m,0.4000,0.4000,0.4000,0.0000,0.4000,0.0000,0.0000,1,1,100.00
A2015025,2015-01-25,MCD15A3H,Lai_500m,,,,,,,,1,0,0.00
A2015029,2015-01-29,MCD15A3H,Lai_500m,0.7000,0.7000,0.7000,0.0000,0.7000,0.0000,0.0000,1,1,100.00
A2015033,2015-02-02,MCD15A3H,Lai_500m,0.7000,0.7000,0.7000,0.0000,0.7000,0.0000,0.0000,1,1,100.00
A2015037,2015-02-06,MCD15A3H,Lai_500m,0.7000,0.7000,0.7000,0.0000,0.7000,0.0000,0.0000,1,1,100.00
A2015041,2015-02-10,MCD15A3H,Lai_500m,0.6000,0.6000,0.6000,0.0000,0.6000,0.0000,0.0000,1,1,100.00
A2015045,2015-02-14,MCD15A3H,Lai_500m,0.8000,0.8000,0.8000,0.0000,0.8000,0.0000,0.0000,1,1,100.00
A2015049,2015-02-18,MCD15A3H,Lai_500m,0.9000,0.9000,0.9000,0.0000,0.9000,0.0000,0.0000,1,1,100.00
A2015053,2015-02-22,MCD15A3H,Lai_500m,0.9000,0.9000,0.9000,0.0000,0.9000,0.0000,0.0000,1,1,100.00
A2015057,2015-02-26,MCD15A3H,Lai_500m,0.7000,0.7000,0.7000,0.0000,0.7000,0.0000,0.0000,1,1,100.00
A2015061,2015-03-02,MCD15A3H,Lai_500m,1.1000,1.1000,1.1000,0.0000,1.1000,0.0000,0.0000,1,1,100.00
A2015065,2015-03-06,MCD15A3H,Lai_500m,0.7000,0.7000,0.7000,0.0000,0.7000,0.0000,0.0000,1,1,100.00
A2015069,2015-03-10,MCD15A3H,Lai_500m,1.3000,1.3000,1.3000,0.0000,1.3000,0.0000,0.0000,1,1,100.00
A2015073,2015-03-14,MCD15A3H,Lai_500m,,,,,,,,1,0,0.00
A2015077,2015-03-18,MCD15A3H,Lai_500m,1.6000,1.6000,1.6000,0.0000,1.6000,0.0000,0.0000,1,1,100.00
A2015081,2015-03-22,MCD15A3H,Lai_500m,1.3000,1.3000,1.3000,0.0000,1.3000,0.0000,0.0000,1,1,100.00
A2015085,2015-03-26,MCD15A3H,Lai_500m,1.8000,1.8000,1.8000,0.0000,1.8000,0.0000,0.0000,1,1,100.00
A2015089,2015-03-30,MCD15A3H,Lai_500m,,,,,,,,1,0,0.00
A2015093,2015-04-03,MCD15A3H,Lai_500m,,,,,,,,1,0,0.00
A2015097,2015-04-07,MCD15A3H,Lai_500m,1.8000,1.8000,1.8000,0.0000,1.8000,0.0000,0.0000,1,1,100.00
A2015101,2015-04-11,MCD15A3H,Lai_500m,1.9000,1.9000,1.9000,0.0000,1.9000,0.0000,0.0000,1,1,100.00
A2015105,2015-04-15,MCD15A3H,Lai_500m,0.7000,0.7000,0.7000,0.0000,0.7000,0.0000,0.0000,1,1,100.00
A2015109,2015-04-19,MCD15A3H,Lai_500m,2.0000,2.0000,2.0000,0.0000,2.0000,0.0000,0.0000,1,1,100.00
A2015113,2015-04-23,MCD15A3H,Lai_500m,1.7000,1.7000,1.7000,0.0000,1.7000,0.0000,0.0000,1,1,100.00
A2015117,2015-04-27,MCD15A3H,Lai_500m,0.2000,0.2000,0.2000,0.0000,0.2000,0.0000,0.0000,1,1,100.00
A2015121,2015-05-01,MCD15A3H,Lai_500m,2.5000,2.5000,2.5000,0.0000,2.5000,0.0000,0.0000,1,1,100.00
A2015125,2015-05-05,MCD15A3H,Lai_500m,1.9000,1.9000,1.9000,0.0000,1.9000,0.0000,0.0000,1,1,100.00
A2015129,2015-05-09,MCD15A3H,Lai_500m,1.3000,1.3000,1.3000,0.0000,1.3000,0.0000,0.0000,1,1,100.00
A2015133,2015-05-13,MCD15A3H,Lai_500m,1.2000,1.2000,1.2000,0.0000,1.2000,0.0000,0.0000,1,1,100.00
A2015137,2015-05-17,MCD15A3H,Lai_500m,1.0000,1.0000,1.0000,0.0000,1.0000,0.0000,0.0000,1,1,100.00
A2015141,2015-05-21,MCD15A3H,Lai_500m,1.1000,1.1000,1.1000,0.0000,1.1000,0.0000,0.0000,1,1,100.00
A2015145,2015-05-25,MCD15A3H,Lai_500m,1.0000,1.0000,1.0000,0.0000,1.0000,0.0000,0.0000,1,1,100.00
A2015149,2015-05-29,MCD15A3H,Lai_500m,0.7000,0.7000,0.7000,0.0000,0.7000,0.0000,0.0000,1,1,100.00
A2015153,2015-06-02,MCD15A3H,Lai_500m,0.6000,0.6000,0.6000,0.0000,0.6000,0.0000,0.0000,1,1,100.00
A2015157,2015-06-06,MCD15A3H,Lai_500m,0.6000,0.6000,0.6000,0.0000,0.6000,0.0000,0.0000,1,1,100.00
A2015161,2015-06-10,MCD15A3H,Lai_500m,0.6000,0.6000,0.6000,0.0000,0.6000,0.0000,0.0000,1,1,100.00
A2015165,2015-06-14,MCD15A3H,Lai_500m,0.7000,0.7000,0.7000,0.0000,0.7000,0.0000,0.0000,1,1,100.00
A2015169,2015-06-18,MCD15A3H,Lai_500m,0.9000,0.9000,0.9000,0.0000,0.9000,0.0000,0.0000,1,1,100.00
A2015173,2015-06-22,MCD15A3H,Lai_500m,,,,,,,,1,0,0.00
A2015177,2015-06-26,MCD15A3H,Lai_500m,,,,,,,,1,0,0.00
A2015181,2015-06-30,MCD15A3H,Lai_500m,0.3000,0.3000,0.3000,0.0000,0.3000,0.0000,0.0000,1,1,100.00
A2015185,2015-07-04,MCD15A3H,Lai_500m,1.1000,1.1000,1.1000,0.0000,1.1000,0.0000,0.0000,1,1,100.00
A2015189,2015-07-08,MCD15A3H,Lai_500m,1.1000,1.1000,1.1000,0.0000,1.1000,0.0000,0.0000,1,1,100.00
A2015193,2015-07-12,MCD15A3H,Lai_500m,1.4000,1.4000,1.4000,0.0000,1.4000,0.0000,0.0000,1,1,100.00
A2015197,2015-07-16,MCD15A3H,Lai_500m,,,,,,,,1,0,0.00
A2015201,2015-07-20,MCD15A3H,Lai_500m,,,,,,,,1,0,0.00
A2015205,2015-07-24,MCD15A3H,Lai_500m,1.9000,1.9000,1.9000,0.0000,1.9000,0.0000,0.0000,1,1,100.00
A2015209,2015-07-28,MCD15A3H,Lai_500m,2.1000,2.1000,2.1000,0.0000,2.1000,0.0000,0.0000,1,1,100.00
A2015213,2015-08-01,MCD15A3H,Lai_500m,2.4000,2.4000,2.4000,0.0000,2.4000,0.0000,0.0000,1,1,100.00
A2015217,2015-08-05,MCD15A3H,Lai_500m,2.2000,2.2000,2.2000,0.0000,2.2000,0.0000,0.0000,1,1,100.00
A2015221,2015-08-09,MCD15A3H,Lai_500m,0.6000,0.6000,0.6000,0.0000,0.6000,0.0000,0.0000,1,1,100.00
A2015225,2015-08-13,MCD15A3H,Lai_500m,2.0000,2.0000,2.0000,0.0000,2.0000,0.0000,0.0000,1,1,100.00
A2015229,2015-08-17,MCD15A3H,Lai_500m,2.1000,2.1000,2.1000,0.0000,2.1000,0.0000,0.0000,1,1,100.00
A2015233,2015-08-21,MCD15A3H,Lai_500m,0.3000,0.3000,0.3000,0.0000,0.3000,0.0000,0.0000,1,1,100.00
A2015237,2015-08-25,MCD15A3H,Lai_500m,2.6000,2.6000,2.6000,0.0000,2.6000,0.0000,0.0000,1,1,100.00
A2015241,2015-08-29,MCD15A3H,Lai_500m,2.4000,2.4000,2.4000,0.0000,2.4000,0.0000,0.0000,1,1,100.00
A2015245,2015-09-02,MCD15A3H,Lai_500m,1.5000,1.5000,1.5000,0.0000,1.5000,0.0000,0.0000,1,1,100.00
A2015249,2015-09-06,MCD15A3H,Lai_500m,1.5000,1.5000,1.5000,0.0000,1.5000,0.0000,0.0000,1,1,100.00
A2015253,2015-09-10,MCD15A3H,Lai_500m,,,,,,,,1,0,0.00
A2015257,2015-09-14,MCD15A3H,Lai_500m,,,,,,,,1,0,0.00
A2015261,2015-09-18,MCD15A3H,Lai_500m,2.1000,2.1000,2.1000,0.0000,2.1000,0.0000,0.0000,1,1,100.00
A2015265,2015-09-22,MCD15A3H,Lai_500m,0.7000,0.7000,0.7000,0.0000,0.7000,0.0000,0.0000,1,1,100.00
A2015269,2015-09-26,MCD15A3H,Lai_500m,1.6000,1.6000,1.6000,0.0000,1.6000,0.0000,0.0000,1,1,100.00
A2015273,2015-09-30,MCD15A3H,Lai_500m,1.2000,1.2000,1.2000,0.0000,1.2000,0.0000,0.0000,1,1,100.00
A2015277,2015-10-04,MCD15A3H,Lai_500m,1.5000,1.5000,1.5000,0.0000,1.5000,0.0000,0.0000,1,1,100.00
A2015281,2015-10-08,MCD15A3H,Lai_500m,1.2000,1.2000,1.2000,0.0000,1.2000,0.0000,0.0000,1,1,100.00
A2015285,2015-10-12,MCD15A3H,Lai_500m,1.3000,1.3000,1.3000,0.0000,1.3000,0.0000,0.0000,1,1,100.00
A2015289,2015-10-16,MCD15A3H,Lai_500m,1.0000,1.0000,1.0000,0.0000,1.0000,0.0000,0.0000,1,1,100.00
A2015293,2015-10-20,MCD15A3H,Lai_500m,1.4000,1.4000,1.4000,0.0000,1.4000,0.0000,0.0000,1,1,100.00
A2015297,2015-10-24,MCD15A3H,Lai_500m,1.0000,1.0000,1.0000,0.0000,1.0000,0.0000,0.0000,1,1,100.00
A2015301,2015-10-28,MCD15A3H,Lai_500m,0.9000,0.9000,0.9000,0.0000,0.9000,0.0000,0.0000,1,1,100.00
A2015305,2015-11-01,MCD15A3H,Lai_500m,0.5000,0.5000,0.5000,0.0000,0.5000,0.0000,0.0000,1,1,100.00
A2015309,2015-11-05,MCD15A3H,Lai_500m,,,,,,,,1,0,0.00
A2015313,2015-11-09,MCD15A3H,Lai_500m,0.5000,0.5000,0.5000,0.0000,0.5000,0.0000,0.0000,1,1,100.00
A2015317,2015-11-13,MCD15A3H,Lai_500m,0.7000,0.7000,0.7000,0.0000,0.7000,0.0000,0.0000,1,1,100.00
A2015321,2015-11-17,MCD15A3H,Lai_500m,,,,,,,,1,0,0.00
A2015325,2015-11-21,MCD15A3H,Lai_500m,,,,,,,,1,0,0.00
A2015329,2015-11-25,MCD15A3H,Lai_500m,0.5000,0.5000,0.5000,0.0000,0.5000,0.0000,0.0000,1,1,100.00
A2015333,2015-11-29,MCD15A3H,Lai_500m,0.4000,0.4000,0.4000,0.0000,0.4000,0.0000,0.0000,1,1,100.00
A2015337,2015-12-03,MCD15A3H,Lai_500m,0.4000,0.4000,0.4000,0.0000,0.4000,0.0000,0.0000,1,1,100.00
A2015341,2015-12-07,MCD15A3H,Lai_500m,0.4000,0.4000,0.4000,0.0000,0.4000,0.0000,0.0000,1,1,100.00
A2015345,2015-12-11,MCD15A3H,Lai_500m,0.5000,0.5000,0.5000,0.0000,0.5000,0.0000,0.0000,1,1,100.00
A2015349,2015-12-15,MCD15A3H,Lai_500m,0.4000,0.4000,0.4000,0.0000,0.4000,0.0000,0.0000,1,1,100.00
A2015353,2015-12-19,MCD15A3H,Lai_500m,0.6000,0.6000,0.6000,0.0000,0.6000,0.0000,0.0000,1,1,100.00
A2015357,2015-12-23,MCD15A3H,Lai_500m,0.4000,0.4000,0.4000,0.0000,0.4000,0.0000,0.0000,1,1,100.00
A2015361,2015-12-27,MCD15A3H,Lai_500m,0.4000,0.4000,0.4000,0.0000,0.4000,0.0000,0.0000,1,1,100.00
A2015365,2015-12-31,MCD15A3H,Lai_500m,0.4000,0.4000,0.4000,0.0000,0.4000,0.0000,0.0000,1,1,100.00
A2016001,2016-01-01,MCD15A3H,Lai_500m,0.4000,0.4000,0.4000,0.0000,0.4000,0.0000,0.0000,1,1,100.00
A2016005,2016-01-05,MCD15A3H,Lai_500m,0.6000,0.6000,0.6000,0.0000,0.6000,0.0000,0.0000,1,1,100.00
A2016009,2016-01-09,MCD15A3H,Lai_500m,0.1000,0.1000,0.1000,0.0000,0.1000,0.0000,0.0000,1,1,100.00
A2016013,2016-01-13,MCD15A3H,Lai_500m,0.6000,0.6000,0.6000,0.0000,0.6000,0.0000,0.0000,1,1,100.00
A2016017,2016-01-17,MCD15A3H,Lai_500m,0.5000,0.5000,0.5000,0.0000,0.5000,0.0000,0.0000,1,1,100.00
A2016021,2016-01-21,MCD15A3H,Lai_500m,0.5000,0.5000,0.5000,0.0000,0.5000,0.0000,0.0000,1,1,100.00
A2016025,2016-01-25,MCD15A3H,Lai_500m,0.5000,0.5000,0.5000,0.0000,0.5000,0.0000,0.0000,1,1,100.00
A2016029,2016-01-29,MCD15A3H,Lai_500m,0.1000,0.1000,0.1000,0.0000,0.1000,0.0000,0.0000,1,1,100.00
A2016033,2016-02-02,MCD15A3H,Lai_500m,0.6000,0.6000,0.6000,0.0000,0.6000,0.0000,0.0000,1,1,100.00
A2016037,2016-02-06,MCD15A3H,Lai_500m,0.7000,0.7000,0.7000,0.0000,0.7000,0.0000,0.0000,1,1,100.00
A2016041,2016-02-10,MCD15A3H,Lai_500m,0.3000,0.3000,0.3000,0.0000,0.3000,0.0000,0.0000,1,1,100.00
A2016045,2016-02-14,MCD15A3H,Lai_500m,0.7000,0.7000,0.7000,0.0000,0.7000,0.0000,0.0000,1,1,100.00
A2016049,2016-02-18,MCD15A3H,Lai_500m,0.7000,0.7000,0.7000,0.0000,0.7000,0.0000,0.0000,1,1,100.00
A2016057,2016-02-26,MCD15A3H,Lai_500m,1.0000,1.0000,1.0000,0.0000,1.0000,0.0000,0.0000,1,1,100.00
A2016061,2016-03-01,MCD15A3H,Lai_500m,0.7000,0.7000,0.7000,0.0000,0.7000,0.0000,0.0000,1,1,100.00
A2016065,2016-03-05,MCD15A3H,Lai_500m,0.6000,0.6000,0.6000,0.0000,0.6000,0.0000,0.0000,1,1,100.00
A2016069,2016-03-09,MCD15A3H,Lai_500m,0.5000,0.5000,0.5000,0.0000,0.5000,0.0000,0.0000,1,1,100.00
A2016073,2016-03-13,MCD15A3H,Lai_500m,1.3000,1.3000,1.3000,0.0000,1.3000,0.0000,0.0000,1,1,100.00
A2016077,2016-03-17,MCD15A3H,Lai_500m,1.1000,1.1000,1.1000,0.0000,1.1000,0.0000,0.0000,1,1,100.00
A2016081,2016-03-21,MCD15A3H,Lai_500m,1.7000,1.7000,1.7000,0.0000,1.7000,0.0000,0.0000,1,1,100.00
A2016085,2016-03-25,MCD15A3H,Lai_500m,2.0000,2.0000,2.0000,0.0000,2.0000,0.0000,0.0000,1,1,100.00
A2016089,2016-03-29,MCD15A3H,Lai_500m,1.7000,1.7000,1.7000,0.0000,1.7000,0.0000,0.0000,1,1,100.00
A2016093,2016-04-02,MCD15A3H,Lai_500m,,,,,,,,1,0,0.00
A2016097,2016-04-06,MCD15A3H,Lai_500m,1.4000,1.4000,1.4000,0.0000,1.4000,0.0000,0.0000,1,1,100.00
A2016101,2016-04-10,MCD15A3H,Lai_500m,1.5000,1.5000,1.5000,0.0000,1.5000,0.0000,0.0000,1,1,100.00
A2016105,2016-04-14,MCD15A3H,Lai_500m,0.8000,0.8000,0.8000,0.0000,0.8000,0.0000,0.0000,1,1,100.00
A2016109,2016-04-18,MCD15A3H,Lai_500m,2.0000,2.0000,2.0000,0.0000,2.0000,0.0000,0.0000,1,1,100.00
A2016113,2016-04-22,MCD15A3H,Lai_500m,1.1000,1.1000,1.1000,0.0000,1.1000,0.0000,0.0000,1,1,100.00
A2016117,2016-04-26,MCD15A3H,Lai_500m,2.0000,2.0000,2.0000,0.0000,2.0000,0.0000,0.0000,1,1,100.00
A2016121,2016-04-30,MCD15A3H,Lai_500m,1.9000,1.9000,1.9000,0.0000,1.9000,0.0000,0.0000,1,1,100.00
A2016125,2016-05-04,MCD15A3H,Lai_500m,1.7000,1.7000,1.7000,0.0000,1.7000,0.0000,0.0000,1,1,100.00
A2016129,2016-05-08,MCD15A3H,Lai_500m,1.6000,1.6000,1.6000,0.0000,1.6000,0.0000,0.0000,1,1,100.00
A2016133,2016-05-12,MCD15A3H,Lai_500m,1.5000,1.5000,1.5000,0.0000,1.5000,0.0000,0.0000,1,1,100.00
A2016137,2016-05-16,MCD15A3H,Lai_500m,1.4000,1.4000,1.4000,0.0000,1.4000,0.0000,0.0000,1,1,100.00
A2016141,2016-05-20,MCD15A3H,Lai_500m,,,,,,,,1,0,0.00
A2016145,2016-05-24,MCD15A3H,Lai_500m,0.5000,0.5000,0.5000,0.0000,0.5000,0.0000,0.0000,1,1,100.00
A2016149,2016-05-28,MCD15A3H,Lai_500m,,,,,,,,1,0,0.00
A2016153,2016-06-01,MCD15A3H,Lai_500m,0.5000,0.5000,0.5000,0.0000,0.5000,0.0000,0.0000,1,1,100.00
A2016157,2016-06-05,MCD15A3H,Lai_500m,0.3000,0.3000,0.3000,0.0000,0.3000,0.0000,0.0000,1,1,100.00
A2016161,2016-06-09,MCD15A3H,Lai_500m,0.6000,0.6000,0.6000,0.0000,0.6000,0.0000,0.0000,1,1,100.00
A2016165,2016-06-13,MCD15A3H,Lai_500m,0.9000,0.9000,0.9000,0.0000,0.9000,0.0000,0.0000,1,1,100.00
A2016169,2016-06-17,MCD15A3H,Lai_500m,0.7000,0.7000,0.7000,0.0000,0.7000,0.0000,0.0000,1,1,100.00
A2016173,2016-06-21,MCD15A3H,Lai_500m,1.0000,1.0000,1.0000,0.0000,1.0000,0.0000,0.0000,1,1,100.00
A2016177,2016-06-25,MCD15A3H,Lai_500m,1.1000,1.1000,1.1000,0.0000,1.1000,0.0000,0.0000,1,1,100.00
A2016181,2016-06-29,MCD15A3H,Lai_500m,0.7000,0.7000,0.7000,0.0000,0.7000,0.0000,0.0000,1,1,100.00
A2016185,2016-07-03,MCD15A3H,Lai_500m,,,,,,,,1,0,0.00
A2016189,2016-07-07,MCD15A3H,Lai_500m,0.7000,0.7000,0.7000,0.0000,0.7000,0.0000,0.0000,1,1,100.00
A2016193,2016-07-11,MCD15A3H,Lai_500m,,,,,,,,1,0,0.00
A2016197,2016-07-15,MCD15A3H,Lai_500m,1.3000,1.3000,1.3000,0.0000,1.3000,0.0000,0.0000,1,1,100.00
A2016201,2016-07-19,MCD15A3H,Lai_500m,1.5000,1.5000,1.5000,0.0000,1.5000,0.0000,0.0000,1,1,100.00
A2016205,2016-07-23,MCD15A3H,Lai_500m,1.6000,1.6000,1.6000,0.0000,1.6000,0.0000,0.0000,1,1,100.00
A2016209,2016-07-27,MCD15A3H,Lai_500m,1.7000,1.7000,1.7000,0.0000,1.7000,0.0000,0.0000,1,1,100.00
A2016213,2016-07-31,MCD15A3H,Lai_500m,1.8000,1.8000,1.8000,0.0000,1.8000,0.0000,0.0000,1,1,100.00
A2016217,2016-08-04,MCD15A3H,Lai_500m,2.6000,2.6000,2.6000,0.0000,2.6000,0.0000,0.0000,1,1,100.00
A2016221,2016-08-08,MCD15A3H,Lai_500m,2.6000,2.6000,2.6000,0.0000,2.6000,0.0000,0.0000,1,1,100.00
A2016225,2016-08-12,MCD15A3H,Lai_500m,2.3000,2.3000,2.3000,0.0000,2.3000,0.0000,0.0000,1,1,100.00
A2016229,2016-08-16,MCD15A3H,Lai_500m,2.1000,2.1000,2.1000,0.0000,2.1000,0.0000,0.0000,1,1,100.00
A2016233,2016-08-20,MCD15A3H,Lai_500m,4.2000,4.2000,4.2000,0.0000,4.2000,0.0000,0.0000,1,1,100.00
A2016237,2016-08-24,MCD15A3H,Lai_500m,1.2000,1.2000,1.2000,0.0000,1.2000,0.0000,0.0000,1,1,100.00
A2016241,2016-08-28,MCD15A3H,Lai_500m,1.6000,1.6000,1.6000,0.0000,1.6000,0.0000,0.0000,1,1,100.00
A2016245,2016-09-01,MCD15A3H,Lai_500m,2.2000,2.2000,2.2000,0.0000,2.2000,0.0000,0.0000,1,1,100.00
A2016249,2016-09-05,MCD15A3H,Lai_500m,,,,,,,,1,0,0.00
A2016253,2016-09-09,MCD15A3H,Lai_500m,2.0000,2.0000,2.0000,0.0000,2.0000,0.0000,0.0000,1,1,100.00
A2016257,2016-09-13,MCD15A3H,Lai_500m,2.4000,2.4000,2.4000,0.0000,2.4000,0.0000,0.0000,1,1,100.00
A2016261,2016-09-17,MCD15A3H,Lai_500m,0.3000,0.3000,0.3000,0.0000,0.3000,0.0000,0.0000,1,1,100.00
A2016265,2016-09-21,MCD15A3H,Lai_500m,1.8000,1.8000,1.8000,0.0000,1.8000,0.0000,0.0000,1,1,100.00
A2016269,2016-09-25,MCD15A3H,Lai_500m,0.9000,0.9000,0.9000,0.0000,0.9000,0.0000,0.0000,1,1,100.00
A2016273,2016-09-29,MCD15A3H,Lai_500m,,,,,,,,1,0,0.00
A2016277,2016-10-03,MCD15A3H,Lai_500m,1.3000,1.3000,1.3000,0.0000,1.3000,0.0000,0.0000,1,1,100.00
A2016281,2016-10-07,MCD15A3H,Lai_500m,1.3000,1.3000,1.3000,0.0000,1.3000,0.0000,0.0000,1,1,100.00
A2016285,2016-10-11,MCD15A3H,Lai_500m,,,,,,,,1,0,0.00
A2016289,2016-10-15,MCD15A3H,Lai_500m,,,,,,,,1,0,0.00
A2016293,2016-10-19,MCD15A3H,Lai_500m,,,,,,,,1,0,0.00
A2016297,2016-10-23,MCD15A3H,Lai_500m,,,,,,,,1,0,0.00
A2016301,2016-10-27,MCD15A3H,Lai_500m,,,,,,,,1,0,0.00
A2016305,2016-10-31,MCD15A3H,Lai_500m,0.6000,0.6000,0.6000,0.0000,0.6000,0.0000,0.0000,1,1,100.00
A2016309,2016-11-04,MCD15A3H,Lai_500m,0.6000,0.6000,0.6000,0.0000,0.6000,0.0000,0.0000,1,1,100.00
A2016313,2016-11-08,MCD15A3H,Lai_500m,0.5000,0.5000,0.5000,0.0000,0.5000,0.0000,0.0000,1,1,100.00
A2016317,2016-11-12,MCD15A3H,Lai_500m,0.4000,0.4000,0.4000,0.0000,0.4000,0.0000,0.0000,1,1,100.00
A2016321,2016-11-16,MCD15A3H,Lai_500m,0.3000,0.3000,0.3000,0.0000,0.3000,0.0000,0.0000,1,1,100.00
A2016325,2016-11-20,MCD15A3H,Lai_500m,,,,,,,,1,0,0.00
A2016329,2016-11-24,MCD15A3H,Lai_500m,0.2000,0.2000,0.2000,0.0000,0.2000,0.0000,0.0000,1,1,100.00
A2016333,2016-11-28,MCD15A3H,Lai_500m,0.3000,0.3000,0.3000,0.0000,0.3000,0.0000,0.0000,1,1,100.00
A2016337,2016-12-02,MCD15A3H,Lai_500m,0.4000,0.4000,0.4000,0.0000,0.4000,0.0000,0.0000,1,1,100.00
A2016341,2016-12-06,MCD15A3H,Lai_500m,0.5000,0.5000,0.5000,0.0000,0.5000,0.0000,0.0000,1,1,100.00
A2016345,2016-12-10,MCD15A3H,Lai_500m,0.2000,0.2000,0.2000,0.0000,0.2000,0.0000,0.0000,1,1,100.00
A2016349,2016-12-14,MCD15A3H,Lai_500m,0.4000,0.4000,0.4000,0.0000,0.4000,0.0000,0.0000,1,1,100.00
A2016353,2016-12-18,MCD15A3H,Lai_500m,0.3000,0.3000,0.3000,0.0000,0.3000,0.0000,0.0000,1,1,100.00
A2016357,2016-12-22,MCD15A3H,Lai_500m,,,,,,,,1,0,0.00
A2016361,2016-12-26,MCD15A3H,Lai_500m,0.1000,0.1000,0.1000,0.0000,0.1000,0.0000,0.0000,1,1,100.00
A2016365,2016-12-30,MCD15A3H,Lai_500m,0.6000,0.6000,0.6000,0.0000,0.6000,0.0000,0.0000,1,1,100.00
A2017001,2017-01-01,MCD15A3H,Lai_500m,0.1000,0.1000,0.1000,0.0000,0.1000,0.0000,0.0000,1,1,100.00
A2017005,2017-01-05,MCD15A3H,Lai_500m,,,,,,,,1,0,0.00
A2017009,2017-01-09,MCD15A3H,Lai_500m,0.4000,0.4000,0.4000,0.0000,0.4000,0.0000,0.0000,1,1,100.00
A2017013,2017-01-13,MCD15A3H,Lai_500m,0.3000,0.3000,0.3000,0.0000,0.3000,0.0000,0.0000,1,1,100.00
A2017017,2017-01-17,MCD15A3H,Lai_500m,0.4000,0.4000,0.4000,0.0000,0.4000,0.0000,0.0000,1,1,100.00
A2017021,2017-01-21,MCD15A3H,Lai_500m,0.5000,0.5000,0.5000,0.0000,0.5000,0.0000,0.0000,1,1,100.00
A2017025,2017-01-25,MCD15A3H,Lai_500m,0.4000,0.4000,0.4000,0.0000,0.4000,0.0000,0.0000,1,1,100.00
A2017029,2017-01-29,MCD15A3H,Lai_500m,0.3000,0.3000,0.3000,0.0000,0.3000,0.0000,0.0000,1,1,100.00
A2017033,2017-02-02,MCD15A3H,Lai_500m,0.5000,0.5000,0.5000,0.0000,0.5000,0.0000,0.0000,1,1,100.00
A2017037,2017-02-06,MCD15A3H,Lai_500m,0.7000,0.7000,0.7000,0.0000,0.7000,0.0000,0.0000,1,1,100.00
A2017041,2017-02-10,MCD15A3H,Lai_500m,0.7000,0.7000,0.7000,0.0000,0.7000,0.0000,0.0000,1,1,100.00
A2017045,2017-02-14,MCD15A3H,Lai_500m,0.6000,0.6000,0.6000,0.0000,0.6000,0.0000,0.0000,1,1,100.00
A2017049,2017-02-18,MCD15A3H,Lai_500m,0.7000,0.7000,0.7000,0.0000,0.7000,0.0000,0.0000,1,1,100.00
A2017053,2017-02-22,MCD15A3H,Lai_500m,0.5000,0.5000,0.5000,0.0000,0.5000,0.0000,0.0000,1,1,100.00
A2017057,2017-02-26,MCD15A3H,Lai_500m,1.0000,1.0000,1.0000,0.0000,1.0000,0.0000,0.0000,1,1,100.00
A2017061,2017-03-02,MCD15A3H,Lai_500m,0.9000,0.9000,0.9000,0.0000,0.9000,0.0000,0.0000,1,1,100.00
A2017065,2017-03-06,MCD15A3H,Lai_500m,1.0000,1.0000,1.0000,0.0000,1.0000,0.0000,0.0000,1,1,100.00
A2017069,2017-03-10,MCD15A3H,Lai_500m,1.1000,1.1000,1.1000,0.0000,1.1000,0.0000,0.0000,1,1,100.00
A2017073,2017-03-14,MCD15A3H,Lai_500m,1.2000,1.2000,1.2000,0.0000,1.2000,0.0000,0.0000,1,1,100.00
A2017077,2017-03-18,MCD15A3H,Lai_500m,0.2000,0.2000,0.2000,0.0000,0.2000,0.0000,0.0000,1,1,100.00
A2017081,2017-03-22,MCD15A3H,Lai_500m,0.2000,0.2000,0.2000,0.0000,0.2000,0.0000,0.0000,1,1,100.00
A2017085,2017-03-26,MCD15A3H,Lai_500m,1.6000,1.6000,1.6000,0.0000,1.6000,0.0000,0.0000,1,1,100.00
A2017089,2017-03-30,MCD15A3H,Lai_500m,2.2000,2.2000,2.2000,0.0000,2.2000,0.0000,0.0000,1,1,100.00
A2017093,2017-04-03,MCD15A3H,Lai_500m,,,,,,,,1,0,0.00
A2017097,2017-04-07,MCD15A3H,Lai_500m,1.7000,1.7000,1.7000,0.0000,1.7000,0.0000,0.0000,1,1,100.00
A2017101,2017-04-11,MCD15A3H,Lai_500m,1.6000,1.6000,1.6000,0.0000,1.6000,0.0000,0.0000,1,1,100.00
A2017105,2017-04-15,MCD15A3H,Lai_500m,1.0000,1.0000,1.0000,0.0000,1.0000,0.0000,0.0000,1,1,100.00
A2017109,2017-04-19,MCD15A3H,Lai_500m,2.2000,2.2000,2.2000,0.0000,2.2000,0.0000,0.0000,1,1,100.00
A2017113,2017-04-23,MCD15A3H,Lai_500m,1.9000,1.9000,1.9000,0.0000,1.9000,0.0000,0.0000,1,1,100.00
A2017117,2017-04-27,MCD15A3H,Lai_500m,1.9000,1.9000,1.9000,0.0000,1.9000,0.0000,0.0000,1,1,100.00
A2017121,2017-05-01,MCD15A3H,Lai_500m,1.1000,1.1000,1.1000,0.0000,1.1000,0.0000,0.0000,1,1,100.00
A2017125,2017-05-05,MCD15A3H,Lai_500m,1.4000,1.4000,1.4000,0.0000,1.4000,0.0000,0.0000,1,1,100.00
A2017129,2017-05-09,MCD15A3H,Lai_500m,0.9000,0.9000,0.9000,0.0000,0.9000,0.0000,0.0000,1,1,100.00
A2017133,2017-05-13,MCD15A3H,Lai_500m,1.1000,1.1000,1.1000,0.0000,1.1000,0.0000,0.0000,1,1,100.00
A2017137,2017-05-17,MCD15A3H,Lai_500m,1.2000,1.2000,1.2000,0.0000,1.2000,0.0000,0.0000,1,1,100.00
A2017141,2017-05-21,MCD15A3H,Lai_500m,1.0000,1.0000,1.0000,0.0000,1.0000,0.0000,0.0000,1,1,100.00
A2017145,2017-05-25,MCD15A3H,Lai_500m,0.7000,0.7000,0.7000,0.0000,0.7000,0.0000,0.0000,1,1,100.00
A2017149,2017-05-29,MCD15A3H,Lai_500m,0.6000,0.6000,0.6000,0.0000,0.6000,0.0000,0.0000,1,1,100.00
A2017153,2017-06-02,MCD15A3H,Lai_500m,0.5000,0.5000,0.5000,0.0000,0.5000,0.0000,0.0000,1,1,100.00
A2017157,2017-06-06,MCD15A3H,Lai_500m,0.6000,0.6000,0.6000,0.0000,0.6000,0.0000,0.0000,1,1,100.00
A2017161,2017-06-10,MCD15A3H,Lai_500m,,,,,,,,1,0,0.00
A2017165,2017-06-14,MCD15A3H,Lai_500m,1.0000,1.0000,1.0000,0.0000,1.0000,0.0000,0.0000,1,1,100.00
A2017169,2017-06-18,MCD15A3H,Lai_500m,0.3000,0.3000,0.3000,0.0000,0.3000,0.0000,0.0000,1,1,100.00
A2017173,2017-06-22,MCD15A3H,Lai_500m,0.2000,0.2000,0.2000,0.0000,0.2000,0.0000,0.0000,1,1,100.00
A2017177,2017-06-26,MCD15A3H,Lai_500m,0.8000,0.8000,0.8000,0.0000,0.8000,0.0000,0.0000,1,1,100.00
A2017181,2017-06-30,MCD15A3H,Lai_500m,,,,,,,,1,0,0.00
A2017185,2017-07-04,MCD15A3H,Lai_500m,,,,,,,,1,0,0.00
A2017189,2017-07-08,MCD15A3H,Lai_500m,1.2000,1.2000,1.2000,0.0000,1.2000,0.0000,0.0000,1,1,100.00
A2017193,2017-07-12,MCD15A3H,Lai_500m,1.8000,1.8000,1.8000,0.0000,1.8000,0.0000,0.0000,1,1,100.00
A2017197,2017-07-16,MCD15A3H,Lai_500m,1.5000,1.5000,1.5000,0.0000,1.5000,0.0000,0.0000,1,1,100.00
A2017201,2017-07-20,MCD15A3H,Lai_500m,2.2000,2.2000,2.2000,0.0000,2.2000,0.0000,0.0000,1,1,100.00
A2017205,2017-07-24,MCD15A3H,Lai_500m,2.3000,2.3000,2.3000,0.0000,2.3000,0.0000,0.0000,1,1,100.00
A2017209,2017-07-28,MCD15A3H,Lai_500m,1.8000,1.8000,1.8000,0.0000,1.8000,0.0000,0.0000,1,1,100.00
A2017213,2017-08-01,MCD15A3H,Lai_500m,1.0000,1.0000,1.0000,0.0000,1.0000,0.0000,0.0000,1,1,100.00
A2017217,2017-08-05,MCD15A3H,Lai_500m,0.8000,0.8000,0.8000,0.0000,0.8000,0.0000,0.0000,1,1,100.00
A2017221,2017-08-09,MCD15A3H,Lai_500m,,,,,,,,1,0,0.00
A2017225,2017-08-13,MCD15A3H,Lai_500m,,,,,,,,1,0,0.00
A2017229,2017-08-17,MCD15A3H,Lai_500m,2.3000,2.3000,2.3000,0.0000,2.3000,0.0000,0.0000,1,1,100.00
A2017233,2017-08-21,MCD15A3H,Lai_500m,3.0000,3.0000,3.0000,0.0000,3.0000,0.0000,0.0000,1,1,100.00
A2017237,2017-08-25,MCD15A3H,Lai_500m,2.7000,2.7000,2.7000,0.0000,2.7000,0.0000,0.0000,1,1,100.00
A2017241,2017-08-29,MCD15A3H,Lai_500m,3.0000,3.0000,3.0000,0.0000,3.0000,0.0000,0.0000,1,1,100.00
A2017245,2017-09-02,MCD15A3H,Lai_500m,,,,,,,,1,0,0.00
A2017249,2017-09-06,MCD15A3H,Lai_500m,0.9000,0.9000,0.9000,0.0000,0.9000,0.0000,0.0000,1,1,100.00
A2017253,2017-09-10,MCD15A3H,Lai_500m,2.3000,2.3000,2.3000,0.0000,2.3000,0.0000,0.0000,1,1,100.00
A2017257,2017-09-14,MCD15A3H,Lai_500m,2.3000,2.3000,2.3000,0.0000,2.3000,0.0000,0.0000,1,1,100.00
A2017261,2017-09-18,MCD15A3H,Lai_500m,2.3000,2.3000,2.3000,0.0000,2.3000,0.0000,0.0000,1,1,100.00
A2017265,2017-09-22,MCD15A3H,Lai_500m,2.0000,2.0000,2.0000,0.0000,2.0000,0.0000,0.0000,1,1,100.00
A2017269,2017-09-26,MCD15A3H,Lai_500m,1.7000,1.7000,1.7000,0.0000,1.7000,0.0000,0.0000,1,1,100.00
A2017273,2017-09-30,MCD15A3H,Lai_500m,,,,,,,,1,0,0.00
A2017277,2017-10-04,MCD15A3H,Lai_500m,1.4000,1.4000,1.4000,0.0000,1.4000,0.0000,0.0000,1,1,100.00
A2017281,2017-10-08,MCD15A3H,Lai_500m,1.6000,1.6000,1.6000,0.0000,1.6000,0.0000,0.0000,1,1,100.00
A2017285,2017-10-12,MCD15A3H,Lai_500m,0.2000,0.2000,0.2000,0.0000,0.2000,0.0000,0.0000,1,1,100.00
A2017289,2017-10-16,MCD15A3H,Lai_500m,,,,,,,,1,0,0.00
A2017293,2017-10-20,MCD15A3H,Lai_500m,0.7000,0.7000,0.7000,0.0000,0.7000,0.0000,0.0000,1,1,100.00
A2017297,2017-10-24,MCD15A3H,Lai_500m,1.3000,1.3000,1.3000,0.0000,1.3000,0.0000,0.0000,1,1,100.00
A2017301,2017-10-28,MCD15A3H,Lai_500m,0.9000,0.9000,0.9000,0.0000,0.9000,0.0000,0.0000,1,1,100.00
A2017305,2017-11-01,MCD15A3H,Lai_500m,1.0000,1.0000,1.0000,0.0000,1.0000,0.0000,0.0000,1,1,100.00
A2017309,2017-11-05,MCD15A3H,Lai_500m,1.0000,1.0000,1.0000,0.0000,1.0000,0.0000,0.0000,1,1,100.00
A2017313,2017-11-09,MCD15A3H,Lai_500m,0.7000,0.7000,0.7000,0.0000,0.7000,0.0000,0.0000,1,1,100.00
A2017317,2017-11-13,MCD15A3H,Lai_500m,0.3000,0.3000,0.3000,0.0000,0.3000,0.0000,0.0000,1,1,100.00
A2017321,2017-11-17,MCD15A3H,Lai_500m,0.3000,0.3000,0.3000,0.0000,0.3000,0.0000,0.0000,1,1,100.00
A2017325,2017-11-21,MCD15A3H,Lai_500m,0.5000,0.5000,0.5000,0.0000,0.5000,0.0000,0.0000,1,1,100.00
A2017329,2017-11-25,MCD15A3H,Lai_500m,0.4000,0.4000,0.4000,0.0000,0.4000,0.0000,0.0000,1,1,100.00
A2017333,2017-11-29,MCD15A3H,Lai_500m,0.4000,0.4000,0.4000,0.0000,0.4000,0.0000,0.0000,1,1,100.00
A2017337,2017-12-03,MCD15A3H,Lai_500m,0.5000,0.5000,0.5000,0.0000,0.5000,0.0000,0.0000,1,1,100.00
A2017341,2017-12-07,MCD15A3H,Lai_500m,0.5000,0.5000,0.5000,0.0000,0.5000,0.0000,0.0000,1,1,100.00
A2017345,2017-12-11,MCD15A3H,Lai_500m,0.4000,0.4000,0.4000,0.0000,0.4000,0.0000,0.0000,1,1,100.00
A2017349,2017-12-15,MCD15A3H,Lai_500m,0.3000,0.3000,0.3000,0.0000,0.3000,0.0000,0.0000,1,1,100.00
A2017353,2017-12-19,MCD15A3H,Lai_500m,0.3000,0.3000,0.3000,0.0000,0.3000,0.0000,0.0000,1,1,100.00
A2017357,2017-12-23,MCD15A3H,Lai_500m,0.5000,0.5000,0.5000,0.0000,0.5000,0.0000,0.0000,1,1,100.00
A2017361,2017-12-27,MCD15A3H,Lai_500m,0.2000,0.2000,0.2000,0.0000,0.2000,0.0000,0.0000,1,1,100.00
A2017365,2017-12-31,MCD15A3H,Lai_500m,0.1000,0.1000,0.1000,0.0000,0.1000,0.0000,0.0000,1,1,100.00
A2018001,2018-01-01,MCD15A3H,Lai_500m,0.1000,0.1000,0.1000,0.0000,0.1000,0.0000,0.0000,1,1,100.00
A2018005,2018-01-05,MCD15A3H,Lai_500m,0.6000,0.6000,0.6000,0.0000,0.6000,0.0000,0.0000,1,1,100.00
A2018009,2018-01-09,MCD15A3H,Lai_500m,0.5000,0.5000,0.5000,0.0000,0.5000,0.0000,0.0000,1,1,100.00
A2018013,2018-01-13,MCD15A3H,Lai_500m,0.3000,0.3000,0.3000,0.0000,0.3000,0.0000,0.0000,1,1,100.00
A2018017,2018-01-17,MCD15A3H,Lai_500m,,,,,,,,1,0,0.00
A2018021,2018-01-21,MCD15A3H,Lai_500m,0.3000,0.3000,0.3000,0.0000,0.3000,0.0000,0.0000,1,1,100.00
A2018025,2018-01-25,MCD15A3H,Lai_500m,,,,,,,,1,0,0.00
A2018029,2018-01-29,MCD15A3H,Lai_500m,0.3000,0.3000,0.3000,0.0000,0.3000,0.0000,0.0000,1,1,100.00
A2018033,2018-02-02,MCD15A3H,Lai_500m,0.3000,0.3000,0.3000,0.0000,0.3000,0.0000,0.0000,1,1,100.00
A2018037,2018-02-06,MCD15A3H,Lai_500m,0.7000,0.7000,0.7000,0.0000,0.7000,0.0000,0.0000,1,1,100.00
A2018041,2018-02-10,MCD15A3H,Lai_500m,0.4000,0.4000,0.4000,0.0000,0.4000,0.0000,0.0000,1,1,100.00
A2018045,2018-02-14,MCD15A3H,Lai_500m,0.6000,0.6000,0.6000,0.0000,0.6000,0.0000,0.0000,1,1,100.00
A2018049,2018-02-18,MCD15A3H,Lai_500m,,,,,,,,1,0,0.00
A2018053,2018-02-22,MCD15A3H,Lai_500m,0.8000,0.8000,0.8000,0.0000,0.8000,0.0000,0.0000,1,1,100.00
A2018057,2018-02-26,MCD15A3H,Lai_500m,0.9000,0.9000,0.9000,0.0000,0.9000,0.0000,0.0000,1,1,100.00
A2018061,2018-03-02,MCD15A3H,Lai_500m,0.2000,0.2000,0.2000,0.0000,0.2000,0.0000,0.0000,1,1,100.00
A2018065,2018-03-06,MCD15A3H,Lai_500m,1.0000,1.0000,1.0000,0.0000,1.0000,0.0000,0.0000,1,1,100.00
A2018069,2018-03-10,MCD15A3H,Lai_500m,1.2000,1.2000,1.2000,0.0000,1.2000,0.0000,0.0000,1,1,100.00
A2018073,2018-03-14,MCD15A3H,Lai_500m,1.1000,1.1000,1.1000,0.0000,1.1000,0.0000,0.0000,1,1,100.00
A2018077,2018-03-18,MCD15A3H,Lai_500m,,,,,,,,1,0,0.00
A2018081,2018-03-22,MCD15A3H,Lai_500m,1.2000,1.2000,1.2000,0.0000,1.2000,0.0000,0.0000,1,1,100.00
A2018085,2018-03-26,MCD15A3H,Lai_500m,1.5000,1.5000,1.5000,0.0000,1.5000,0.0000,0.0000,1,1,100.00
A2018089,2018-03-30,MCD15A3H,Lai_500m,1.7000,1.7000,1.7000,0.0000,1.7000,0.0000,0.0000,1,1,100.00
A2018093,2018-04-03,MCD15A3H,Lai_500m,1.5000,1.5000,1.5000,0.0000,1.5000,0.0000,0.0000,1,1,100.00
A2018097,2018-04-07,MCD15A3H,Lai_500m,1.8000,1.8000,1.8000,0.0000,1.8000,0.0000,0.0000,1,1,100.00
A2018101,2018-04-11,MCD15A3H,Lai_500m,0.6000,0.6000,0.6000,0.0000,0.6000,0.0000,0.0000,1,1,100.00
A2018105,2018-04-15,MCD15A3H,Lai_500m,1.8000,1.8000,1.8000,0.0000,1.8000,0.0000,0.0000,1,1,100.00
A2018109,2018-04-19,MCD15A3H,Lai_500m,1.6000,1.6000,1.6000,0.0000,1.6000,0.0000,0.0000,1,1,100.00
A2018113,2018-04-23,MCD15A3H,Lai_500m,1.7000,1.7000,1.7000,0.0000,1.7000,0.0000,0.0000,1,1,100.00
A2018117,2018-04-27,MCD15A3H,Lai_500m,2.0000,2.0000,2.0000,0.0000,2.0000,0.0000,0.0000,1,1,100.00
A2018121,2018-05-01,MCD15A3H,Lai_500m,2.0000,2.0000,2.0000,0.0000,2.0000,0.0000,0.0000,1,1,100.00
A2018125,2018-05-05,MCD15A3H,Lai_500m,0.3000,0.3000,0.3000,0.0000,0.3000,0.0000,0.0000,1,1,100.00
A2018129,2018-05-09,MCD15A3H,Lai_500m,1.7000,1.7000,1.7000,0.0000,1.7000,0.0000,0.0000,1,1,100.00
A2018133,2018-05-13,MCD15A3H,Lai_500m,1.7000,1.7000,1.7000,0.0000,1.7000,0.0000,0.0000,1,1,100.00
A2018137,2018-05-17,MCD15A3H,Lai_500m,,,,,,,,1,0,0.00
A2018141,2018-05-21,MCD15A3H,Lai_500m,1.1000,1.1000,1.1000,0.0000,1.1000,0.0000,0.0000,1,1,100.00
A2018145,2018-05-25,MCD15A3H,Lai_500m,0.3000,0.3000,0.3000,0.0000,0.3000,0.0000,0.0000,1,1,100.00
A2018149,2018-05-29,MCD15A3H,Lai_500m,0.8000,0.8000,0.8000,0.0000,0.8000,0.0000,0.0000,1,1,100.00
A2018153,2018-06-02,MCD15A3H,Lai_500m,0.7000,0.7000,0.7000,0.0000,0.7000,0.0000,0.0000,1,1,100.00
A2018157,2018-06-06,MCD15A3H,Lai_500m,0.9000,0.9000,0.9000,0.0000,0.9000,0.0000,0.0000,1,1,100.00
A2018161,2018-06-10,MCD15A3H,Lai_500m,0.9000,0.9000,0.9000,0.0000,0.9000,0.0000,0.0000,1,1,100.00
A2018165,2018-06-14,MCD15A3H,Lai_500m,1.7000,1.7000,1.7000,0.0000,1.7000,0.0000,0.0000,1,1,100.00
A2018169,2018-06-18,MCD15A3H,Lai_500m,0.7000,0.7000,0.7000,0.0000,0.7000,0.0000,0.0000,1,1,100.00
A2018173,2018-06-22,MCD15A3H,Lai_500m,1.2000,1.2000,1.2000,0.0000,1.2000,0.0000,0.0000,1,1,100.00
A2018177,2018-06-26,MCD15A3H,Lai_500m,0.6000,0.6000,0.6000,0.0000,0.6000,0.0000,0.0000,1,1,100.00
A2018181,2018-06-30,MCD15A3H,Lai_500m,1.1000,1.1000,1.1000,0.0000,1.1000,0.0000,0.0000,1,1,100.00
A2018185,2018-07-04,MCD15A3H,Lai_500m,0.2000,0.2000,0.2000,0.0000,0.2000,0.0000,0.0000,1,1,100.00
A2018189,2018-07-08,MCD15A3H,Lai_500m,1.0000,1.0000,1.0000,0.0000,1.0000,0.0000,0.0000,1,1,100.00
A2018193,2018-07-12,MCD15A3H,Lai_500m,1.5000,1.5000,1.5000,0.0000,1.5000,0.0000,0.0000,1,1,100.00
A2018197,2018-07-16,MCD15A3H,Lai_500m,1.5000,1.5000,1.5000,0.0000,1.5000,0.0000,0.0000,1,1,100.00
A2018201,2018-07-20,MCD15A3H,Lai_500m,1.8000,1.8000,1.8000,0.0000,1.8000,0.0000,0.0000,1,1,100.00
A2018205,2018-07-24,MCD15A3H,Lai_500m,1.9000,1.9000,1.9000,0.0000,1.9000,0.0000,0.0000,1,1,100.00
A2018209,2018-07-28,MCD15A3H,Lai_500m,2.0000,2.0000,2.0000,0.0000,2.0000,0.0000,0.0000,1,1,100.00
A2018213,2018-08-01,MCD15A3H,Lai_500m,0.6000,0.6000,0.6000,0.0000,0.6000,0.0000,0.0000,1,1,100.00
A2018217,2018-08-05,MCD15A3H,Lai_500m,2.1000,2.1000,2.1000,0.0000,2.1000,0.0000,0.0000,1,1,100.00
A2018221,2018-08-09,MCD15A3H,Lai_500m,1.6000,1.6000,1.6000,0.0000,1.6000,0.0000,0.0000,1,1,100.00
A2018225,2018-08-13,MCD15A3H,Lai_500m,,,,,,,,1,0,0.00
A2018229,2018-08-17,MCD15A3H,Lai_500m,0.5000,0.5000,0.5000,0.0000,0.5000,0.0000,0.0000,1,1,100.00
A2018233,2018-08-21,MCD15A3H,Lai_500m,0.9000,0.9000,0.9000,0.0000,0.9000,0.0000,0.0000,1,1,100.00
A2018237,2018-08-25,MCD15A3H,Lai_500m,1.9000,1.9000,1.9000,0.0000,1.9000,0.0000,0.0000,1,1,100.00
A2018241,2018-08-29,MCD15A3H,Lai_500m,3.4000,3.4000,3.4000,0.0000,3.4000,0.0000,0.0000,1,1,100.00
A2018245,2018-09-02,MCD15A3H,Lai_500m,2.1000,2.1000,2.1000,0.0000,2.1000,0.0000,0.0000,1,1,100.00
A2018249,2018-09-06,MCD15A3H,Lai_500m,0.6000,0.6000,0.6000,0.0000,0.6000,0.0000,0.0000,1,1,100.00
A2018253,2018-09-10,MCD15A3H,Lai_500m,1.1000,1.1000,1.1000,0.0000,1.1000,0.0000,0.0000,1,1,100.00
A2018257,2018-09-14,MCD15A3H,Lai_500m,,,,,,,,1,0,0.00
A2018261,2018-09-18,MCD15A3H,Lai_500m,,,,,,,,1,0,0.00
A2018265,2018-09-22,MCD15A3H,Lai_500m,0.5000,0.5000,0.5000,0.0000,0.5000,0.0000,0.0000,1,1,100.00
A2018269,2018-09-26,MCD15A3H,Lai_500m,1.8000,1.8000,1.8000,0.0000,1.8000,0.0000,0.0000,1,1,100.00
A2018273,2018-09-30,MCD15A3H,Lai_500m,1.5000,1.5000,1.5000,0.0000,1.5000,0.0000,0.0000,1,1,100.00
A2018277,2018-10-04,MCD15A3H,Lai_500m,1.4000,1.4000,1.4000,0.0000,1.4000,0.0000,0.0000,1,1,100.00
A2018281,2018-10-08,MCD15A3H,Lai_500m,1.3000,1.3000,1.3000,0.0000,1.3000,0.0000,0.0000,1,1,100.00
A2018285,2018-10-12,MCD15A3H,Lai_500m,1.1000,1.1000,1.1000,0.0000,1.1000,0.0000,0.0000,1,1,100.00
A2018289,2018-10-16,MCD15A3H,Lai_500m,0.7000,0.7000,0.7000,0.0000,0.7000,0.0000,0.0000,1,1,100.00
A2018293,2018-10-20,MCD15A3H,Lai_500m,0.5000,0.5000,0.5000,0.0000,0.5000,0.0000,0.0000,1,1,100.00
A2018297,2018-10-24,MCD15A3H,Lai_500m,0.9000,0.9000,0.9000,0.0000,0.9000,0.0000,0.0000,1,1,100.00
A2018301,2018-10-28,MCD15A3H,Lai_500m,0.7000,0.7000,0.7000,0.0000,0.7000,0.0000,0.0000,1,1,100.00
A2018305,2018-11-01,MCD15A3H,Lai_500m,0.7000,0.7000,0.7000,0.0000,0.7000,0.0000,0.0000,1,1,100.00
A2018309,2018-11-05,MCD15A3H,Lai_500m,0.6000,0.6000,0.6000,0.0000,0.6000,0.0000,0.0000,1,1,100.00
A2018313,2018-11-09,MCD15A3H,Lai_500m,0.5000,0.5000,0.5000,0.0000,0.5000,0.0000,0.0000,1,1,100.00
A2018317,2018-11-13,MCD15A3H,Lai_500m,0.7000,0.7000,0.7000,0.0000,0.7000,0.0000,0.0000,1,1,100.00
A2018321,2018-11-17,MCD15A3H,Lai_500m,0.6000,0.6000,0.6000,0.0000,0.6000,0.0000,0.0000,1,1,100.00
A2018325,2018-11-21,MCD15A3H,Lai_500m,0.7000,0.7000,0.7000,0.0000,0.7000,0.0000,0.0000,1,1,100.00
A2018329,2018-11-25,MCD15A3H,Lai_500m,0.5000,0.5000,0.5000,0.0000,0.5000,0.0000,0.0000,1,1,100.00
A2018333,2018-11-29,MCD15A3H,Lai_500m,0.6000,0.6000,0.6000,0.0000,0.6000,0.0000,0.0000,1,1,100.00
A2018337,2018-12-03,MCD15A3H,Lai_500m,,,,,,,,1,0,0.00
A2018341,2018-12-07,MCD15A3H,Lai_500m,0.2000,0.2000,0.2000,0.0000,0.2000,0.0000,0.0000,1,1,100.00
A2018345,2018-12-11,MCD15A3H,Lai_500m,0.8000,0.8000,0.8000,0.0000,0.8000,0.0000,0.0000,1,1,100.00
A2018349,2018-12-15,MCD15A3H,Lai_500m,0.6000,0.6000,0.6000,0.0000,0.6000,0.0000,0.0000,1,1,100.00
A2018353,2018-12-19,MCD15A3H,Lai_500m,0.6000,0.6000,0.6000,0.0000,0.6000,0.0000,0.0000,1,1,100.00
A2018357,2018-12-23,MCD15A3H,Lai_500m,0.6000,0.6000,0.6000,0.0000,0.6000,0.0000,0.0000,1,1,100.00
A2018361,2018-12-27,MCD15A3H,Lai_500m,0.8000,0.8000,0.8000,0.0000,0.8000,0.0000,0.0000,1,1,100.00
A2018365,2018-12-31,MCD15A3H,Lai_500m,0.7000,0.7000,0.7000,0.0000,0.7000,0.0000,0.0000,1,1,100.00
A2019001,2019-01-01,MCD15A3H,Lai_500m,0.7000,0.7000,0.7000,0.0000,0.7000,0.0000,0.0000,1,1,100.00
