modis_date,date,product,band,min,max,sum,range,value_mean,variance,standard_deviation,tot_pixels,pixels_pass_qa,per_cent_pixels_pass_qa
A2013001,01/01/2013,MCD15A3H,Lai_500m,0.3,0.3,0.3,0,0.3,0,0,1,1,100
A2013005,05/01/2013,MCD15A3H,Lai_500m,0.3,0.3,0.3,0,0.3,0,0,1,1,100
A2013009,09/01/2013,MCD15A3H,Lai_500m,0.2,0.2,0.2,0,0.2,0,0,1,1,100
A2013013,13/01/2013,MCD15A3H,Lai_500m,0.3,0.3,0.3,0,0.3,0,0,1,1,100
A2013017,17/01/2013,MCD15A3H,Lai_500m,0.4,0.4,0.4,0,0.4,0,0,1,1,100
A2013021,21/01/2013,MCD15A3H,Lai_500m,,,,,,,,1,0,0
A2013025,25/01/2013,MCD15A3H,Lai_500m,0.5,0.5,0.5,0,0.5,0,0,1,1,100
A2013029,29/01/2013,MCD15A3H,Lai_500m,0.3,0.3,0.3,0,0.3,0,0,1,1,100
A2013033,02/02/2013,MCD15A3H,Lai_500m,0.5,0.5,0.5,0,0.5,0,0,1,1,100
A2013037,06/02/2013,MCD15A3H,Lai_500m,0.8,0.8,0.8,0,0.8,0,0,1,1,100
A2013041,10/02/2013,MCD15A3H,Lai_500m,0.7,0.7,0.7,0,0.7,0,0,1,1,100
A2013045,14/02/2013,MCD15A3H,Lai_500m,0.7,0.7,0.7,0,0.7,0,0,1,1,100
A2013049,18/02/2013,MCD15A3H,Lai_500m,0.3,0.3,0.3,0,0.3,0,0,1,1,100
A2013053,22/02/2013,MCD15A3H,Lai_500m,0.7,0.7,0.7,0,0.7,0,0,1,1,100
A2013057,26/02/2013,MCD15A3H,Lai_500m,0.5,0.5,0.5,0,0.5,0,0,1,1,100
A2013061,02/03/2013,MCD15A3H,Lai_500m,0.9,0.9,0.9,0,0.9,0,0,1,1,100
A2013065,06/03/2013,MCD15A3H,Lai_500m,1.2,1.2,1.2,0,1.2,0,0,1,1,100
A2013069,10/03/2013,MCD15A3H,Lai_500m,1.2,1.2,1.2,0,1.2,0,0,1,1,100
A2013073,14/03/2013,MCD15A3H,Lai_500m,1.6,1.6,1.6,0,1.6,0,0,1,1,100
A2013077,18/03/2013,MCD15A3H,Lai_500m,2.6,2.6,2.6,0,2.6,0,0,1,1,100
A2013081,22/03/2013,MCD15A3H,Lai_500m,,,,,,,,1,0,0
A2013085,26/03/2013,MCD15A3H,Lai_500m,0.3,0.3,0.3,0,0.3,0,0,1,1,100
A2013089,30/03/2013,MCD15A3H,Lai_500m,2.3,2.3,2.3,0,2.3,0,0,1,1,100
A2013093,03/04/2013,MCD15A3H,Lai_500m,1.7,1.7,1.7,0,1.7,0,0,1,1,100
A2013097,07/04/2013,MCD15A3H,Lai_500m,2.5,2.5,2.5,0,2.5,0,0,1,1,100
A2013101,11/04/2013,MCD15A3H,Lai_500m,1.6,1.6,1.6,0,1.6,0,0,1,1,100
A2013105,15/04/2013,MCD15A3H,Lai_500m,0.5,0.5,0.5,0,0.5,0,0,1,1,100
A2013109,19/04/2013,MCD15A3H,Lai_500m,0.8,0.8,0.8,0,0.8,0,0,1,1,100
A2013113,23/04/2013,MCD15A3H,Lai_500m,,,,,,,,1,0,0
A2013117,27/04/2013,MCD15A3H,Lai_500m,3.1,3.1,3.1,0,3.1,0,0,1,1,100
A2013121,01/05/2013,MCD15A3H,Lai_500m,2.7,2.7,2.7,0,2.7,0,0,1,1,100
A2013125,05/05/2013,MCD15A3H,Lai_500m,,,,,,,,1,0,0
A2013129,09/05/2013,MCD15A3H,Lai_500m,2.5,2.5,2.5,0,2.5,0,0,1,1,100
A2013133,13/05/2013,MCD15A3H,Lai_500m,2.6,2.6,2.6,0,2.6,0,0,1,1,100
A2013137,17/05/2013,MCD15A3H,Lai_500m,1.1,1.1,1.1,0,1.1,0,0,1,1,100
A2013141,21/05/2013,MCD15A3H,Lai_500m,1.5,1.5,1.5,0,1.5,0,0,1,1,100
A2013145,25/05/2013,MCD15A3H,Lai_500m,1,1,1,0,1,0,0,1,1,100
A2013149,29/05/2013,MCD15A3H,Lai_500m,,,,,,,,1,0,0
A2013153,02/06/2013,MCD15A3H,Lai_500m,0.7,0.7,0.7,0,0.7,0,0,1,1,100
A2013157,06/06/2013,MCD15A3H,Lai_500m,0.3,0.3,0.3,0,0.3,0,0,1,1,100
A2013161,10/06/2013,MCD15A3H,Lai_500m,0.3,0.3,0.3,0,0.3,0,0,1,1,100
A2013165,14/06/2013,MCD15A3H,Lai_500m,0.2,0.2,0.2,0,0.2,0,0,1,1,100
A2013169,18/06/2013,MCD15A3H,Lai_500m,0.7,0.7,0.7,0,0.7,0,0,1,1,100
A2013173,22/06/2013,MCD15A3H,Lai_500m,0.5,0.5,0.5,0,0.5,0,0,1,1,100
A2013177,26/06/2013,MCD15A3H,Lai_500m,,,,,,,,1,0,0
A2013181,30/06/2013,MCD15A3H,Lai_500m,0.2,0.2,0.2,0,0.2,0,0,1,1,100
A2013185,04/07/2013,MCD15A3H,Lai_500m,0.2,0.2,0.2,0,0.2,0,0,1,1,100
A2013189,08/07/2013,MCD15A3H,Lai_500m,1.1,1.1,1.1,0,1.1,0,0,1,1,100
A2013193,12/07/2013,MCD15A3H,Lai_500m,1.4,1.4,1.4,0,1.4,0,0,1,1,100
A2013197,16/07/2013,MCD15A3H,Lai_500m,1.9,1.9,1.9,0,1.9,0,0,1,1,100
A2013201,20/07/2013,MCD15A3H,Lai_500m,2.4,2.4,2.4,0,2.4,0,0,1,1,100
A2013205,24/07/2013,MCD15A3H,Lai_500m,2.7,2.7,2.7,0,2.7,0,0,1,1,100
A2013209,28/07/2013,MCD15A3H,Lai_500m,0.6,0.6,0.6,0,0.6,0,0,1,1,100
A2013213,01/08/2013,MCD15A3H,Lai_500m,4.1,4.1,4.1,0,4.1,0,0,1,1,100
A2013217,05/08/2013,MCD15A3H,Lai_500m,5,5,5,0,5,0,0,1,1,100
A2013221,09/08/2013,MCD15A3H,Lai_500m,4.1,4.1,4.1,0,4.1,0,0,1,1,100
A2013225,13/08/2013,MCD15A3H,Lai_500m,3.8,3.8,3.8,0,3.8,0,0,1,1,100
A2013229,17/08/2013,MCD15A3H,Lai_500m,2,2,2,0,2,0,0,1,1,100
A2013233,21/08/2013,MCD15A3H,Lai_500m,,,,,,,,1,0,0
A2013237,25/08/2013,MCD15A3H,Lai_500m,3.9,3.9,3.9,0,3.9,0,0,1,1,100
A2013241,29/08/2013,MCD15A3H,Lai_500m,0.3,0.3,0.3,0,0.3,0,0,1,1,100
A2013245,02/09/2013,MCD15A3H,Lai_500m,2.2,2.2,2.2,0,2.2,0,0,1,1,100
A2013249,06/09/2013,MCD15A3H,Lai_500m,,,,,,,,1,0,0
A2013253,10/09/2013,MCD15A3H,Lai_500m,,,,,,,,1,0,0
A2013257,14/09/2013,MCD15A3H,Lai_500m,2.2,2.2,2.2,0,2.2,0,0,1,1,100
A2013261,18/09/2013,MCD15A3H,Lai_500m,1.5,1.5,1.5,0,1.5,0,0,1,1,100
A2013265,22/09/2013,MCD15A3H,Lai_500m,1,1,1,0,1,0,0,1,1,100
A2013269,26/09/2013,MCD15A3H,Lai_500m,,,,,,,,1,0,0
A2013273,30/09/2013,MCD15A3H,Lai_500m,1.3,1.3,1.3,0,1.3,0,0,1,1,100
A2013277,04/10/2013,MCD15A3H,Lai_500m,0.9,0.9,0.9,0,0.9,0,0,1,1,100
A2013281,08/10/2013,MCD15A3H,Lai_500m,0.7,0.7,0.7,0,0.7,0,0,1,1,100
A2013285,12/10/2013,MCD15A3H,Lai_500m,1,1,1,0,1,0,0,1,1,100
A2013289,16/10/2013,MCD15A3H,Lai_500m,0.7,0.7,0.7,0,0.7,0,0,1,1,100
A2013293,20/10/2013,MCD15A3H,Lai_500m,0.8,0.8,0.8,0,0.8,0,0,1,1,100
A2013297,24/10/2013,MCD15A3H,Lai_500m,0.5,0.5,0.5,0,0.5,0,0,1,1,100
A2013301,28/10/2013,MCD15A3H,Lai_500m,0.5,0.5,0.5,0,0.5,0,0,1,1,100
A2013305,01/11/2013,MCD15A3H,Lai_500m,0.3,0.3,0.3,0,0.3,0,0,1,1,100
A2013309,05/11/2013,MCD15A3H,Lai_500m,0.3,0.3,0.3,0,0.3,0,0,1,1,100
A2013313,09/11/2013,MCD15A3H,Lai_500m,0.3,0.3,0.3,0,0.3,0,0,1,1,100
A2013317,13/11/2013,MCD15A3H,Lai_500m,0.4,0.4,0.4,0,0.4,0,0,1,1,100
A2013321,17/11/2013,MCD15A3H,Lai_500m,0.3,0.3,0.3,0,0.3,0,0,1,1,100
A2013325,21/11/2013,MCD15A3H,Lai_500m,0.1,0.1,0.1,0,0.1,0,0,1,1,100
A2013329,25/11/2013,MCD15A3H,Lai_500m,0.3,0.3,0.3,0,0.3,0,0,1,1,100
A2013333,29/11/2013,MCD15A3H,Lai_500m,0.3,0.3,0.3,0,0.3,0,0,1,1,100
A2013337,03/12/2013,MCD15A3H,Lai_500m,0.6,0.6,0.6,0,0.6,0,0,1,1,100
A2013341,07/12/2013,MCD15A3H,Lai_500m,0.4,0.4,0.4,0,0.4,0,0,1,1,100
A2013345,11/12/2013,MCD15A3H,Lai_500m,0.5,0.5,0.5,0,0.5,0,0,1,1,100
A2013349,15/12/2013,MCD15A3H,Lai_500m,0.1,0.1,0.1,0,0.1,0,0,1,1,100
A2013353,19/12/2013,MCD15A3H,Lai_500m,0.3,0.3,0.3,0,0.3,0,0,1,1,100
A2013357,23/12/2013,MCD15A3H,Lai_500m,0.3,0.3,0.3,0,0.3,0,0,1,1,100
A2013361,27/12/2013,MCD15A3H,Lai_500m,0.5,0.5,0.5,0,0.5,0,0,1,1,100
A2013365,31/12/2013,MCD15A3H,Lai_500m,0.4,0.4,0.4,0,0.4,0,0,1,1,100
A2014001,01/01/2014,MCD15A3H,Lai_500m,0.4,0.4,0.4,0,0.4,0,0,1,1,100
A2014005,05/01/2014,MCD15A3H,Lai_500m,0.4,0.4,0.4,0,0.4,0,0,1,1,100
A2014009,09/01/2014,MCD15A3H,Lai_500m,0.4,0.4,0.4,0,0.4,0,0,1,1,100
A2014013,13/01/2014,MCD15A3H,Lai_500m,0.5,0.5,0.5,0,0.5,0,0,1,1,100
A2014017,17/01/2014,MCD15A3H,Lai_500m,0.5,0.5,0.5,0,0.5,0,0,1,1,100
A2014021,21/01/2014,MCD15A3H,Lai_500m,0.5,0.5,0.5,0,0.5,0,0,1,1,100
A2014025,25/01/2014,MCD15A3H,Lai_500m,0.4,0.4,0.4,0,0.4,0,0,1,1,100
A2014029,29/01/2014,MCD15A3H,Lai_500m,0.3,0.3,0.3,0,0.3,0,0,1,1,100
A2014033,02/02/2014,MCD15A3H,Lai_500m,0.3,0.3,0.3,0,0.3,0,0,1,1,100
A2014037,06/02/2014,MCD15A3H,Lai_500m,,,,,,,,1,0,0
A2014041,10/02/2014,MCD15A3H,Lai_500m,0.7,0.7,0.7,0,0.7,0,0,1,1,100
A2014045,14/02/2014,MCD15A3H,Lai_500m,1,1,1,0,1,0,0,1,1,100
A2014049,18/02/2014,MCD15A3H,Lai_500m,1.1,1.1,1.1,0,1.1,0,0,1,1,100
A2014053,22/02/2014,MCD15A3H,Lai_500m,1,1,1,0,1,0,0,1,1,100
A2014057,26/02/2014,MCD15A3H,Lai_500m,,,,,,,,1,0,0
A2014061,02/03/2014,MCD15A3H,Lai_500m,1.4,1.4,1.4,0,1.4,0,0,1,1,100
A2014065,06/03/2014,MCD15A3H,Lai_500m,0.7,0.7,0.7,0,0.7,0,0,1,1,100
A2014069,10/03/2014,MCD15A3H,Lai_500m,1.4,1.4,1.4,0,1.4,0,0,1,1,100
A2014073,14/03/2014,MCD15A3H,Lai_500m,1.9,1.9,1.9,0,1.9,0,0,1,1,100
A2014077,18/03/2014,MCD15A3H,Lai_500m,1.6,1.6,1.6,0,1.6,0,0,1,1,100
A2014081,22/03/2014,MCD15A3H,Lai_500m,2.3,2.3,2.3,0,2.3,0,0,1,1,100
A2014085,26/03/2014,MCD15A3H,Lai_500m,3,3,3,0,3,0,0,1,1,100
A2014089,30/03/2014,MCD15A3H,Lai_500m,1.4,1.4,1.4,0,1.4,0,0,1,1,100
A2014093,03/04/2014,MCD15A3H,Lai_500m,1.4,1.4,1.4,0,1.4,0,0,1,1,100
A2014097,07/04/2014,MCD15A3H,Lai_500m,1.4,1.4,1.4,0,1.4,0,0,1,1,100
A2014101,11/04/2014,MCD15A3H,Lai_500m,1.9,1.9,1.9,0,1.9,0,0,1,1,100
A2014105,15/04/2014,MCD15A3H,Lai_500m,,,,,,,,1,0,0
A2014109,19/04/2014,MCD15A3H,Lai_500m,,,,,,,,1,0,0
A2014113,23/04/2014,MCD15A3H,Lai_500m,3.6,3.6,3.6,0,3.6,0,0,1,1,100
A2014117,27/04/2014,MCD15A3H,Lai_500m,2.8,2.8,2.8,0,2.8,0,0,1,1,100
A2014121,01/05/2014,MCD15A3H,Lai_500m,2.2,2.2,2.2,0,2.2,0,0,1,1,100
A2014125,05/05/2014,MCD15A3H,Lai_500m,2,2,2,0,2,0,0,1,1,100
A2014129,09/05/2014,MCD15A3H,Lai_500m,1.8,1.8,1.8,0,1.8,0,0,1,1,100
A2014133,13/05/2014,MCD15A3H,Lai_500m,1.6,1.6,1.6,0,1.6,0,0,1,1,100
A2014137,17/05/2014,MCD15A3H,Lai_500m,1.7,1.7,1.7,0,1.7,0,0,1,1,100
A2014141,21/05/2014,MCD15A3H,Lai_500m,1.3,1.3,1.3,0,1.3,0,0,1,1,100
A2014145,25/05/2014,MCD15A3H,Lai_500m,0.9,0.9,0.9,0,0.9,0,0,1,1,100
A2014149,29/05/2014,MCD15A3H,Lai_500m,0.6,0.6,0.6,0,0.6,0,0,1,1,100
A2014153,02/06/2014,MCD15A3H,Lai_500m,,,,,,,,1,0,0
A2014157,06/06/2014,MCD15A3H,Lai_500m,0.5,0.5,0.5,0,0.5,0,0,1,1,100
A2014161,10/06/2014,MCD15A3H,Lai_500m,0.7,0.7,0.7,0,0.7,0,0,1,1,100
A2014165,14/06/2014,MCD15A3H,Lai_500m,0.6,0.6,0.6,0,0.6,0,0,1,1,100
A2014169,18/06/2014,MCD15A3H,Lai_500m,0.2,0.2,0.2,0,0.2,0,0,1,1,100
A2014173,22/06/2014,MCD15A3H,Lai_500m,0.1,0.1,0.1,0,0.1,0,0,1,1,100
A2014177,26/06/2014,MCD15A3H,Lai_500m,0.8,0.8,0.8,0,0.8,0,0,1,1,100
A2014181,30/06/2014,MCD15A3H,Lai_500m,0.3,0.3,0.3,0,0.3,0,0,1,1,100
A2014185,04/07/2014,MCD15A3H,Lai_500m,,,,,,,,1,0,0
A2014189,08/07/2014,MCD15A3H,Lai_500m,0.9,0.9,0.9,0,0.9,0,0,1,1,100
A2014193,12/07/2014,MCD15A3H,Lai_500m,0.8,0.8,0.8,0,0.8,0,0,1,1,100
A2014197,16/07/2014,MCD15A3H,Lai_500m,1.6,1.6,1.6,0,1.6,0,0,1,1,100
A2014201,20/07/2014,MCD15A3H,Lai_500m,1.9,1.9,1.9,0,1.9,0,0,1,1,100
A2014205,24/07/2014,MCD15A3H,Lai_500m,1.7,1.7,1.7,0,1.7,0,0,1,1,100
A2014209,28/07/2014,MCD15A3H,Lai_500m,2.6,2.6,2.6,0,2.6,0,0,1,1,100
A2014213,01/08/2014,MCD15A3H,Lai_500m,2.9,2.9,2.9,0,2.9,0,0,1,1,100
A2014217,05/08/2014,MCD15A3H,Lai_500m,3,3,3,0,3,0,0,1,1,100
A2014221,09/08/2014,MCD15A3H,Lai_500m,,,,,,,,1,0,0
A2014225,13/08/2014,MCD15A3H,Lai_500m,1.3,1.3,1.3,0,1.3,0,0,1,1,100
A2014229,17/08/2014,MCD15A3H,Lai_500m,,,,,,,,1,0,0
A2014233,21/08/2014,MCD15A3H,Lai_500m,,,,,,,,1,0,0
A2014237,25/08/2014,MCD15A3H,Lai_500m,,,,,,,,1,0,0
A2014241,29/08/2014,MCD15A3H,Lai_500m,1.7,1.7,1.7,0,1.7,0,0,1,1,100
A2014245,02/09/2014,MCD15A3H,Lai_500m,,,,,,,,1,0,0
A2014249,06/09/2014,MCD15A3H,Lai_500m,1.1,1.1,1.1,0,1.1,0,0,1,1,100
A2014253,10/09/2014,MCD15A3H,Lai_500m,,,,,,,,1,0,0
A2014257,14/09/2014,MCD15A3H,Lai_500m,0.4,0.4,0.4,0,0.4,0,0,1,1,100
A2014261,18/09/2014,MCD15A3H,Lai_500m,0.5,0.5,0.5,0,0.5,0,0,1,1,100
A2014265,22/09/2014,MCD15A3H,Lai_500m,,,,,,,,1,0,0
A2014269,26/09/2014,MCD15A3H,Lai_500m,1.3,1.3,1.3,0,1.3,0,0,1,1,100
A2014273,30/09/2014,MCD15A3H,Lai_500m,1.4,1.4,1.4,0,1.4,0,0,1,1,100
A2014277,04/10/2014,MCD15A3H,Lai_500m,1.4,1.4,1.4,0,1.4,0,0,1,1,100
A2014281,08/10/2014,MCD15A3H,Lai_500m,1.2,1.2,1.2,0,1.2,0,0,1,1,100
A2014285,12/10/2014,MCD15A3H,Lai_500m,1.2,1.2,1.2,0,1.2,0,0,1,1,100
A2014289,16/10/2014,MCD15A3H,Lai_500m,1.1,1.1,1.1,0,1.1,0,0,1,1,100
A2014293,20/10/2014,MCD15A3H,Lai_500m,0.8,0.8,0.8,0,0.8,0,0,1,1,100
A2014297,24/10/2014,MCD15A3H,Lai_500m,1,1,1,0,1,0,0,1,1,100
A2014301,28/10/2014,MCD15A3H,Lai_500m,0.3,0.3,0.3,0,0.3,0,0,1,1,100
A2014305,01/11/2014,MCD15A3H,Lai_500m,1,1,1,0,1,0,0,1,1,100
A2014309,05/11/2014,MCD15A3H,Lai_500m,0.7,0.7,0.7,0,0.7,0,0,1,1,100
A2014313,09/11/2014,MCD15A3H,Lai_500m,0.7,0.7,0.7,0,0.7,0,0,1,1,100
A2014317,13/11/2014,MCD15A3H,Lai_500m,0.6,0.6,0.6,0,0.6,0,0,1,1,100
A2014321,17/11/2014,MCD15A3H,Lai_500m,0.5,0.5,0.5,0,0.5,0,0,1,1,100
A2014325,21/11/2014,MCD15A3H,Lai_500m,0.5,0.5,0.5,0,0.5,0,0,1,1,100
A2014329,25/11/2014,MCD15A3H,Lai_500m,0.5,0.5,0.5,0,0.5,0,0,1,1,100
A2014333,29/11/2014,MCD15A3H,Lai_500m,0.7,0.7,0.7,0,0.7,0,0,1,1,100
A2014337,03/12/2014,MCD15A3H,Lai_500m,0.6,0.6,0.6,0,0.6,0,0,1,1,100
A2014341,07/12/2014,MCD15A3H,Lai_500m,0.5,0.5,0.5,0,0.5,0,0,1,1,100
A2014345,11/12/2014,MCD15A3H,Lai_500m,0.6,0.6,0.6,0,0.6,0,0,1,1,100
A2014349,15/12/2014,MCD15A3H,Lai_500m,0.6,0.6,0.6,0,0.6,0,0,1,1,100
A2014353,19/12/2014,MCD15A3H,Lai_500m,0.6,0.6,0.6,0,0.6,0,0,1,1,100
A2014357,23/12/2014,MCD15A3H,Lai_500m,0.6,0.6,0.6,0,0.6,0,0,1,1,100
A2014361,27/12/2014,MCD15A3H,Lai_500m,0.5,0.5,0.5,0,0.5,0,0,1,1,100
A2014365,31/12/2014,MCD15A3H,Lai_500m,0.5,0.5,0.5,0,0.5,0,0,1,1,100
A2015001,01/01/2015,MCD15A3H,Lai_500m,0.5,0.5,0.5,0,0.5,0,0,1,1,100
A2015005,05/01/2015,MCD15A3H,Lai_500m,0.5,0.5,0.5,0,0.5,0,0,1,1,100
A2015009,09/01/2015,MCD15A3H,Lai_500m,0.5,0.5,0.5,0,0.5,0,0,1,1,100
A2015013,13/01/2015,MCD15A3H,Lai_500m,0.5,0.5,0.5,0,0.5,0,0,1,1,100
A2015017,17/01/2015,MCD15A3H,Lai_500m,0.7,0.7,0.7,0,0.7,0,0,1,1,100
A2015021,21/01/2015,MCD15A3H,Lai_500m,0.4,0.4,0.4,0,0.4,0,0,1,1,100
A2015025,25/01/2015,MCD15A3H,Lai_500m,,,,,,,,1,0,0
A2015029,29/01/2015,MCD15A3H,Lai_500m,0.7,0.7,0.7,0,0.7,0,0,1,1,100
A2015033,02/02/2015,MCD15A3H,Lai_500m,0.7,0.7,0.7,0,0.7,0,0,1,1,100
A2015037,06/02/2015,MCD15A3H,Lai_500m,0.7,0.7,0.7,0,0.7,0,0,1,1,100
A2015041,10/02/2015,MCD15A3H,Lai_500m,0.6,0.6,0.6,0,0.6,0,0,1,1,100
A2015045,14/02/2015,MCD15A3H,Lai_500m,0.8,0.8,0.8,0,0.8,0,0,1,1,100
A2015049,18/02/2015,MCD15A3H,Lai_500m,0.9,0.9,0.9,0,0.9,0,0,1,1,100
A2015053,22/02/2015,MCD15A3H,Lai_500m,0.9,0.9,0.9,0,0.9,0,0,1,1,100
A2015057,26/02/2015,MCD15A3H,Lai_500m,0.7,0.7,0.7,0,0.7,0,0,1,1,100
A2015061,02/03/2015,MCD15A3H,Lai_500m,1.1,1.1,1.1,0,1.1,0,0,1,1,100
A2015065,06/03/2015,MCD15A3H,Lai_500m,0.7,0.7,0.7,0,0.7,0,0,1,1,100
A2015069,10/03/2015,MCD15A3H,Lai_500m,1.3,1.3,1.3,0,1.3,0,0,1,1,100
A2015073,14/03/2015,MCD15A3H,Lai_500m,,,,,,,,1,0,0
A2015077,18/03/2015,MCD15A3H,Lai_500m,1.6,1.6,1.6,0,1.6,0,0,1,1,100
A2015081,22/03/2015,MCD15A3H,Lai_500m,1.3,1.3,1.3,0,1.3,0,0,1,1,100
A2015085,26/03/2015,MCD15A3H,Lai_500m,1.8,1.8,1.8,0,1.8,0,0,1,1,100
A2015089,30/03/2015,MCD15A3H,Lai_500m,,,,,,,,1,0,0
A2015093,03/04/2015,MCD15A3H,Lai_500m,,,,,,,,1,0,0
A2015097,07/04/2015,MCD15A3H,Lai_500m,1.8,1.8,1.8,0,1.8,0,0,1,1,100
A2015101,11/04/2015,MCD15A3H,Lai_500m,1.9,1.9,1.9,0,1.9,0,0,1,1,100
A2015105,15/04/2015,MCD15A3H,Lai_500m,0.7,0.7,0.7,0,0.7,0,0,1,1,100
A2015109,19/04/2015,MCD15A3H,Lai_500m,2,2,2,0,2,0,0,1,1,100
A2015113,23/04/2015,MCD15A3H,Lai_500m,1.7,1.7,1.7,0,1.7,0,0,1,1,100
A2015117,27/04/2015,MCD15A3H,Lai_500m,0.2,0.2,0.2,0,0.2,0,0,1,1,100
A2015121,01/05/2015,MCD15A3H,Lai_500m,2.5,2.5,2.5,0,2.5,0,0,1,1,100
A2015125,05/05/2015,MCD15A3H,Lai_500m,1.9,1.9,1.9,0,1.9,0,0,1,1,100
A2015129,09/05/2015,MCD15A3H,Lai_500m,1.3,1.3,1.3,0,1.3,0,0,1,1,100
A2015133,13/05/2015,MCD15A3H,Lai_500m,1.2,1.2,1.2,0,1.2,0,0,1,1,100
A2015137,17/05/2015,MCD15A3H,Lai_500m,1,1,1,0,1,0,0,1,1,100
A2015141,21/05/2015,MCD15A3H,Lai_500m,1.1,1.1,1.1,0,1.1,0,0,1,1,100
A2015145,25/05/2015,MCD15A3H,Lai_500m,1,1,1,0,1,0,0,1,1,100
A2015149,29/05/2015,MCD15A3H,Lai_500m,0.7,0.7,0.7,0,0.7,0,0,1,1,100
A2015153,02/06/2015,MCD15A3H,Lai_500m,0.6,0.6,0.6,0,0.6,0,0,1,1,100
A2015157,06/06/2015,MCD15A3H,Lai_500m,0.6,0.6,0.6,0,0.6,0,0,1,1,100
A2015161,10/06/2015,MCD15A3H,Lai_500m,0.6,0.6,0.6,0,0.6,0,0,1,1,100
A2015165,14/06/2015,MCD15A3H,Lai_500m,0.7,0.7,0.7,0,0.7,0,0,1,1,100
A2015169,18/06/2015,MCD15A3H,Lai_500m,0.9,0.9,0.9,0,0.9,0,0,1,1,100
A2015173,22/06/2015,MCD15A3H,Lai_500m,,,,,,,,1,0,0
A2015177,26/06/2015,MCD15A3H,Lai_500m,,,,,,,,1,0,0
A2015181,30/06/2015,MCD15A3H,Lai_500m,0.3,0.3,0.3,0,0.3,0,0,1,1,100
A2015185,04/07/2015,MCD15A3H,Lai_500m,1.1,1.1,1.1,0,1.1,0,0,1,1,100
A2015189,08/07/2015,MCD15A3H,Lai_500m,1.1,1.1,1.1,0,1.1,0,0,1,1,100
A2015193,12/07/2015,MCD15A3H,Lai_500m,1.4,1.4,1.4,0,1.4,0,0,1,1,100
A2015197,16/07/2015,MCD15A3H,Lai_500m,,,,,,,,1,0,0
A2015201,20/07/2015,MCD15A3H,Lai_500m,,,,,,,,1,0,0
A2015205,24/07/2015,MCD15A3H,Lai_500m,1.9,1.9,1.9,0,1.9,0,0,1,1,100
A2015209,28/07/2015,MCD15A3H,Lai_500m,2.1,2.1,2.1,0,2.1,0,0,1,1,100
A2015213,01/08/2015,MCD15A3H,Lai_500m,2.4,2.4,2.4,0,2.4,0,0,1,1,100
A2015217,05/08/2015,MCD15A3H,Lai_500m,2.2,2.2,2.2,0,2.2,0,0,1,1,100
A2015221,09/08/2015,MCD15A3H,Lai_500m,0.6,0.6,0.6,0,0.6,0,0,1,1,100
A2015225,13/08/2015,MCD15A3H,Lai_500m,2,2,2,0,2,0,0,1,1,100
A2015229,17/08/2015,MCD15A3H,Lai_500m,2.1,2.1,2.1,0,2.1,0,0,1,1,100
A2015233,21/08/2015,MCD15A3H,Lai_500m,0.3,0.3,0.3,0,0.3,0,0,1,1,100
A2015237,25/08/2015,MCD15A3H,Lai_500m,2.6,2.6,2.6,0,2.6,0,0,1,1,100
A2015241,29/08/2015,MCD15A3H,Lai_500m,2.4,2.4,2.4,0,2.4,0,0,1,1,100
A2015245,02/09/2015,MCD15A3H,Lai_500m,1.5,1.5,1.5,0,1.5,0,0,1,1,100
A2015249,06/09/2015,MCD15A3H,Lai_500m,1.5,1.5,1.5,0,1.5,0,0,1,1,100
A2015253,10/09/2015,MCD15A3H,Lai_500m,,,,,,,,1,0,0
A2015257,14/09/2015,MCD15A3H,Lai_500m,,,,,,,,1,0,0
A2015261,18/09/2015,MCD15A3H,Lai_500m,2.1,2.1,2.1,0,2.1,0,0,1,1,100
A2015265,22/09/2015,MCD15A3H,Lai_500m,0.7,0.7,0.7,0,0.7,0,0,1,1,100
A2015269,26/09/2015,MCD15A3H,Lai_500m,1.6,1.6,1.6,0,1.6,0,0,1,1,100
A2015273,30/09/2015,MCD15A3H,Lai_500m,1.2,1.2,1.2,0,1.2,0,0,1,1,100
A2015277,04/10/2015,MCD15A3H,Lai_500m,1.5,1.5,1.5,0,1.5,0,0,1,1,100
A2015281,08/10/2015,MCD15A3H,Lai_500m,1.2,1.2,1.2,0,1.2,0,0,1,1,100
A2015285,12/10/2015,MCD15A3H,Lai_500m,1.3,1.3,1.3,0,1.3,0,0,1,1,100
A2015289,16/10/2015,MCD15A3H,Lai_500m,1,1,1,0,1,0,0,1,1,100
A2015293,20/10/2015,MCD15A3H,Lai_500m,1.4,1.4,1.4,0,1.4,0,0,1,1,100
A2015297,24/10/2015,MCD15A3H,Lai_500m,1,1,1,0,1,0,0,1,1,100
A2015301,28/10/2015,MCD15A3H,Lai_500m,0.9,0.9,0.9,0,0.9,0,0,1,1,100
A2015305,01/11/2015,MCD15A3H,Lai_500m,0.5,0.5,0.5,0,0.5,0,0,1,1,100
A2015309,05/11/2015,MCD15A3H,Lai_500m,,,,,,,,1,0,0
A2015313,09/11/2015,MCD15A3H,Lai_500m,0.5,0.5,0.5,0,0.5,0,0,1,1,100
A2015317,13/11/2015,MCD15A3H,Lai_500m,0.7,0.7,0.7,0,0.7,0,0,1,1,100
A2015321,17/11/2015,MCD15A3H,Lai_500m,,,,,,,,1,0,0
A2015325,21/11/2015,MCD15A3H,Lai_500m,,,,,,,,1,0,0
A2015329,25/11/2015,MCD15A3H,Lai_500m,0.5,0.5,0.5,0,0.5,0,0,1,1,100
A2015333,29/11/2015,MCD15A3H,Lai_500m,0.4,0.4,0.4,0,0.4,0,0,1,1,100
A2015337,03/12/2015,MCD15A3H,Lai_500m,0.4,0.4,0.4,0,0.4,0,0,1,1,100
A2015341,07/12/2015,MCD15A3H,Lai_500m,0.4,0.4,0.4,0,0.4,0,0,1,1,100
A2015345,11/12/2015,MCD15A3H,Lai_500m,0.5,0.5,0.5,0,0.5,0,0,1,1,100
A2015349,15/12/2015,MCD15A3H,Lai_500m,0.4,0.4,0.4,0,0.4,0,0,1,1,100
A2015353,19/12/2015,MCD15A3H,Lai_500m,0.6,0.6,0.6,0,0.6,0,0,1,1,100
A2015357,23/12/2015,MCD15A3H,Lai_500m,0.4,0.4,0.4,0,0.4,0,0,1,1,100
A2015361,27/12/2015,MCD15A3H,Lai_500m,0.4,0.4,0.4,0,0.4,0,0,1,1,100
A2015365,31/12/2015,MCD15A3H,Lai_500m,0.4,0.4,0.4,0,0.4,0,0,1,1,100
A2016001,01/01/2016,MCD15A3H,Lai_500m,0.4,0.4,0.4,0,0.4,0,0,1,1,100
A2016005,05/01/2016,MCD15A3H,Lai_500m,0.6,0.6,0.6,0,0.6,0,0,1,1,100
A2016009,09/01/2016,MCD15A3H,Lai_500m,0.1,0.1,0.1,0,0.1,0,0,1,1,100
A2016013,13/01/2016,MCD15A3H,Lai_500m,0.6,0.6,0.6,0,0.6,0,0,1,1,100
A2016017,17/01/2016,MCD15A3H,Lai_500m,0.5,0.5,0.5,0,0.5,0,0,1,1,100
A2016021,21/01/2016,MCD15A3H,Lai_500m,0.5,0.5,0.5,0,0.5,0,0,1,1,100
A2016025,25/01/2016,MCD15A3H,Lai_500m,0.5,0.5,0.5,0,0.5,0,0,1,1,100
A2016029,29/01/2016,MCD15A3H,Lai_500m,0.1,0.1,0.1,0,0.1,0,0,1,1,100
A2016033,02/02/2016,MCD15A3H,Lai_500m,0.6,0.6,0.6,0,0.6,0,0,1,1,100
A2016037,06/02/2016,MCD15A3H,Lai_500m,0.7,0.7,0.7,0,0.7,0,0,1,1,100
A2016041,10/02/2016,MCD15A3H,Lai_500m,0.3,0.3,0.3,0,0.3,0,0,1,1,100
A2016045,14/02/2016,MCD15A3H,Lai_500m,0.7,0.7,0.7,0,0.7,0,0,1,1,100
A2016049,18/02/2016,MCD15A3H,Lai_500m,0.7,0.7,0.7,0,0.7,0,0,1,1,100
A2016057,26/02/2016,MCD15A3H,Lai_500m,1,1,1,0,1,0,0,1,1,100
A2016061,01/03/2016,MCD15A3H,Lai_500m,0.7,0.7,0.7,0,0.7,0,0,1,1,100
A2016065,05/03/2016,MCD15A3H,Lai_500m,0.6,0.6,0.6,0,0.6,0,0,1,1,100
A2016069,09/03/2016,MCD15A3H,Lai_500m,0.5,0.5,0.5,0,0.5,0,0,1,1,100
A2016073,13/03/2016,MCD15A3H,Lai_500m,1.3,1.3,1.3,0,1.3,0,0,1,1,100
A2016077,17/03/2016,MCD15A3H,Lai_500m,1.1,1.1,1.1,0,1.1,0,0,1,1,100
A2016081,21/03/2016,MCD15A3H,Lai_500m,1.7,1.7,1.7,0,1.7,0,0,1,1,100
A2016085,25/03/2016,MCD15A3H,Lai_500m,2,2,2,0,2,0,0,1,1,100
A2016089,29/03/2016,MCD15A3H,Lai_500m,1.7,1.7,1.7,0,1.7,0,0,1,1,100
A2016093,02/04/2016,MCD15A3H,Lai_500m,,,,,,,,1,0,0
A2016097,06/04/2016,MCD15A3H,Lai_500m,1.4,1.4,1.4,0,1.4,0,0,1,1,100
A2016101,10/04/2016,MCD15A3H,Lai_500m,1.5,1.5,1.5,0,1.5,0,0,1,1,100
A2016105,14/04/2016,MCD15A3H,Lai_500m,0.8,0.8,0.8,0,0.8,0,0,1,1,100
A2016109,18/04/2016,MCD15A3H,Lai_500m,2,2,2,0,2,0,0,1,1,100
A2016113,22/04/2016,MCD15A3H,Lai_500m,1.1,1.1,1.1,0,1.1,0,0,1,1,100
A2016117,26/04/2016,MCD15A3H,Lai_500m,2,2,2,0,2,0,0,1,1,100
A2016121,30/04/2016,MCD15A3H,Lai_500m,1.9,1.9,1.9,0,1.9,0,0,1,1,100
A2016125,04/05/2016,MCD15A3H,Lai_500m,1.7,1.7,1.7,0,1.7,0,0,1,1,100
A2016129,08/05/2016,MCD15A3H,Lai_500m,1.6,1.6,1.6,0,1.6,0,0,1,1,100
A2016133,12/05/2016,MCD15A3H,Lai_500m,1.5,1.5,1.5,0,1.5,0,0,1,1,100
A2016137,16/05/2016,MCD15A3H,Lai_500m,1.4,1.4,1.4,0,1.4,0,0,1,1,100
A2016141,20/05/2016,MCD15A3H,Lai_500m,,,,,,,,1,0,0
A2016145,24/05/2016,MCD15A3H,Lai_500m,0.5,0.5,0.5,0,0.5,0,0,1,1,100
A2016149,28/05/2016,MCD15A3H,Lai_500m,,,,,,,,1,0,0
A2016153,01/06/2016,MCD15A3H,Lai_500m,0.5,0.5,0.5,0,0.5,0,0,1,1,100
A2016157,05/06/2016,MCD15A3H,Lai_500m,0.3,0.3,0.3,0,0.3,0,0,1,1,100
A2016161,09/06/2016,MCD15A3H,Lai_500m,0.6,0.6,0.6,0,0.6,0,0,1,1,100
A2016165,13/06/2016,MCD15A3H,Lai_500m,0.9,0.9,0.9,0,0.9,0,0,1,1,100
A2016169,17/06/2016,MCD15A3H,Lai_500m,0.7,0.7,0.7,0,0.7,0,0,1,1,100
A2016173,21/06/2016,MCD15A3H,Lai_500m,1,1,1,0,1,0,0,1,1,100
A2016177,25/06/2016,MCD15A3H,Lai_500m,1.1,1.1,1.1,0,1.1,0,0,1,1,100
A2016181,29/06/2016,MCD15A3H,Lai_500m,0.7,0.7,0.7,0,0.7,0,0,1,1,100
A2016185,03/07/2016,MCD15A3H,Lai_500m,,,,,,,,1,0,0
A2016189,07/07/2016,MCD15A3H,Lai_500m,0.7,0.7,0.7,0,0.7,0,0,1,1,100
A2016193,11/07/2016,MCD15A3H,Lai_500m,,,,,,,,1,0,0
A2016197,15/07/2016,MCD15A3H,Lai_500m,1.3,1.3,1.3,0,1.3,0,0,1,1,100
A2016201,19/07/2016,MCD15A3H,Lai_500m,1.5,1.5,1.5,0,1.5,0,0,1,1,100
A2016205,23/07/2016,MCD15A3H,Lai_500m,1.6,1.6,1.6,0,1.6,0,0,1,1,100
A2016209,27/07/2016,MCD15A3H,Lai_500m,1.7,1.7,1.7,0,1.7,0,0,1,1,100
A2016213,31/07/2016,MCD15A3H,Lai_500m,1.8,1.8,1.8,0,1.8,0,0,1,1,100
A2016217,04/08/2016,MCD15A3H,Lai_500m,2.6,2.6,2.6,0,2.6,0,0,1,1,100
A2016221,08/08/2016,MCD15A3H,Lai_500m,2.6,2.6,2.6,0,2.6,0,0,1,1,100
A2016225,12/08/2016,MCD15A3H,Lai_500m,2.3,2.3,2.3,0,2.3,0,0,1,1,100
A2016229,16/08/2016,MCD15A3H,Lai_500m,2.1,2.1,2.1,0,2.1,0,0,1,1,100
A2016233,20/08/2016,MCD15A3H,Lai_500m,4.2,4.2,4.2,0,4.2,0,0,1,1,100
A2016237,24/08/2016,MCD15A3H,Lai_500m,1.2,1.2,1.2,0,1.2,0,0,1,1,100
A2016241,28/08/2016,MCD15A3H,Lai_500m,1.6,1.6,1.6,0,1.6,0,0,1,1,100
A2016245,01/09/2016,MCD15A3H,Lai_500m,2.2,2.2,2.2,0,2.2,0,0,1,1,100
A2016249,05/09/2016,MCD15A3H,Lai_500m,,,,,,,,1,0,0
A2016253,09/09/2016,MCD15A3H,Lai_500m,2,2,2,0,2,0,0,1,1,100
A2016257,13/09/2016,MCD15A3H,Lai_500m,2.4,2.4,2.4,0,2.4,0,0,1,1,100
A2016261,17/09/2016,MCD15A3H,Lai_500m,0.3,0.3,0.3,0,0.3,0,0,1,1,100
A2016265,21/09/2016,MCD15A3H,Lai_500m,1.8,1.8,1.8,0,1.8,0,0,1,1,100
A2016269,25/09/2016,MCD15A3H,Lai_500m,0.9,0.9,0.9,0,0.9,0,0,1,1,100
A2016273,29/09/2016,MCD15A3H,Lai_500m,,,,,,,,1,0,0
A2016277,03/10/2016,MCD15A3H,Lai_500m,1.3,1.3,1.3,0,1.3,0,0,1,1,100
A2016281,07/10/2016,MCD15A3H,Lai_500m,1.3,1.3,1.3,0,1.3,0,0,1,1,100
A2016285,11/10/2016,MCD15A3H,Lai_500m,,,,,,,,1,0,0
A2016289,15/10/2016,MCD15A3H,Lai_500m,,,,,,,,1,0,0
A2016293,19/10/2016,MCD15A3H,Lai_500m,,,,,,,,1,0,0
A2016297,23/10/2016,MCD15A3H,Lai_500m,,,,,,,,1,0,0
A2016301,27/10/2016,MCD15A3H,Lai_500m,,,,,,,,1,0,0
A2016305,31/10/2016,MCD15A3H,Lai_500m,0.6,0.6,0.6,0,0.6,0,0,1,1,100
A2016309,04/11/2016,MCD15A3H,Lai_500m,0.6,0.6,0.6,0,0.6,0,0,1,1,100
A2016313,08/11/2016,MCD15A3H,Lai_500m,0.5,0.5,0.5,0,0.5,0,0,1,1,100
A2016317,12/11/2016,MCD15A3H,Lai_500m,0.4,0.4,0.4,0,0.4,0,0,1,1,100
A2016321,16/11/2016,MCD15A3H,Lai_500m,0.3,0.3,0.3,0,0.3,0,0,1,1,100
A2016325,20/11/2016,MCD15A3H,Lai_500m,,,,,,,,1,0,0
A2016329,24/11/2016,MCD15A3H,Lai_500m,0.2,0.2,0.2,0,0.2,0,0,1,1,100
A2016333,28/11/2016,MCD15A3H,Lai_500m,0.3,0.3,0.3,0,0.3,0,0,1,1,100
A2016337,02/12/2016,MCD15A3H,Lai_500m,0.4,0.4,0.4,0,0.4,0,0,1,1,100
A2016341,06/12/2016,MCD15A3H,Lai_500m,0.5,0.5,0.5,0,0.5,0,0,1,1,100
A2016345,10/12/2016,MCD15A3H,Lai_500m,0.2,0.2,0.2,0,0.2,0,0,1,1,100
A2016349,14/12/2016,MCD15A3H,Lai_500m,0.4,0.4,0.4,0,0.4,0,0,1,1,100
A2016353,18/12/2016,MCD15A3H,Lai_500m,0.3,0.3,0.3,0,0.3,0,0,1,1,100
A2016357,22/12/2016,MCD15A3H,Lai_500m,,,,,,,,1,0,0
A2016361,26/12/2016,MCD15A3H,Lai_500m,0.1,0.1,0.1,0,0.1,0,0,1,1,100
A2016365,30/12/2016,MCD15A3H,Lai_500m,0.6,0.6,0.6,0,0.6,0,0,1,1,100
A2017001,01/01/2017,MCD15A3H,Lai_500m,0.1,0.1,0.1,0,0.1,0,0,1,1,100
A2017005,05/01/2017,MCD15A3H,Lai_500m,,,,,,,,1,0,0
A2017009,09/01/2017,MCD15A3H,Lai_500m,0.4,0.4,0.4,0,0.4,0,0,1,1,100
A2017013,13/01/2017,MCD15A3H,Lai_500m,0.3,0.3,0.3,0,0.3,0,0,1,1,100
A2017017,17/01/2017,MCD15A3H,Lai_500m,0.4,0.4,0.4,0,0.4,0,0,1,1,100
A2017021,21/01/2017,MCD15A3H,Lai_500m,0.5,0.5,0.5,0,0.5,0,0,1,1,100
A2017025,25/01/2017,MCD15A3H,Lai_500m,0.4,0.4,0.4,0,0.4,0,0,1,1,100
A2017029,29/01/2017,MCD15A3H,Lai_500m,0.3,0.3,0.3,0,0.3,0,0,1,1,100
A2017033,02/02/2017,MCD15A3H,Lai_500m,0.5,0.5,0.5,0,0.5,0,0,1,1,100
A2017037,06/02/2017,MCD15A3H,Lai_500m,0.7,0.7,0.7,0,0.7,0,0,1,1,100
A2017041,10/02/2017,MCD15A3H,Lai_500m,0.7,0.7,0.7,0,0.7,0,0,1,1,100
A2017045,14/02/2017,MCD15A3H,Lai_500m,0.6,0.6,0.6,0,0.6,0,0,1,1,100
A2017049,18/02/2017,MCD15A3H,Lai_500m,0.7,0.7,0.7,0,0.7,0,0,1,1,100
A2017053,22/02/2017,MCD15A3H,Lai_500m,0.5,0.5,0.5,0,0.5,0,0,1,1,100
A2017057,26/02/2017,MCD15A3H,Lai_500m,1,1,1,0,1,0,0,1,1,100
A2017061,02/03/2017,MCD15A3H,Lai_500m,0.9,0.9,0.9,0,0.9,0,0,1,1,100
A2017065,06/03/2017,MCD15A3H,Lai_500m,1,1,1,0,1,0,0,1,1,100
A2017069,10/03/2017,MCD15A3H,Lai_500m,1.1,1.1,1.1,0,1.1,0,0,1,1,100
A2017073,14/03/2017,MCD15A3H,Lai_500m,1.2,1.2,1.2,0,1.2,0,0,1,1,100
A2017077,18/03/2017,MCD15A3H,Lai_500m,0.2,0.2,0.2,0,0.2,0,0,1,1,100
A2017081,22/03/2017,MCD15A3H,Lai_500m,0.2,0.2,0.2,0,0.2,0,0,1,1,100
A2017085,26/03/2017,MCD15A3H,Lai_500m,1.6,1.6,1.6,0,1.6,0,0,1,1,100
A2017089,30/03/2017,MCD15A3H,Lai_500m,2.2,2.2,2.2,0,2.2,0,0,1,1,100
A2017093,03/04/2017,MCD15A3H,Lai_500m,,,,,,,,1,0,0
A2017097,07/04/2017,MCD15A3H,Lai_500m,1.7,1.7,1.7,0,1.7,0,0,1,1,100
A2017101,11/04/2017,MCD15A3H,Lai_500m,1.6,1.6,1.6,0,1.6,0,0,1,1,100
A2017105,15/04/2017,MCD15A3H,Lai_500m,1,1,1,0,1,0,0,1,1,100
A2017109,19/04/2017,MCD15A3H,Lai_500m,2.2,2.2,2.2,0,2.2,0,0,1,1,100
A2017113,23/04/2017,MCD15A3H,Lai_500m,1.9,1.9,1.9,0,1.9,0,0,1,1,100
A2017117,27/04/2017,MCD15A3H,Lai_500m,1.9,1.9,1.9,0,1.9,0,0,1,1,100
A2017121,01/05/2017,MCD15A3H,Lai_500m,1.1,1.1,1.1,0,1.1,0,0,1,1,100
A2017125,05/05/2017,MCD15A3H,Lai_500m,1.4,1.4,1.4,0,1.4,0,0,1,1,100
A2017129,09/05/2017,MCD15A3H,Lai_500m,0.9,0.9,0.9,0,0.9,0,0,1,1,100
A2017133,13/05/2017,MCD15A3H,Lai_500m,1.1,1.1,1.1,0,1.1,0,0,1,1,100
A2017137,17/05/2017,MCD15A3H,Lai_500m,1.2,1.2,1.2,0,1.2,0,0,1,1,100
A2017141,21/05/2017,MCD15A3H,Lai_500m,1,1,1,0,1,0,0,1,1,100
A2017145,25/05/2017,MCD15A3H,Lai_500m,0.7,0.7,0.7,0,0.7,0,0,1,1,100
A2017149,29/05/2017,MCD15A3H,Lai_500m,0.6,0.6,0.6,0,0.6,0,0,1,1,100
A2017153,02/06/2017,MCD15A3H,Lai_500m,0.5,0.5,0.5,0,0.5,0,0,1,1,100
A2017157,06/06/2017,MCD15A3H,Lai_500m,0.6,0.6,0.6,0,0.6,0,0,1,1,100
A2017161,10/06/2017,MCD15A3H,Lai_500m,,,,,,,,1,0,0
A2017165,14/06/2017,MCD15A3H,Lai_500m,1,1,1,0,1,0,0,1,1,100
A2017169,18/06/2017,MCD15A3H,Lai_500m,0.3,0.3,0.3,0,0.3,0,0,1,1,100
A2017173,22/06/2017,MCD15A3H,Lai_500m,0.2,0.2,0.2,0,0.2,0,0,1,1,100
A2017177,26/06/2017,MCD15A3H,Lai_500m,0.8,0.8,0.8,0,0.8,0,0,1,1,100
A2017181,30/06/2017,MCD15A3H,Lai_500m,,,,,,,,1,0,0
A2017185,04/07/2017,MCD15A3H,Lai_500m,,,,,,,,1,0,0
A2017189,08/07/2017,MCD15A3H,Lai_500m,1.2,1.2,1.2,0,1.2,0,0,1,1,100
A2017193,12/07/2017,MCD15A3H,Lai_500m,1.8,1.8,1.8,0,1.8,0,0,1,1,100
A2017197,16/07/2017,MCD15A3H,Lai_500m,1.5,1.5,1.5,0,1.5,0,0,1,1,100
A2017201,20/07/2017,MCD15A3H,Lai_500m,2.2,2.2,2.2,0,2.2,0,0,1,1,100
A2017205,24/07/2017,MCD15A3H,Lai_500m,2.3,2.3,2.3,0,2.3,0,0,1,1,100
A2017209,28/07/2017,MCD15A3H,Lai_500m,1.8,1.8,1.8,0,1.8,0,0,1,1,100
A2017213,01/08/2017,MCD15A3H,Lai_500m,1,1,1,0,1,0,0,1,1,100
A2017217,05/08/2017,MCD15A3H,Lai_500m,0.8,0.8,0.8,0,0.8,0,0,1,1,100
A2017221,09/08/2017,MCD15A3H,Lai_500m,,,,,,,,1,0,0
A2017225,13/08/2017,MCD15A3H,Lai_500m,,,,,,,,1,0,0
A2017229,17/08/2017,MCD15A3H,Lai_500m,2.3,2.3,2.3,0,2.3,0,0,1,1,100
A2017233,21/08/2017,MCD15A3H,Lai_500m,3,3,3,0,3,0,0,1,1,100
A2017237,25/08/2017,MCD15A3H,Lai_500m,2.7,2.7,2.7,0,2.7,0,0,1,1,100
A2017241,29/08/2017,MCD15A3H,Lai_500m,3,3,3,0,3,0,0,1,1,100
A2017245,02/09/2017,MCD15A3H,Lai_500m,,,,,,,,1,0,0
A2017249,06/09/2017,MCD15A3H,Lai_500m,0.9,0.9,0.9,0,0.9,0,0,1,1,100
A2017253,10/09/2017,MCD15A3H,Lai_500m,2.3,2.3,2.3,0,2.3,0,0,1,1,100
A2017257,14/09/2017,MCD15A3H,Lai_500m,2.3,2.3,2.3,0,2.3,0,0,1,1,100
A2017261,18/09/2017,MCD15A3H,Lai_500m,2.3,2.3,2.3,0,2.3,0,0,1,1,100
A2017265,22/09/2017,MCD15A3H,Lai_500m,2,2,2,0,2,0,0,1,1,100
A2017269,26/09/2017,MCD15A3H,Lai_500m,1.7,1.7,1.7,0,1.7,0,0,1,1,100
A2017273,30/09/2017,MCD15A3H,Lai_500m,,,,,,,,1,0,0
A2017277,04/10/2017,MCD15A3H,Lai_500m,1.4,1.4,1.4,0,1.4,0,0,1,1,100
A2017281,08/10/2017,MCD15A3H,Lai_500m,1.6,1.6,1.6,0,1.6,0,0,1,1,100
A2017285,12/10/2017,MCD15A3H,Lai_500m,0.2,0.2,0.2,0,0.2,0,0,1,1,100
A2017289,16/10/2017,MCD15A3H,Lai_500m,,,,,,,,1,0,0
A2017293,20/10/2017,MCD15A3H,Lai_500m,0.7,0.7,0.7,0,0.7,0,0,1,1,100
A2017297,24/10/2017,MCD15A3H,Lai_500m,1.3,1.3,1.3,0,1.3,0,0,1,1,100
A2017301,28/10/2017,MCD15A3H,Lai_500m,0.9,0.9,0.9,0,0.9,0,0,1,1,100
A2017305,01/11/2017,MCD15A3H,Lai_500m,1,1,1,0,1,0,0,1,1,100
A2017309,05/11/2017,MCD15A3H,Lai_500m,1,1,1,0,1,0,0,1,1,100
A2017313,09/11/2017,MCD15A3H,Lai_500m,0.7,0.7,0.7,0,0.7,0,0,1,1,100
A2017317,13/11/2017,MCD15A3H,Lai_500m,0.3,0.3,0.3,0,0.3,0,0,1,1,100
A2017321,17/11/2017,MCD15A3H,Lai_500m,0.3,0.3,0.3,0,0.3,0,0,1,1,100
A2017325,21/11/2017,MCD15A3H,Lai_500m,0.5,0.5,0.5,0,0.5,0,0,1,1,100
A2017329,25/11/2017,MCD15A3H,Lai_500m,0.4,0.4,0.4,0,0.4,0,0,1,1,100
A2017333,29/11/2017,MCD15A3H,Lai_500m,0.4,0.4,0.4,0,0.4,0,0,1,1,100
A2017337,03/12/2017,MCD15A3H,Lai_500m,0.5,0.5,0.5,0,0.5,0,0,1,1,100
A2017341,07/12/2017,MCD15A3H,Lai_500m,0.5,0.5,0.5,0,0.5,0,0,1,1,100
A2017345,11/12/2017,MCD15A3H,Lai_500m,0.4,0.4,0.4,0,0.4,0,0,1,1,100
A2017349,15/12/2017,MCD15A3H,Lai_500m,0.3,0.3,0.3,0,0.3,0,0,1,1,100
A2017353,19/12/2017,MCD15A3H,Lai_500m,0.3,0.3,0.3,0,0.3,0,0,1,1,100
A2017357,23/12/2017,MCD15A3H,Lai_500m,0.5,0.5,0.5,0,0.5,0,0,1,1,100
A2017361,27/12/2017,MCD15A3H,Lai_500m,0.2,0.2,0.2,0,0.2,0,0,1,1,100
A2017365,31/12/2017,MCD15A3H,Lai_500m,0.1,0.1,0.1,0,0.1,0,0,1,1,100
A2018001,01/01/2018,MCD15A3H,Lai_500m,0.1,0.1,0.1,0,0.1,0,0,1,1,100
A2018005,05/01/2018,MCD15A3H,Lai_500m,0.6,0.6,0.6,0,0.6,0,0,1,1,100
A2018009,09/01/2018,MCD15A3H,Lai_500m,0.5,0.5,0.5,0,0.5,0,0,1,1,100
A2018013,13/01/2018,MCD15A3H,Lai_500m,0.3,0.3,0.3,0,0.3,0,0,1,1,100
A2018017,17/01/2018,MCD15A3H,Lai_500m,,,,,,,,1,0,0
A2018021,21/01/2018,MCD15A3H,Lai_500m,0.3,0.3,0.3,0,0.3,0,0,1,1,100
A2018025,25/01/2018,MCD15A3H,Lai_500m,,,,,,,,1,0,0
A2018029,29/01/2018,MCD15A3H,Lai_500m,0.3,0.3,0.3,0,0.3,0,0,1,1,100
A2018033,02/02/2018,MCD15A3H,Lai_500m,0.3,0.3,0.3,0,0.3,0,0,1,1,100
A2018037,06/02/2018,MCD15A3H,Lai_500m,0.7,0.7,0.7,0,0.7,0,0,1,1,100
A2018041,10/02/2018,MCD15A3H,Lai_500m,0.4,0.4,0.4,0,0.4,0,0,1,1,100
A2018045,14/02/2018,MCD15A3H,Lai_500m,0.6,0.6,0.6,0,0.6,0,0,1,1,100
A2018049,18/02/2018,MCD15A3H,Lai_500m,,,,,,,,1,0,0
A2018053,22/02/2018,MCD15A3H,Lai_500m,0.8,0.8,0.8,0,0.8,0,0,1,1,100
A2018057,26/02/2018,MCD15A3H,Lai_500m,0.9,0.9,0.9,0,0.9,0,0,1,1,100
A2018061,02/03/2018,MCD15A3H,Lai_500m,0.2,0.2,0.2,0,0.2,0,0,1,1,100
A2018065,06/03/2018,MCD15A3H,Lai_500m,1,1,1,0,1,0,0,1,1,100
A2018069,10/03/2018,MCD15A3H,Lai_500m,1.2,1.2,1.2,0,1.2,0,0,1,1,100
A2018073,14/03/2018,MCD15A3H,Lai_500m,1.1,1.1,1.1,0,1.1,0,0,1,1,100
A2018077,18/03/2018,MCD15A3H,Lai_500m,,,,,,,,1,0,0
A2018081,22/03/2018,MCD15A3H,Lai_500m,1.2,1.2,1.2,0,1.2,0,0,1,1,100
A2018085,26/03/2018,MCD15A3H,Lai_500m,1.5,1.5,1.5,0,1.5,0,0,1,1,100
A2018089,30/03/2018,MCD15A3H,Lai_500m,1.7,1.7,1.7,0,1.7,0,0,1,1,100
A2018093,03/04/2018,MCD15A3H,Lai_500m,1.5,1.5,1.5,0,1.5,0,0,1,1,100
A2018097,07/04/2018,MCD15A3H,Lai_500m,1.8,1.8,1.8,0,1.8,0,0,1,1,100
A2018101,11/04/2018,MCD15A3H,Lai_500m,0.6,0.6,0.6,0,0.6,0,0,1,1,100
A2018105,15/04/2018,MCD15A3H,Lai_500m,1.8,1.8,1.8,0,1.8,0,0,1,1,100
A2018109,19/04/2018,MCD15A3H,Lai_500m,1.6,1.6,1.6,0,1.6,0,0,1,1,100
A2018113,23/04/2018,MCD15A3H,Lai_500m,1.7,1.7,1.7,0,1.7,0,0,1,1,100
A2018117,27/04/2018,MCD15A3H,Lai_500m,2,2,2,0,2,0,0,1,1,100
A2018121,01/05/2018,MCD15A3H,Lai_500m,2,2,2,0,2,0,0,1,1,100
A2018125,05/05/2018,MCD15A3H,Lai_500m,0.3,0.3,0.3,0,0.3,0,0,1,1,100
A2018129,09/05/2018,MCD15A3H,Lai_500m,1.7,1.7,1.7,0,1.7,0,0,1,1,100
A2018133,13/05/2018,MCD15A3H,Lai_500m,1.7,1.7,1.7,0,1.7,0,0,1,1,100
A2018137,17/05/2018,MCD15A3H,Lai_500m,,,,,,,,1,0,0
A2018141,21/05/2018,MCD15A3H,Lai_500m,1.1,1.1,1.1,0,1.1,0,0,1,1,100
A2018145,25/05/2018,MCD15A3H,Lai_500m,0.3,0.3,0.3,0,0.3,0,0,1,1,100
A2018149,29/05/2018,MCD15A3H,Lai_500m,0.8,0.8,0.8,0,0.8,0,0,1,1,100
A2018153,02/06/2018,MCD15A3H,Lai_500m,0.7,0.7,0.7,0,0.7,0,0,1,1,100
A2018157,06/06/2018,MCD15A3H,Lai_500m,0.9,0.9,0.9,0,0.9,0,0,1,1,100
A2018161,10/06/2018,MCD15A3H,Lai_500m,0.9,0.9,0.9,0,0.9,0,0,1,1,100
A2018165,14/06/2018,MCD15A3H,Lai_500m,1.7,1.7,1.7,0,1.7,0,0,1,1,100
A2018169,18/06/2018,MCD15A3H,Lai_500m,0.7,0.7,0.7,0,0.7,0,0,1,1,100
A2018173,22/06/2018,MCD15A3H,Lai_500m,1.2,1.2,1.2,0,1.2,0,0,1,1,100
A2018177,26/06/2018,MCD15A3H,Lai_500m,0.6,0.6,0.6,0,0.6,0,0,1,1,100
A2018181,30/06/2018,MCD15A3H,Lai_500m,1.1,1.1,1.1,0,1.1,0,0,1,1,100
A2018185,04/07/2018,MCD15A3H,Lai_500m,0.2,0.2,0.2,0,0.2,0,0,1,1,100
A2018189,08/07/2018,MCD15A3H,Lai_500m,1,1,1,0,1,0,0,1,1,100
A2018193,12/07/2018,MCD15A3H,Lai_500m,1.5,1.5,1.5,0,1.5,0,0,1,1,100
A2018197,16/07/2018,MCD15A3H,Lai_500m,1.5,1.5,1.5,0,1.5,0,0,1,1,100
A2018201,20/07/2018,MCD15A3H,Lai_500m,1.8,1.8,1.8,0,1.8,0,0,1,1,100
A2018205,24/07/2018,MCD15A3H,Lai_500m,1.9,1.9,1.9,0,1.9,0,0,1,1,100
A2018209,28/07/2018,MCD15A3H,Lai_500m,2,2,2,0,2,0,0,1,1,100
A2018213,01/08/2018,MCD15A3H,Lai_500m,0.6,0.6,0.6,0,0.6,0,0,1,1,100
A2018217,05/08/2018,MCD15A3H,Lai_500m,2.1,2.1,2.1,0,2.1,0,0,1,1,100
A2018221,09/08/2018,MCD15A3H,Lai_500m,1.6,1.6,1.6,0,1.6,0,0,1,1,100
A2018225,13/08/2018,MCD15A3H,Lai_500m,,,,,,,,1,0,0
A2018229,17/08/2018,MCD15A3H,Lai_500m,0.5,0.5,0.5,0,0.5,0,0,1,1,100
A2018233,21/08/2018,MCD15A3H,Lai_500m,0.9,0.9,0.9,0,0.9,0,0,1,1,100
A2018237,25/08/2018,MCD15A3H,Lai_500m,1.9,1.9,1.9,0,1.9,0,0,1,1,100
A2018241,29/08/2018,MCD15A3H,Lai_500m,3.4,3.4,3.4,0,3.4,0,0,1,1,100
A2018245,02/09/2018,MCD15A3H,Lai_500m,2.1,2.1,2.1,0,2.1,0,0,1,1,100
A2018249,06/09/2018,MCD15A3H,Lai_500m,0.6,0.6,0.6,0,0.6,0,0,1,1,100
A2018253,10/09/2018,MCD15A3H,Lai_500m,1.1,1.1,1.1,0,1.1,0,0,1,1,100
A2018257,14/09/2018,MCD15A3H,Lai_500m,,,,,,,,1,0,0
A2018261,18/09/2018,MCD15A3H,Lai_500m,,,,,,,,1,0,0
A2018265,22/09/2018,MCD15A3H,Lai_500m,0.5,0.5,0.5,0,0.5,0,0,1,1,100
A2018269,26/09/2018,MCD15A3H,Lai_500m,1.8,1.8,1.8,0,1.8,0,0,1,1,100
A2018273,30/09/2018,MCD15A3H,Lai_500m,1.5,1.5,1.5,0,1.5,0,0,1,1,100
A2018277,04/10/2018,MCD15A3H,Lai_500m,1.4,1.4,1.4,0,1.4,0,0,1,1,100
A2018281,08/10/2018,MCD15A3H,Lai_500m,1.3,1.3,1.3,0,1.3,0,0,1,1,100
A2018285,12/10/2018,MCD15A3H,Lai_500m,1.1,1.1,1.1,0,1.1,0,0,1,1,100
A2018289,16/10/2018,MCD15A3H,Lai_500m,0.7,0.7,0.7,0,0.7,0,0,1,1,100
A2018293,20/10/2018,MCD15A3H,Lai_500m,0.5,0.5,0.5,0,0.5,0,0,1,1,100
A2018297,24/10/2018,MCD15A3H,Lai_500m,0.9,0.9,0.9,0,0.9,0,0,1,1,100
A2018301,28/10/2018,MCD15A3H,Lai_500m,0.7,0.7,0.7,0,0.7,0,0,1,1,100
A2018305,01/11/2018,MCD15A3H,Lai_500m,0.7,0.7,0.7,0,0.7,0,0,1,1,100
A2018309,05/11/2018,MCD15A3H,Lai_500m,0.6,0.6,0.6,0,0.6,0,0,1,1,100
A2018313,09/11/2018,MCD15A3H,Lai_500m,0.5,0.5,0.5,0,0.5,0,0,1,1,100
A2018317,13/11/2018,MCD15A3H,Lai_500m,0.7,0.7,0.7,0,0.7,0,0,1,1,100
A2018321,17/11/2018,MCD15A3H,Lai_500m,0.6,0.6,0.6,0,0.6,0,0,1,1,100
A2018325,21/11/2018,MCD15A3H,Lai_500m,0.7,0.7,0.7,0,0.7,0,0,1,1,100
A2018329,25/11/2018,MCD15A3H,Lai_500m,0.5,0.5,0.5,0,0.5,0,0,1,1,100
A2018333,29/11/2018,MCD15A3H,Lai_500m,0.6,0.6,0.6,0,0.6,0,0,1,1,100
A2018337,03/12/2018,MCD15A3H,Lai_500m,,,,,,,,1,0,0
A2018341,07/12/2018,MCD15A3H,Lai_500m,0.2,0.2,0.2,0,0.2,0,0,1,1,100
A2018345,11/12/2018,MCD15A3H,Lai_500m,0.8,0.8,0.8,0,0.8,0,0,1,1,100
A2018349,15/12/2018,MCD15A3H,Lai_500m,0.6,0.6,0.6,0,0.6,0,0,1,1,100
A2018353,19/12/2018,MCD15A3H,Lai_500m,0.6,0.6,0.6,0,0.6,0,0,1,1,100
A2018357,23/12/2018,MCD15A3H,Lai_500m,0.6,0.6,0.6,0,0.6,0,0,1,1,100
A2018361,27/12/2018,MCD15A3H,Lai_500m,0.8,0.8,0.8,0,0.8,0,0,1,1,100
A2018365,31/12/2018,MCD15A3H,Lai_500m,0.7,0.7,0.7,0,0.7,0,0,1,1,100
A2019001,01/01/2019,MCD15A3H,Lai_500m,0.7,0.7,0.7,0,0.7,0,0,1,1,100