startDateTime,endDateTime,buoyWindSpeedMean,buoyWindSpeedMinimum,buoyWindSpeedMaximum,buoyWindSpeedVariance,buoyWindSpeedNumPts,buoyWindSpeedExpUncert,buoyWindSpeedStdErMean,buoyWindSpeedFinalQF,buoyWindDirMean,buoyWindDirVariance,buoyWindDirNumPts,buoyWindDirExpUncert,buoyWindDirStdErMean,buoyWindDirFinalQF
"2018-08-01T00:00:00Z","2018-08-01T00:30:00Z",0.43,0.00,1.54,0.14,432,0.14,0.02,,,,,,,
"2018-08-01T00:30:00Z","2018-08-01T01:00:00Z",0.83,0.00,1.33,0.09,441,0.14,0.01,,,,,,,
"2018-08-01T01:00:00Z","2018-08-01T01:30:00Z",0.97,0.00,1.75,0.12,450,0.14,0.02,,,,,,,
"2018-08-01T01:30:00Z","2018-08-01T02:00:00Z",1.35,0.77,2.04,0.07,449,0.14,0.01,,,,,,,
"2018-08-01T02:00:00Z","2018-08-01T02:30:00Z",1.33,0.58,1.92,0.06,450,0.14,0.01,,,,,,,
"2018-08-01T04:00:00Z","2018-08-01T04:30:00Z",1.32,0.00,2.25,0.15,450,0.14,0.02,,,,,,,
"2018-08-01T04:30:00Z","2018-08-01T05:00:00Z",1.48,0.87,2.08,0.04,450,0.14,0.01,,,,,,,
"2018-08-01T05:00:00Z","2018-08-01T05:30:00Z",1.24,0.37,1.83,0.06,450,0.14,0.01,,,,,,,
"2018-08-01T05:30:00Z","2018-08-01T06:00:00Z",1.38,0.56,1.94,0.04,450,0.14,0.01,,,,,,,
"2018-08-01T06:00:00Z","2018-08-01T06:30:00Z",1.48,0.79,2.54,0.08,450,0.14,0.01,,,,,,,
"2018-08-01T08:00:00Z","2018-08-01T08:30:00Z",1.61,1.17,2.04,0.02,450,0.14,0.01,,,,,,,
"2018-08-01T08:30:00Z","2018-08-01T09:00:00Z",1.69,0.37,2.29,0.08,450,0.14,0.01,,,,,,,
"2018-08-01T09:00:00Z","2018-08-01T09:30:00Z",1.46,0.00,2.52,0.19,450,0.15,0.02,,,,,,,
"2018-08-01T09:30:00Z","2018-08-01T10:00:00Z",1.00,0.00,2.04,0.26,450,0.15,0.02,,,,,,,
"2018-08-01T10:00:00Z","2018-08-01T10:30:00Z",0.66,0.00,1.58,0.23,450,0.15,0.02,,,,,,,
"2018-08-01T12:00:00Z","2018-08-01T12:30:00Z",0.49,0.00,2.04,0.29,447,0.15,0.03,,,,,,,
"2018-08-01T12:30:00Z","2018-08-01T13:00:00Z",0.59,0.00,2.75,0.36,450,0.15,0.03,,,,,,,
"2018-08-01T13:00:00Z","2018-08-01T13:30:00Z",0.39,0.00,2.00,0.22,448,0.15,0.02,,,,,,,
"2018-08-01T13:30:00Z","2018-08-01T14:00:00Z",0.85,0.00,2.71,0.49,450,0.15,0.03,,,,,,,
"2018-08-01T14:00:00Z","2018-08-01T14:30:00Z",1.40,0.00,5.83,0.93,450,0.17,0.05,,,,,,,
"2018-08-01T16:00:00Z","2018-08-01T16:30:00Z",0.57,0.00,2.46,0.29,450,0.15,0.03,,,,,,,
"2018-08-01T16:30:00Z","2018-08-01T17:00:00Z",0.70,0.00,1.87,0.25,450,0.15,0.02,,,,,,,
"2018-08-01T17:00:00Z","2018-08-01T17:30:00Z",0.77,0.00,2.04,0.26,450,0.15,0.02,,,,,,,
"2018-08-01T17:30:00Z","2018-08-01T18:00:00Z",0.89,0.00,2.00,0.15,446,0.14,0.02,,,,,,,
"2018-08-01T18:00:00Z","2018-08-01T18:30:00Z",0.38,0.00,1.62,0.20,448,0.15,0.02,,,,,,,
"2018-08-01T20:00:00Z","2018-08-01T20:30:00Z",0.42,0.00,1.71,0.15,446,0.14,0.02,,,,,,,
"2018-08-01T20:30:00Z","2018-08-01T21:00:00Z",0.53,0.00,2.25,0.25,450,0.15,0.02,,,,,,,
"2018-08-01T21:00:00Z","2018-08-01T21:30:00Z",0.31,0.00,1.67,0.15,440,0.14,0.02,,,,,,,
"2018-08-01T21:30:00Z","2018-08-01T22:00:00Z",0.12,0.00,0.87,0.05,440,0.14,0.01,,,,,,,
"2018-08-01T22:00:00Z","2018-08-01T22:30:00Z",0.90,0.00,2.46,0.27,450,0.15,0.02,,,,,,,
"2018-08-02T00:00:00Z","2018-08-02T00:30:00Z",2.81,0.21,6.04,0.89,446,0.17,0.04,,,,,,,
"2018-08-02T00:30:00Z","2018-08-02T01:00:00Z",1.96,0.00,5.67,0.93,450,0.17,0.05,,,,,,,
"2018-08-02T01:00:00Z","2018-08-02T01:30:00Z",2.35,0.67,5.42,0.73,449,0.16,0.04,,,,,,,
"2018-08-02T01:30:00Z","2018-08-02T02:00:00Z",2.56,0.79,5.25,0.71,449,0.16,0.04,,,,,,,
"2018-08-02T02:00:00Z","2018-08-02T02:30:00Z",2.23,0.21,4.12,0.60,445,0.16,0.04,,,,,,,
"2018-08-02T04:00:00Z","2018-08-02T04:30:00Z",2.12,0.00,4.29,0.78,450,0.16,0.04,,,,,,,
"2018-08-02T04:30:00Z","2018-08-02T05:00:00Z",2.78,1.00,5.12,0.72,450,0.16,0.04,,,,,,,
"2018-08-02T05:00:00Z","2018-08-02T05:30:00Z",2.36,0.00,5.54,0.96,450,0.17,0.05,,,,,,,
"2018-08-02T05:30:00Z","2018-08-02T06:00:00Z",2.00,0.00,4.62,0.93,450,0.17,0.05,,,,,,,
"2018-08-02T06:00:00Z","2018-08-02T06:30:00Z",2.18,0.00,5.04,0.99,450,0.17,0.05,,,,,,,
"2018-08-02T08:00:00Z","2018-08-02T08:30:00Z",2.04,0.00,4.08,0.66,450,0.16,0.04,,,,,,,
"2018-08-02T08:30:00Z","2018-08-02T09:00:00Z",2.41,0.79,4.50,0.52,450,0.16,0.03,,,,,,,
"2018-08-02T09:00:00Z","2018-08-02T09:30:00Z",2.36,0.46,5.52,0.63,450,0.16,0.04,,,,,,,
"2018-08-02T09:30:00Z","2018-08-02T10:00:00Z",2.46,0.62,5.37,0.84,450,0.16,0.04,,,,,,,
"2018-08-02T10:00:00Z","2018-08-02T10:30:00Z",2.23,0.00,5.87,0.79,450,0.16,0.04,,,,,,,
"2018-08-02T12:00:00Z","2018-08-02T12:30:00Z",2.24,0.46,4.50,0.68,450,0.16,0.04,,,,,,,
"2018-08-02T12:30:00Z","2018-08-02T13:00:00Z",2.05,0.50,5.19,0.71,450,0.16,0.04,,,,,,,
"2018-08-02T13:00:00Z","2018-08-02T13:30:00Z",2.31,0.54,5.29,0.63,450,0.16,0.04,,,,,,,
"2018-08-02T13:30:00Z","2018-08-02T14:00:00Z",2.23,0.37,5.33,0.91,450,0.17,0.04,,,,,,,
"2018-08-02T14:00:00Z","2018-08-02T14:30:00Z",1.73,0.00,4.67,0.65,450,0.16,0.04,,,,,,,
"2018-08-02T16:00:00Z","2018-08-02T16:30:00Z",1.64,0.37,2.87,0.44,65,0.22,0.08,,,,,,,
"2018-08-02T16:30:00Z","2018-08-02T17:00:00Z",,,,,,,,,,,,,,
"2018-08-02T17:00:00Z","2018-08-02T17:30:00Z",,,,,,,,,,,,,,
"2018-08-02T17:30:00Z","2018-08-02T18:00:00Z",,,,,,,,,,,,,,
"2018-08-02T18:00:00Z","2018-08-02T18:30:00Z",,,,,,,,,,,,,,
"2018-08-02T20:00:00Z","2018-08-02T20:30:00Z",,,,,,,,,,,,,,
"2018-08-02T20:30:00Z","2018-08-02T21:00:00Z",,,,,,,,,,,,,,
"2018-08-02T21:00:00Z","2018-08-02T21:30:00Z",,,,,,,,,,,,,,
"2018-08-02T21:30:00Z","2018-08-02T22:00:00Z",,,,,,,,,,,,,,
"2018-08-02T22:00:00Z","2018-08-02T22:30:00Z",,,,,,,,,,,,,,
"2018-08-03T00:00:00Z","2018-08-03T00:30:00Z",,,,,,,,,,,,,,
"2018-08-03T00:30:00Z","2018-08-03T01:00:00Z",,,,,,,,,,,,,,
"2018-08-03T01:00:00Z","2018-08-03T01:30:00Z",,,,,,,,,,,,,,
"2018-08-03T01:30:00Z","2018-08-03T02:00:00Z",,,,,,,,,,,,,,
"2018-08-03T02:00:00Z","2018-08-03T02:30:00Z",,,,,,,,,,,,,,
"2018-08-03T04:00:00Z","2018-08-03T04:30:00Z",,,,,,,,,,,,,,
"2018-08-03T04:30:00Z","2018-08-03T05:00:00Z",,,,,,,,,,,,,,
"2018-08-03T05:00:00Z","2018-08-03T05:30:00Z",,,,,,,,,,,,,,
"2018-08-03T05:30:00Z","2018-08-03T06:00:00Z",,,,,,,,,,,,,,
"2018-08-03T06:00:00Z","2018-08-03T06:30:00Z",,,,,,,,,,,,,,
"2018-08-03T08:00:00Z","2018-08-03T08:30:00Z",,,,,,,,,,,,,,
"2018-08-03T08:30:00Z","2018-08-03T09:00:00Z",,,,,,,,,,,,,,
"2018-08-03T09:00:00Z","2018-08-03T09:30:00Z",,,,,,,,,,,,,,
"2018-08-03T09:30:00Z","2018-08-03T10:00:00Z",,,,,,,,,,,,,,
"2018-08-03T10:00:00Z","2018-08-03T10:30:00Z",,,,,,,,,,,,,,
"2018-08-03T12:00:00Z","2018-08-03T12:30:00Z",,,,,,,,,,,,,,
"2018-08-03T12:30:00Z","2018-08-03T13:00:00Z",,,,,,,,,,,,,,
"2018-08-03T13:00:00Z","2018-08-03T13:30:00Z",,,,,,,,,,,,,,
"2018-08-03T13:30:00Z","2018-08-03T14:00:00Z",,,,,,,,,,,,,,
"2018-08-03T14:00:00Z","2018-08-03T14:30:00Z",,,,,,,,,,,,,,
"2018-08-03T16:00:00Z","2018-08-03T16:30:00Z",,,,,,,,,,,,,,
"2018-08-03T16:30:00Z","2018-08-03T17:00:00Z",,,,,,,,,,,,,,
"2018-08-03T17:00:00Z","2018-08-03T17:30:00Z",,,,,,,,,,,,,,
"2018-08-03T17:30:00Z","2018-08-03T18:00:00Z",,,,,,,,,,,,,,
"2018-08-03T18:00:00Z","2018-08-03T18:30:00Z",,,,,,,,,,,,,,
"2018-08-03T20:00:00Z","2018-08-03T20:30:00Z",,,,,,,,,,,,,,
"2018-08-03T20:30:00Z","2018-08-03T21:00:00Z",,,,,,,,,,,,,,
"2018-08-03T21:00:00Z","2018-08-03T21:30:00Z",,,,,,,,,,,,,,
"2018-08-03T21:30:00Z","2018-08-03T22:00:00Z",,,,,,,,,,,,,,
"2018-08-03T22:00:00Z","2018-08-03T22:30:00Z",,,,,,,,,,,,,,
"2018-08-04T00:00:00Z","2018-08-04T00:30:00Z",,,,,,,,,,,,,,
"2018-08-04T00:30:00Z","2018-08-04T01:00:00Z",,,,,,,,,,,,,,
"2018-08-04T01:00:00Z","2018-08-04T01:30:00Z",,,,,,,,,,,,,,
"2018-08-04T01:30:00Z","2018-08-04T02:00:00Z",,,,,,,,,,,,,,
"2018-08-04T02:00:00Z","2018-08-04T02:30:00Z",,,,,,,,,,,,,,
"2018-08-04T04:00:00Z","2018-08-04T04:30:00Z",,,,,,,,,,,,,,
"2018-08-04T04:30:00Z","2018-08-04T05:00:00Z",,,,,,,,,,,,,,
"2018-08-04T05:00:00Z","2018-08-04T05:30:00Z",,,,,,,,,,,,,,
"2018-08-04T05:30:00Z","2018-08-04T06:00:00Z",,,,,,,,,,,,,,
"2018-08-04T06:00:00Z","2018-08-04T06:30:00Z",,,,,,,,,,,,,,
"2018-08-04T08:00:00Z","2018-08-04T08:30:00Z",,,,,,,,,,,,,,
"2018-08-04T08:30:00Z","2018-08-04T09:00:00Z",,,,,,,,,,,,,,
"2018-08-04T09:00:00Z","2018-08-04T09:30:00Z",,,,,,,,,,,,,,
"2018-08-04T09:30:00Z","2018-08-04T10:00:00Z",,,,,,,,,,,,,,
"2018-08-04T10:00:00Z","2018-08-04T10:30:00Z",,,,,,,,,,,,,,
"2018-08-04T12:00:00Z","2018-08-04T12:30:00Z",,,,,,,,,,,,,,
"2018-08-04T12:30:00Z","2018-08-04T13:00:00Z",,,,,,,,,,,,,,
"2018-08-04T13:00:00Z","2018-08-04T13:30:00Z",,,,,,,,,,,,,,
"2018-08-04T13:30:00Z","2018-08-04T14:00:00Z",,,,,,,,,,,,,,
"2018-08-04T14:00:00Z","2018-08-04T14:30:00Z",,,,,,,,,,,,,,
"2018-08-04T16:00:00Z","2018-08-04T16:30:00Z",,,,,,,,,,,,,,
"2018-08-04T16:30:00Z","2018-08-04T17:00:00Z",,,,,,,,,,,,,,
"2018-08-04T17:00:00Z","2018-08-04T17:30:00Z",,,,,,,,,,,,,,
"2018-08-04T17:30:00Z","2018-08-04T18:00:00Z",,,,,,,,,,,,,,
"2018-08-04T18:00:00Z","2018-08-04T18:30:00Z",,,,,,,,,,,,,,
"2018-08-04T20:00:00Z","2018-08-04T20:30:00Z",,,,,,,,,,,,,,
"2018-08-04T20:30:00Z","2018-08-04T21:00:00Z",,,,,,,,,,,,,,
"2018-08-04T21:00:00Z","2018-08-04T21:30:00Z",,,,,,,,,,,,,,
"2018-08-04T21:30:00Z","2018-08-04T22:00:00Z",,,,,,,,,,,,,,
"2018-08-04T22:00:00Z","2018-08-04T22:30:00Z",,,,,,,,,,,,,,
"2018-08-05T00:00:00Z","2018-08-05T00:30:00Z",,,,,,,,,,,,,,
"2018-08-05T00:30:00Z","2018-08-05T01:00:00Z",,,,,,,,,,,,,,
"2018-08-05T01:00:00Z","2018-08-05T01:30:00Z",,,,,,,,,,,,,,
"2018-08-05T01:30:00Z","2018-08-05T02:00:00Z",,,,,,,,,,,,,,
"2018-08-05T02:00:00Z","2018-08-05T02:30:00Z",,,,,,,,,,,,,,
"2018-08-05T04:00:00Z","2018-08-05T04:30:00Z",,,,,,,,,,,,,,
"2018-08-05T04:30:00Z","2018-08-05T05:00:00Z",,,,,,,,,,,,,,
"2018-08-05T05:00:00Z","2018-08-05T05:30:00Z",,,,,,,,,,,,,,
"2018-08-05T05:30:00Z","2018-08-05T06:00:00Z",,,,,,,,,,,,,,
"2018-08-05T06:00:00Z","2018-08-05T06:30:00Z",,,,,,,,,,,,,,
"2018-08-05T08:00:00Z","2018-08-05T08:30:00Z",,,,,,,,,,,,,,
"2018-08-05T08:30:00Z","2018-08-05T09:00:00Z",,,,,,,,,,,,,,
"2018-08-05T09:00:00Z","2018-08-05T09:30:00Z",,,,,,,,,,,,,,
"2018-08-05T09:30:00Z","2018-08-05T10:00:00Z",,,,,,,,,,,,,,
"2018-08-05T10:00:00Z","2018-08-05T10:30:00Z",,,,,,,,,,,,,,
"2018-08-05T12:00:00Z","2018-08-05T12:30:00Z",,,,,,,,,,,,,,
"2018-08-05T12:30:00Z","2018-08-05T13:00:00Z",,,,,,,,,,,,,,
"2018-08-05T13:00:00Z","2018-08-05T13:30:00Z",,,,,,,,,,,,,,
"2018-08-05T13:30:00Z","2018-08-05T14:00:00Z",,,,,,,,,,,,,,
"2018-08-05T14:00:00Z","2018-08-05T14:30:00Z",,,,,,,,,,,,,,
"2018-08-05T16:00:00Z","2018-08-05T16:30:00Z",,,,,,,,,,,,,,
"2018-08-05T16:30:00Z","2018-08-05T17:00:00Z",,,,,,,,,,,,,,
"2018-08-05T17:00:00Z","2018-08-05T17:30:00Z",,,,,,,,,,,,,,
"2018-08-05T17:30:00Z","2018-08-05T18:00:00Z",,,,,,,,,,,,,,
"2018-08-05T18:00:00Z","2018-08-05T18:30:00Z",,,,,,,,,,,,,,
"2018-08-05T20:00:00Z","2018-08-05T20:30:00Z",,,,,,,,,,,,,,
"2018-08-05T20:30:00Z","2018-08-05T21:00:00Z",,,,,,,,,,,,,,
"2018-08-05T21:00:00Z","2018-08-05T21:30:00Z",,,,,,,,,,,,,,
"2018-08-05T21:30:00Z","2018-08-05T22:00:00Z",,,,,,,,,,,,,,
"2018-08-05T22:00:00Z","2018-08-05T22:30:00Z",,,,,,,,,,,,,,
"2018-08-06T00:00:00Z","2018-08-06T00:30:00Z",,,,,,,,,,,,,,
"2018-08-06T00:30:00Z","2018-08-06T01:00:00Z",,,,,,,,,,,,,,
"2018-08-06T01:00:00Z","2018-08-06T01:30:00Z",,,,,,,,,,,,,,
"2018-08-06T01:30:00Z","2018-08-06T02:00:00Z",,,,,,,,,,,,,,
"2018-08-06T02:00:00Z","2018-08-06T02:30:00Z",,,,,,,,,,,,,,
"2018-08-06T04:00:00Z","2018-08-06T04:30:00Z",,,,,,,,,,,,,,
"2018-08-06T04:30:00Z","2018-08-06T05:00:00Z",,,,,,,,,,,,,,
"2018-08-06T05:00:00Z","2018-08-06T05:30:00Z",,,,,,,,,,,,,,
"2018-08-06T05:30:00Z","2018-08-06T06:00:00Z",,,,,,,,,,,,,,
"2018-08-06T06:00:00Z","2018-08-06T06:30:00Z",,,,,,,,,,,,,,
"2018-08-06T08:00:00Z","2018-08-06T08:30:00Z",,,,,,,,,,,,,,
"2018-08-06T08:30:00Z","2018-08-06T09:00:00Z",,,,,,,,,,,,,,
"2018-08-06T09:00:00Z","2018-08-06T09:30:00Z",,,,,,,,,,,,,,
"2018-08-06T09:30:00Z","2018-08-06T10:00:00Z",,,,,,,,,,,,,,
"2018-08-06T10:00:00Z","2018-08-06T10:30:00Z",,,,,,,,,,,,,,
"2018-08-06T12:00:00Z","2018-08-06T12:30:00Z",,,,,,,,,,,,,,
"2018-08-06T12:30:00Z","2018-08-06T13:00:00Z",,,,,,,,,,,,,,
"2018-08-06T13:00:00Z","2018-08-06T13:30:00Z",,,,,,,,,,,,,,
"2018-08-06T13:30:00Z","2018-08-06T14:00:00Z",,,,,,,,,,,,,,
"2018-08-06T14:00:00Z","2018-08-06T14:30:00Z",,,,,,,,,,,,,,
"2018-08-06T16:00:00Z","2018-08-06T16:30:00Z",,,,,,,,,,,,,,
"2018-08-06T16:30:00Z","2018-08-06T17:00:00Z",,,,,,,,,,,,,,
"2018-08-06T17:00:00Z","2018-08-06T17:30:00Z",,,,,,,,,,,,,,
"2018-08-06T17:30:00Z","2018-08-06T18:00:00Z",,,,,,,,,,,,,,
"2018-08-06T18:00:00Z","2018-08-06T18:30:00Z",,,,,,,,,,,,,,
"2018-08-06T20:00:00Z","2018-08-06T20:30:00Z",,,,,,,,,,,,,,
"2018-08-06T20:30:00Z","2018-08-06T21:00:00Z",,,,,,,,,,,,,,
"2018-08-06T21:00:00Z","2018-08-06T21:30:00Z",,,,,,,,,,,,,,
"2018-08-06T21:30:00Z","2018-08-06T22:00:00Z",,,,,,,,,,,,,,
"2018-08-06T22:00:00Z","2018-08-06T22:30:00Z",,,,,,,,,,,,,,
"2018-08-07T00:00:00Z","2018-08-07T00:30:00Z",,,,,,,,,,,,,,
"2018-08-07T00:30:00Z","2018-08-07T01:00:00Z",,,,,,,,,,,,,,
"2018-08-07T01:00:00Z","2018-08-07T01:30:00Z",,,,,,,,,,,,,,
"2018-08-07T01:30:00Z","2018-08-07T02:00:00Z",,,,,,,,,,,,,,
"2018-08-07T02:00:00Z","2018-08-07T02:30:00Z",,,,,,,,,,,,,,
"2018-08-07T04:00:00Z","2018-08-07T04:30:00Z",,,,,,,,,,,,,,
"2018-08-07T04:30:00Z","2018-08-07T05:00:00Z",,,,,,,,,,,,,,
"2018-08-07T05:00:00Z","2018-08-07T05:30:00Z",,,,,,,,,,,,,,
"2018-08-07T05:30:00Z","2018-08-07T06:00:00Z",,,,,,,,,,,,,,
"2018-08-07T06:00:00Z","2018-08-07T06:30:00Z",,,,,,,,,,,,,,
"2018-08-07T08:00:00Z","2018-08-07T08:30:00Z",,,,,,,,,,,,,,
"2018-08-07T08:30:00Z","2018-08-07T09:00:00Z",,,,,,,,,,,,,,
"2018-08-07T09:00:00Z","2018-08-07T09:30:00Z",,,,,,,,,,,,,,
"2018-08-07T09:30:00Z","2018-08-07T10:00:00Z",,,,,,,,,,,,,,
"2018-08-07T10:00:00Z","2018-08-07T10:30:00Z",,,,,,,,,,,,,,
"2018-08-07T12:00:00Z","2018-08-07T12:30:00Z",,,,,,,,,,,,,,
"2018-08-07T12:30:00Z","2018-08-07T13:00:00Z",,,,,,,,,,,,,,
"2018-08-07T13:00:00Z","2018-08-07T13:30:00Z",,,,,,,,,,,,,,
"2018-08-07T13:30:00Z","2018-08-07T14:00:00Z",,,,,,,,,,,,,,
"2018-08-07T14:00:00Z","2018-08-07T14:30:00Z",,,,,,,,,,,,,,
"2018-08-07T16:00:00Z","2018-08-07T16:30:00Z",,,,,,,,,,,,,,
"2018-08-07T16:30:00Z","2018-08-07T17:00:00Z",,,,,,,,,,,,,,
"2018-08-07T17:00:00Z","2018-08-07T17:30:00Z",,,,,,,,,,,,,,
"2018-08-07T17:30:00Z","2018-08-07T18:00:00Z",,,,,,,,,,,,,,
"2018-08-07T18:00:00Z","2018-08-07T18:30:00Z",,,,,,,,,,,,,,
"2018-08-07T20:00:00Z","2018-08-07T20:30:00Z",,,,,,,,,,,,,,
"2018-08-07T20:30:00Z","2018-08-07T21:00:00Z",,,,,,,,,,,,,,
"2018-08-07T21:00:00Z","2018-08-07T21:30:00Z",,,,,,,,,,,,,,
"2018-08-07T21:30:00Z","2018-08-07T22:00:00Z",,,,,,,,,,,,,,
"2018-08-07T22:00:00Z","2018-08-07T22:30:00Z",,,,,,,,,,,,,,
"2018-08-08T00:00:00Z","2018-08-08T00:30:00Z",,,,,,,,,,,,,,
"2018-08-08T00:30:00Z","2018-08-08T01:00:00Z",,,,,,,,,,,,,,
"2018-08-08T01:00:00Z","2018-08-08T01:30:00Z",,,,,,,,,,,,,,
"2018-08-08T01:30:00Z","2018-08-08T02:00:00Z",,,,,,,,,,,,,,
"2018-08-08T02:00:00Z","2018-08-08T02:30:00Z",,,,,,,,,,,,,,
"2018-08-08T04:00:00Z","2018-08-08T04:30:00Z",,,,,,,,,,,,,,
"2018-08-08T04:30:00Z","2018-08-08T05:00:00Z",,,,,,,,,,,,,,
"2018-08-08T05:00:00Z","2018-08-08T05:30:00Z",,,,,,,,,,,,,,
"2018-08-08T05:30:00Z","2018-08-08T06:00:00Z",,,,,,,,,,,,,,
"2018-08-08T06:00:00Z","2018-08-08T06:30:00Z",,,,,,,,,,,,,,
"2018-08-08T08:00:00Z","2018-08-08T08:30:00Z",,,,,,,,,,,,,,
"2018-08-08T08:30:00Z","2018-08-08T09:00:00Z",,,,,,,,,,,,,,
"2018-08-08T09:00:00Z","2018-08-08T09:30:00Z",,,,,,,,,,,,,,
"2018-08-08T09:30:00Z","2018-08-08T10:00:00Z",,,,,,,,,,,,,,
"2018-08-08T10:00:00Z","2018-08-08T10:30:00Z",,,,,,,,,,,,,,
"2018-08-08T12:00:00Z","2018-08-08T12:30:00Z",,,,,,,,,,,,,,
"2018-08-08T12:30:00Z","2018-08-08T13:00:00Z",,,,,,,,,,,,,,
"2018-08-08T13:00:00Z","2018-08-08T13:30:00Z",,,,,,,,,,,,,,
"2018-08-08T13:30:00Z","2018-08-08T14:00:00Z",,,,,,,,,,,,,,
"2018-08-08T14:00:00Z","2018-08-08T14:30:00Z",,,,,,,,,,,,,,
"2018-08-08T16:00:00Z","2018-08-08T16:30:00Z",,,,,,,,,,,,,,
"2018-08-08T16:30:00Z","2018-08-08T17:00:00Z",,,,,,,,,,,,,,
"2018-08-08T17:00:00Z","2018-08-08T17:30:00Z",,,,,,,,,,,,,,
"2018-08-08T17:30:00Z","2018-08-08T18:00:00Z",,,,,,,,,,,,,,
"2018-08-08T18:00:00Z","2018-08-08T18:30:00Z",2.66,0.58,6.17,1.19,276,0.19,0.07,,87.58,34.32,212,6.72,0.40,
"2018-08-08T20:00:00Z","2018-08-08T20:30:00Z",2.02,0.00,5.37,0.88,400,0.17,0.05,,88.61,75.55,356,6.74,0.46,
"2018-08-08T20:30:00Z","2018-08-08T21:00:00Z",1.77,0.00,4.50,0.81,380,0.17,0.05,,91.71,91.60,340,6.75,0.52,
"2018-08-08T21:00:00Z","2018-08-08T21:30:00Z",1.75,0.00,4.25,0.79,450,0.16,0.04,,94.78,66.50,393,6.72,0.41,
"2018-08-08T21:30:00Z","2018-08-08T22:00:00Z",2.03,0.00,5.50,0.84,442,0.16,0.04,,96.47,67.75,382,6.73,0.42,
"2018-08-08T22:00:00Z","2018-08-08T22:30:00Z",1.67,0.00,4.17,0.74,409,0.16,0.04,,76.88,80.85,304,6.75,0.52,
"2018-08-09T00:00:00Z","2018-08-09T00:30:00Z",0.65,0.00,2.87,0.34,381,0.15,0.03,,80.06,64.27,339,6.73,0.44,
"2018-08-09T00:30:00Z","2018-08-09T01:00:00Z",0.83,0.00,2.58,0.32,441,0.15,0.03,,79.77,48.95,376,6.71,0.36,
"2018-08-09T01:00:00Z","2018-08-09T01:30:00Z",1.05,0.00,2.56,0.40,449,0.15,0.03,,83.32,49.20,378,6.71,0.36,
"2018-08-09T01:30:00Z","2018-08-09T02:00:00Z",2.10,0.00,6.42,1.80,450,0.19,0.06,,118.98,119.11,408,6.76,0.54,
"2018-08-09T02:00:00Z","2018-08-09T02:30:00Z",0.55,0.00,2.25,0.29,447,0.15,0.03,,80.44,68.46,355,6.73,0.44,
"2018-08-09T04:00:00Z","2018-08-09T04:30:00Z",0.71,0.00,1.46,0.13,450,0.14,0.02,,90.40,54.54,379,6.72,0.38,
"2018-08-09T04:30:00Z","2018-08-09T05:00:00Z",0.92,0.00,2.00,0.18,449,0.15,0.02,,78.49,56.02,350,6.72,0.40,
"2018-08-09T05:00:00Z","2018-08-09T05:30:00Z",1.08,0.00,2.17,0.19,450,0.15,0.02,,76.74,50.62,354,6.72,0.38,
"2018-08-09T05:30:00Z","2018-08-09T06:00:00Z",0.82,0.00,1.75,0.22,450,0.15,0.02,,72.35,60.78,314,6.73,0.44,
"2018-08-09T06:00:00Z","2018-08-09T06:30:00Z",0.56,0.00,1.46,0.16,450,0.15,0.02,,103.14,48.29,416,6.71,0.34,
"2018-08-09T08:00:00Z","2018-08-09T08:30:00Z",0.31,0.00,1.25,0.15,442,0.14,0.02,,92.03,50.69,405,6.71,0.35,
"2018-08-09T08:30:00Z","2018-08-09T09:00:00Z",0.16,0.00,0.87,0.05,430,0.14,0.01,,120.53,85.86,445,6.73,0.44,
"2018-08-09T09:00:00Z","2018-08-09T09:30:00Z",0.10,0.00,0.62,0.03,444,0.14,0.01,,123.33,86.60,450,6.73,0.44,
"2018-08-09T09:30:00Z","2018-08-09T10:00:00Z",0.17,0.00,0.96,0.06,435,0.14,0.01,,94.17,39.26,428,6.70,0.30,
"2018-08-09T10:00:00Z","2018-08-09T10:30:00Z",0.52,0.00,1.12,0.08,447,0.14,0.01,,66.95,56.67,314,6.73,0.42,
"2018-08-09T12:00:00Z","2018-08-09T12:30:00Z",0.03,0.00,0.50,0.01,438,0.14,0.00,,87.29,35.11,419,6.70,0.29,
"2018-08-09T12:30:00Z","2018-08-09T13:00:00Z",0.11,0.00,1.21,0.06,434,0.14,0.01,,117.35,85.41,449,6.73,0.44,
"2018-08-09T13:00:00Z","2018-08-09T13:30:00Z",0.16,0.00,1.33,0.09,445,0.14,0.01,,90.52,49.85,446,6.71,0.33,
"2018-08-09T13:30:00Z","2018-08-09T14:00:00Z",0.01,0.00,0.41,0.00,432,0.14,0.00,,66.59,43.42,328,6.71,0.36,
"2018-08-09T14:00:00Z","2018-08-09T14:30:00Z",0.34,0.00,1.58,0.13,439,0.14,0.02,,346.40,105.68,303,6.78,0.59,
"2018-08-09T16:00:00Z","2018-08-09T16:30:00Z",0.45,0.00,2.33,0.30,399,0.15,0.03,,93.30,70.64,395,6.73,0.42,
"2018-08-09T16:30:00Z","2018-08-09T17:00:00Z",0.74,0.00,2.71,0.44,376,0.16,0.03,,79.42,92.75,342,6.75,0.52,
"2018-08-09T17:00:00Z","2018-08-09T17:30:00Z",0.51,0.00,2.25,0.20,450,0.15,0.02,,65.89,37.84,442,6.70,0.29,
"2018-08-09T17:30:00Z","2018-08-09T18:00:00Z",0.89,0.00,2.83,0.48,445,0.15,0.03,,326.30,130.99,445,6.76,0.54,
"2018-08-09T18:00:00Z","2018-08-09T18:30:00Z",0.84,0.00,2.79,0.41,408,0.15,0.03,,248.27,127.54,408,6.77,0.56,
"2018-08-09T20:00:00Z","2018-08-09T20:30:00Z",0.58,0.00,2.96,0.21,373,0.15,0.02,,101.79,125.33,320,6.79,0.63,
"2018-08-09T20:30:00Z","2018-08-09T21:00:00Z",0.88,0.00,4.58,0.69,439,0.16,0.04,,137.83,111.70,427,6.75,0.51,
"2018-08-09T21:00:00Z","2018-08-09T21:30:00Z",0.80,0.00,2.79,0.47,446,0.15,0.03,,125.52,106.60,420,6.75,0.50,
"2018-08-09T21:30:00Z","2018-08-09T22:00:00Z",0.55,0.00,1.57,0.18,430,0.15,0.02,,82.90,94.22,327,6.76,0.54,
"2018-08-09T22:00:00Z","2018-08-09T22:30:00Z",0.27,0.00,1.29,0.11,442,0.14,0.02,,124.97,69.53,449,6.72,0.39,
"2018-08-10T00:00:00Z","2018-08-10T00:30:00Z",0.15,0.00,0.92,0.05,431,0.14,0.01,,126.32,93.74,446,6.74,0.46,
"2018-08-10T00:30:00Z","2018-08-10T01:00:00Z",0.06,0.00,0.71,0.02,444,0.14,0.01,,103.55,44.00,450,6.70,0.31,
"2018-08-10T01:00:00Z","2018-08-10T01:30:00Z",0.08,0.00,0.79,0.03,439,0.14,0.01,,117.22,81.08,449,6.73,0.42,
"2018-08-10T01:30:00Z","2018-08-10T02:00:00Z",0.17,0.00,0.79,0.06,442,0.14,0.01,,138.54,114.63,450,6.75,0.50,
"2018-08-10T02:00:00Z","2018-08-10T02:30:00Z",0.39,0.00,1.12,0.12,443,0.14,0.02,,149.07,115.35,449,6.75,0.51,
"2018-08-10T04:00:00Z","2018-08-10T04:30:00Z",1.38,0.00,1.96,0.12,449,0.14,0.02,,73.97,41.29,181,6.74,0.48,
"2018-08-10T04:30:00Z","2018-08-10T05:00:00Z",1.14,0.00,1.83,0.09,450,0.14,0.01,,52.27,45.25,264,6.72,0.41,
"2018-08-10T05:00:00Z","2018-08-10T05:30:00Z",0.76,0.00,1.17,0.03,450,0.14,0.01,,69.66,40.25,174,6.74,0.48,
"2018-08-10T05:30:00Z","2018-08-10T06:00:00Z",0.69,0.00,1.35,0.14,450,0.14,0.02,,56.00,47.05,276,6.72,0.41,
"2018-08-10T06:00:00Z","2018-08-10T06:30:00Z",0.45,0.00,1.08,0.09,450,0.14,0.01,,115.31,107.49,407,6.75,0.51,
"2018-08-10T08:00:00Z","2018-08-10T08:30:00Z",0.67,0.00,1.50,0.11,450,0.14,0.02,,86.37,78.21,360,6.74,0.47,
"2018-08-10T08:30:00Z","2018-08-10T09:00:00Z",0.95,0.00,3.04,0.39,450,0.15,0.03,,71.52,90.86,290,6.77,0.56,
"2018-08-10T09:00:00Z","2018-08-10T09:30:00Z",1.04,0.50,2.06,0.06,450,0.14,0.01,,72.50,46.57,170,6.76,0.52,
"2018-08-10T09:30:00Z","2018-08-10T10:00:00Z",1.00,0.00,2.25,0.13,450,0.14,0.02,,102.66,29.10,229,6.71,0.36,
"2018-08-10T10:00:00Z","2018-08-10T10:30:00Z",0.88,0.00,2.12,0.20,450,0.15,0.02,,68.44,58.77,310,6.73,0.44,
"2018-08-10T12:00:00Z","2018-08-10T12:30:00Z",0.72,0.00,1.73,0.13,450,0.14,0.02,,76.44,42.98,371,6.71,0.34,
"2018-08-10T12:30:00Z","2018-08-10T13:00:00Z",0.88,0.00,2.17,0.25,450,0.15,0.02,,90.62,44.78,420,6.71,0.33,
"2018-08-10T13:00:00Z","2018-08-10T13:30:00Z",1.02,0.00,2.58,0.38,448,0.15,0.03,,82.88,41.38,413,6.70,0.32,
"2018-08-10T13:30:00Z","2018-08-10T14:00:00Z",0.85,0.00,2.71,0.54,449,0.16,0.03,,95.97,72.43,399,6.73,0.43,
"2018-08-10T14:00:00Z","2018-08-10T14:30:00Z",0.85,0.00,3.00,0.42,425,0.15,0.03,,118.41,100.95,415,6.75,0.49,
"2018-08-10T16:00:00Z","2018-08-10T16:30:00Z",1.30,0.00,3.37,0.67,383,0.16,0.04,,231.96,150.23,374,6.79,0.63,
"2018-08-10T16:30:00Z","2018-08-10T17:00:00Z",1.09,0.00,3.83,0.52,419,0.16,0.04,,141.07,168.32,407,6.80,0.64,
"2018-08-10T17:00:00Z","2018-08-10T17:30:00Z",1.34,0.00,3.50,0.65,450,0.16,0.04,,246.50,94.49,449,6.74,0.46,
"2018-08-10T17:30:00Z","2018-08-10T18:00:00Z",1.61,0.00,5.04,0.90,426,0.17,0.05,,259.63,87.78,425,6.74,0.45,
"2018-08-10T18:00:00Z","2018-08-10T18:30:00Z",1.77,0.00,4.46,0.84,409,0.17,0.05,,267.64,83.56,409,6.73,0.45,
"2018-08-10T20:00:00Z","2018-08-10T20:30:00Z",1.43,0.00,5.17,0.82,394,0.17,0.05,,253.54,133.51,383,6.78,0.59,
"2018-08-10T20:30:00Z","2018-08-10T21:00:00Z",1.47,0.00,4.21,0.64,450,0.16,0.04,,255.62,69.93,450,6.72,0.39,
"2018-08-10T21:00:00Z","2018-08-10T21:30:00Z",1.23,0.00,3.67,0.69,441,0.16,0.04,,249.06,86.22,440,6.73,0.44,
"2018-08-10T21:30:00Z","2018-08-10T22:00:00Z",0.94,0.00,3.92,0.63,409,0.16,0.04,,243.85,118.67,409,6.76,0.54,
"2018-08-10T22:00:00Z","2018-08-10T22:30:00Z",0.48,0.00,2.75,0.22,404,0.15,0.02,,219.62,142.02,399,6.78,0.60,
"2018-08-11T00:00:00Z","2018-08-11T00:30:00Z",0.26,0.00,0.75,0.06,435,0.14,0.01,,108.17,45.63,429,6.71,0.33,
"2018-08-11T00:30:00Z","2018-08-11T01:00:00Z",0.84,0.00,1.37,0.09,446,0.14,0.01,,99.93,18.05,233,6.70,0.28,
"2018-08-11T01:00:00Z","2018-08-11T01:30:00Z",1.01,0.66,1.37,0.02,446,0.14,0.01,,97.85,18.37,231,6.70,0.28,
"2018-08-11T01:30:00Z","2018-08-11T02:00:00Z",0.97,0.46,1.42,0.02,448,0.14,0.01,,78.68,37.20,191,6.73,0.44,
"2018-08-11T02:00:00Z","2018-08-11T02:30:00Z",0.88,0.42,1.29,0.02,450,0.14,0.01,,87.48,29.74,210,6.72,0.38,
"2018-08-11T04:00:00Z","2018-08-11T04:30:00Z",0.87,0.37,1.46,0.04,450,0.14,0.01,,94.85,15.91,233,6.69,0.26,
"2018-08-11T04:30:00Z","2018-08-11T05:00:00Z",1.43,0.67,2.08,0.05,450,0.14,0.01,,63.84,51.35,299,6.72,0.41,
"2018-08-11T05:00:00Z","2018-08-11T05:30:00Z",1.69,0.66,2.46,0.09,450,0.14,0.01,,61.14,42.10,313,6.71,0.37,
"2018-08-11T05:30:00Z","2018-08-11T06:00:00Z",1.02,0.00,2.00,0.12,448,0.14,0.02,,103.97,35.19,435,6.70,0.28,
"2018-08-11T06:00:00Z","2018-08-11T06:30:00Z",1.50,0.62,2.33,0.11,450,0.14,0.02,,80.58,55.22,347,6.72,0.40,
"2018-08-11T08:00:00Z","2018-08-11T08:30:00Z",0.57,0.00,1.75,0.23,450,0.15,0.02,,109.81,37.61,441,6.70,0.29,
"2018-08-11T08:30:00Z","2018-08-11T09:00:00Z",0.65,0.00,1.46,0.08,450,0.14,0.01,,108.24,35.48,440,6.70,0.28,
"2018-08-11T09:00:00Z","2018-08-11T09:30:00Z",0.62,0.00,1.42,0.14,448,0.14,0.02,,103.18,39.04,430,6.70,0.30,
"2018-08-11T09:30:00Z","2018-08-11T10:00:00Z",0.53,0.00,1.46,0.22,450,0.15,0.02,,96.25,43.04,420,6.70,0.32,
"2018-08-11T10:00:00Z","2018-08-11T10:30:00Z",0.53,0.00,1.46,0.19,445,0.15,0.02,,88.05,42.45,416,6.70,0.32,
"2018-08-11T12:00:00Z","2018-08-11T12:30:00Z",0.94,0.00,1.87,0.18,450,0.15,0.02,,52.67,43.08,272,6.72,0.40,
"2018-08-11T12:30:00Z","2018-08-11T13:00:00Z",0.48,0.00,1.79,0.17,435,0.15,0.02,,92.72,56.21,408,6.71,0.37,
"2018-08-11T13:00:00Z","2018-08-11T13:30:00Z",0.39,0.00,1.83,0.21,435,0.15,0.02,,125.26,101.73,435,6.74,0.48,
"2018-08-11T13:30:00Z","2018-08-11T14:00:00Z",0.91,0.00,2.50,0.35,447,0.15,0.03,,239.65,96.14,446,6.74,0.46,
"2018-08-11T14:00:00Z","2018-08-11T14:30:00Z",0.70,0.00,2.58,0.42,416,0.15,0.03,,225.46,142.03,412,6.78,0.59,
"2018-08-11T16:00:00Z","2018-08-11T16:30:00Z",1.37,0.00,3.54,0.50,379,0.16,0.04,,292.45,77.80,379,6.73,0.45,
"2018-08-11T16:30:00Z","2018-08-11T17:00:00Z",1.93,0.00,3.67,0.52,420,0.16,0.04,,322.33,25.60,358,6.70,0.27,
"2018-08-11T17:00:00Z","2018-08-11T17:30:00Z",1.64,0.00,3.46,0.38,450,0.15,0.03,,292.44,36.62,450,6.70,0.29,
"2018-08-11T17:30:00Z","2018-08-11T18:00:00Z",1.42,0.00,3.42,0.53,423,0.16,0.04,,318.98,54.99,423,6.71,0.36,
"2018-08-11T18:00:00Z","2018-08-11T18:30:00Z",1.42,0.00,3.21,0.59,409,0.16,0.04,,335.56,68.15,409,6.72,0.41,
"2018-08-11T20:00:00Z","2018-08-11T20:30:00Z",1.55,0.00,3.71,0.73,379,0.17,0.04,,320.84,56.75,379,6.72,0.39,
"2018-08-11T20:30:00Z","2018-08-11T21:00:00Z",1.58,0.00,4.29,0.57,450,0.16,0.04,,310.20,41.44,450,6.70,0.30,
"2018-08-11T21:00:00Z","2018-08-11T21:30:00Z",1.10,0.00,3.67,0.32,450,0.15,0.03,,313.46,38.41,450,6.70,0.29,
"2018-08-11T21:30:00Z","2018-08-11T22:00:00Z",1.07,0.00,2.42,0.29,412,0.15,0.03,,305.61,43.18,412,6.71,0.32,
"2018-08-11T22:00:00Z","2018-08-11T22:30:00Z",0.57,0.00,1.96,0.18,409,0.15,0.02,,248.12,105.99,409,6.75,0.51,
"2018-08-12T00:00:00Z","2018-08-12T00:30:00Z",0.31,0.00,0.75,0.06,405,0.14,0.01,,85.03,34.44,403,6.70,0.29,
"2018-08-12T00:30:00Z","2018-08-12T01:00:00Z",0.49,0.00,0.95,0.09,450,0.14,0.01,,74.10,41.94,360,6.71,0.34,
"2018-08-12T01:00:00Z","2018-08-12T01:30:00Z",0.42,0.00,0.89,0.05,442,0.14,0.01,,82.39,19.48,442,6.69,0.21,
"2018-08-12T01:30:00Z","2018-08-12T02:00:00Z",0.33,0.00,0.96,0.08,450,0.14,0.01,,82.31,36.77,407,6.70,0.30,
"2018-08-12T02:00:00Z","2018-08-12T02:30:00Z",0.17,0.00,1.12,0.06,446,0.14,0.01,,91.90,32.51,447,6.70,0.27,
"2018-08-12T04:00:00Z","2018-08-12T04:30:00Z",0.39,0.00,1.06,0.08,450,0.14,0.01,,68.04,36.29,359,6.70,0.32,
"2018-08-12T04:30:00Z","2018-08-12T05:00:00Z",0.46,0.00,1.04,0.08,449,0.14,0.01,,99.43,3.45,252,6.68,0.12,
"2018-08-12T05:00:00Z","2018-08-12T05:30:00Z",0.38,0.00,1.00,0.07,447,0.14,0.01,,76.54,45.81,360,6.71,0.36,
"2018-08-12T05:30:00Z","2018-08-12T06:00:00Z",0.16,0.00,0.83,0.05,439,0.14,0.01,,98.68,24.57,450,6.69,0.23,
"2018-08-12T06:00:00Z","2018-08-12T06:30:00Z",0.21,0.00,1.04,0.08,435,0.14,0.01,,119.79,104.22,418,6.75,0.50,
"2018-08-12T08:00:00Z","2018-08-12T08:30:00Z",0.37,0.00,1.12,0.10,449,0.14,0.01,,66.72,68.34,292,6.74,0.48,
"2018-08-12T08:30:00Z","2018-08-12T09:00:00Z",0.52,0.00,1.71,0.12,450,0.14,0.02,,63.05,42.90,320,6.71,0.37,
"2018-08-12T09:00:00Z","2018-08-12T09:30:00Z",0.32,0.00,1.04,0.11,443,0.14,0.02,,78.84,47.00,378,6.71,0.35,
"2018-08-12T09:30:00Z","2018-08-12T10:00:00Z",0.40,0.00,1.27,0.13,447,0.14,0.02,,84.35,62.66,370,6.72,0.41,
"2018-08-12T10:00:00Z","2018-08-12T10:30:00Z",0.34,0.00,1.04,0.09,450,0.14,0.01,,53.75,50.43,257,6.73,0.44,
"2018-08-12T12:00:00Z","2018-08-12T12:30:00Z",0.13,0.00,0.77,0.04,435,0.14,0.01,,117.77,67.44,450,6.72,0.39,
"2018-08-12T12:30:00Z","2018-08-12T13:00:00Z",0.04,0.00,0.58,0.02,441,0.14,0.01,,97.90,33.61,445,6.70,0.27,
"2018-08-12T13:00:00Z","2018-08-12T13:30:00Z",0.00,0.00,0.42,0.00,440,0.14,0.00,,60.27,47.90,292,6.72,0.41,
"2018-08-12T13:30:00Z","2018-08-12T14:00:00Z",0.11,0.00,0.75,0.04,413,0.14,0.01,,56.20,40.66,331,6.71,0.35,
"2018-08-12T14:00:00Z","2018-08-12T14:30:00Z",0.36,0.00,1.75,0.20,409,0.15,0.02,,71.44,31.31,407,6.70,0.28,
"2018-08-12T16:00:00Z","2018-08-12T16:30:00Z",0.22,0.00,1.21,0.09,424,0.14,0.01,,119.10,117.43,419,6.76,0.53,
"2018-08-12T16:30:00Z","2018-08-12T17:00:00Z",0.98,0.00,2.79,0.51,450,0.16,0.03,,81.39,55.91,375,6.72,0.39,
"2018-08-12T17:00:00Z","2018-08-12T17:30:00Z",0.79,0.00,2.79,0.49,427,0.16,0.03,,96.03,50.80,404,6.71,0.35,
"2018-08-12T17:30:00Z","2018-08-12T18:00:00Z",0.86,0.00,3.21,0.48,409,0.16,0.03,,102.56,89.59,389,6.74,0.48,
"2018-08-12T18:00:00Z","2018-08-12T18:30:00Z",0.99,0.00,2.87,0.54,397,0.16,0.04,,80.87,65.21,357,6.73,0.43,
"2018-08-12T20:00:00Z","2018-08-12T20:30:00Z",1.09,0.00,2.67,0.31,450,0.15,0.03,,69.69,48.36,423,6.71,0.34,
"2018-08-12T20:30:00Z","2018-08-12T21:00:00Z",0.62,0.00,2.21,0.32,450,0.15,0.03,,110.91,92.77,420,6.74,0.47,
"2018-08-12T21:00:00Z","2018-08-12T21:30:00Z",0.50,0.00,2.62,0.30,418,0.15,0.03,,85.60,82.50,327,6.75,0.50,
"2018-08-12T21:30:00Z","2018-08-12T22:00:00Z",0.28,0.00,1.75,0.13,402,0.14,0.02,,98.87,52.14,408,6.71,0.36,
"2018-08-12T22:00:00Z","2018-08-12T22:30:00Z",0.11,0.00,0.67,0.04,375,0.14,0.01,,86.29,47.46,385,6.71,0.35,
"2018-08-13T00:00:00Z","2018-08-13T00:30:00Z",0.44,0.00,1.04,0.12,443,0.14,0.02,,96.75,22.69,450,6.69,0.22,
"2018-08-13T00:30:00Z","2018-08-13T01:00:00Z",0.91,0.50,1.25,0.02,429,0.14,0.01,,60.71,48.98,291,6.72,0.41,
"2018-08-13T01:00:00Z","2018-08-13T01:30:00Z",0.86,0.42,1.21,0.02,437,0.14,0.01,,86.60,20.18,111,6.73,0.43,
"2018-08-13T01:30:00Z","2018-08-13T02:00:00Z",0.86,0.00,1.21,0.02,449,0.14,0.01,,98.81,5.97,124,6.69,0.22,
"2018-08-13T02:00:00Z","2018-08-13T02:30:00Z",0.89,0.00,1.29,0.04,450,0.14,0.01,,91.25,16.64,115,6.72,0.38,
"2018-08-13T04:00:00Z","2018-08-13T04:30:00Z",0.88,0.00,1.46,0.06,450,0.14,0.01,,73.67,37.45,184,6.73,0.45,
"2018-08-13T04:30:00Z","2018-08-13T05:00:00Z",0.85,0.00,1.58,0.05,449,0.14,0.01,,54.40,42.43,282,6.72,0.39,
"2018-08-13T05:00:00Z","2018-08-13T05:30:00Z",1.38,0.41,2.37,0.13,450,0.14,0.02,,64.58,54.61,296,6.73,0.43,
"2018-08-13T05:30:00Z","2018-08-13T06:00:00Z",1.21,0.21,2.21,0.15,445,0.14,0.02,,88.93,50.58,378,6.71,0.37,
"2018-08-13T06:00:00Z","2018-08-13T06:30:00Z",1.32,0.42,1.87,0.08,446,0.14,0.01,,88.59,42.56,392,6.71,0.33,
"2018-08-13T08:00:00Z","2018-08-13T08:30:00Z",1.07,0.00,1.71,0.12,450,0.14,0.02,,93.99,35.28,418,6.70,0.29,
"2018-08-13T08:30:00Z","2018-08-13T09:00:00Z",1.07,0.00,1.83,0.09,450,0.14,0.01,,103.67,31.31,442,6.69,0.27,
"2018-08-13T09:00:00Z","2018-08-13T09:30:00Z",1.00,0.00,1.54,0.06,449,0.14,0.01,,85.73,45.08,380,6.71,0.34,
"2018-08-13T09:30:00Z","2018-08-13T10:00:00Z",0.79,0.00,1.52,0.11,449,0.14,0.02,,74.68,56.48,326,6.73,0.42,
"2018-08-13T10:00:00Z","2018-08-13T10:30:00Z",0.95,0.00,1.71,0.06,450,0.14,0.01,,55.60,45.24,140,6.77,0.57,
"2018-08-13T12:00:00Z","2018-08-13T12:30:00Z",0.61,0.00,1.21,0.10,446,0.14,0.01,,67.20,33.89,362,6.70,0.31,
"2018-08-13T12:30:00Z","2018-08-13T13:00:00Z",1.18,0.00,3.12,0.27,448,0.15,0.02,,66.10,20.44,415,6.69,0.22,
"2018-08-13T13:00:00Z","2018-08-13T13:30:00Z",1.42,0.00,3.40,0.43,448,0.15,0.03,,78.05,50.09,369,6.71,0.37,
"2018-08-13T13:30:00Z","2018-08-13T14:00:00Z",1.65,0.00,3.96,0.52,424,0.16,0.04,,88.71,64.67,376,6.73,0.41,
"2018-08-13T14:00:00Z","2018-08-13T14:30:00Z",1.62,0.00,3.62,0.58,409,0.16,0.04,,100.13,81.13,370,6.74,0.47,
"2018-08-13T16:00:00Z","2018-08-13T16:30:00Z",1.67,0.00,4.62,0.78,409,0.16,0.04,,92.29,78.36,365,6.74,0.46,
"2018-08-13T16:30:00Z","2018-08-13T17:00:00Z",1.36,0.00,3.96,0.72,450,0.16,0.04,,124.54,87.37,420,6.74,0.46,
"2018-08-13T17:00:00Z","2018-08-13T17:30:00Z",1.90,0.00,5.62,1.06,431,0.17,0.05,,112.66,85.32,404,6.74,0.46,
"2018-08-13T17:30:00Z","2018-08-13T18:00:00Z",1.99,0.00,6.12,1.33,409,0.18,0.06,,89.26,81.82,355,6.74,0.48,
"2018-08-13T18:00:00Z","2018-08-13T18:30:00Z",1.76,0.00,5.71,1.13,393,0.18,0.05,,96.01,99.09,354,6.76,0.53,
"2018-08-13T20:00:00Z","2018-08-13T20:30:00Z",2.31,0.00,5.54,1.19,449,0.17,0.05,,91.39,64.38,391,6.72,0.41,
"2018-08-13T20:30:00Z","2018-08-13T21:00:00Z",2.32,0.00,6.29,1.21,450,0.17,0.05,,97.76,72.39,389,6.73,0.43,
"2018-08-13T21:00:00Z","2018-08-13T21:30:00Z",2.07,0.00,4.61,0.88,411,0.17,0.05,,85.89,71.74,353,6.73,0.45,
"2018-08-13T21:30:00Z","2018-08-13T22:00:00Z",1.82,0.00,4.92,0.89,409,0.17,0.05,,83.03,66.70,352,6.73,0.44,
"2018-08-13T22:00:00Z","2018-08-13T22:30:00Z",1.79,0.00,4.62,0.71,383,0.16,0.04,,81.03,76.00,331,6.74,0.48,
"2018-08-14T00:00:00Z","2018-08-14T00:30:00Z",0.28,0.00,1.21,0.10,448,0.14,0.01,,102.21,38.37,441,6.70,0.29,
"2018-08-14T00:30:00Z","2018-08-14T01:00:00Z",0.80,0.00,1.37,0.07,428,0.14,0.01,,73.87,51.49,336,6.72,0.39,
"2018-08-14T01:00:00Z","2018-08-14T01:30:00Z",0.96,0.00,1.87,0.18,435,0.15,0.02,,108.81,6.60,250,6.68,0.16,
"2018-08-14T01:30:00Z","2018-08-14T02:00:00Z",1.10,0.50,1.83,0.04,450,0.14,0.01,,72.90,32.37,95,6.78,0.58,
"2018-08-14T02:00:00Z","2018-08-14T02:30:00Z",1.06,0.25,1.62,0.04,450,0.14,0.01,,59.53,54.84,272,6.73,0.45,
"2018-08-14T04:00:00Z","2018-08-14T04:30:00Z",0.75,0.00,1.54,0.18,444,0.15,0.02,,72.07,46.71,339,6.71,0.37,
"2018-08-14T04:30:00Z","2018-08-14T05:00:00Z",1.26,0.67,1.81,0.03,450,0.14,0.01,,103.60,3.53,126,6.68,0.17,
"2018-08-14T05:00:00Z","2018-08-14T05:30:00Z",1.26,0.75,1.79,0.04,449,0.14,0.01,,85.20,34.13,202,6.72,0.41,
"2018-08-14T05:30:00Z","2018-08-14T06:00:00Z",1.21,0.54,1.83,0.05,449,0.14,0.01,,66.28,46.17,161,6.76,0.54,
"2018-08-14T06:00:00Z","2018-08-14T06:30:00Z",1.07,0.42,1.75,0.04,450,0.14,0.01,,78.32,30.68,200,6.72,0.39,
"2018-08-14T08:00:00Z","2018-08-14T08:30:00Z",1.00,0.46,1.64,0.05,450,0.14,0.01,,52.31,47.28,259,6.73,0.43,
"2018-08-14T08:30:00Z","2018-08-14T09:00:00Z",1.01,0.00,1.58,0.05,449,0.14,0.01,,50.58,42.26,266,6.72,0.40,
"2018-08-14T09:00:00Z","2018-08-14T09:30:00Z",0.98,0.00,1.62,0.09,448,0.14,0.01,,82.93,39.60,391,6.70,0.32,
"2018-08-14T09:30:00Z","2018-08-14T10:00:00Z",0.99,0.00,1.71,0.08,449,0.14,0.01,,66.89,42.79,337,6.71,0.36,
"2018-08-14T10:00:00Z","2018-08-14T10:30:00Z",0.74,0.00,1.67,0.15,450,0.14,0.02,,97.85,21.98,231,6.70,0.31,
"2018-08-14T12:00:00Z","2018-08-14T12:30:00Z",1.10,0.00,2.33,0.24,450,0.15,0.02,,72.88,43.07,367,6.71,0.34,
"2018-08-14T12:30:00Z","2018-08-14T13:00:00Z",0.98,0.00,3.04,0.41,448,0.15,0.03,,96.08,59.35,406,6.72,0.38,
"2018-08-14T13:00:00Z","2018-08-14T13:30:00Z",1.33,0.00,3.62,0.55,430,0.16,0.04,,93.08,67.53,379,6.73,0.42,
"2018-08-14T13:30:00Z","2018-08-14T14:00:00Z",1.53,0.00,3.33,0.47,409,0.16,0.03,,94.30,79.60,365,6.74,0.47,
"2018-08-14T14:00:00Z","2018-08-14T14:30:00Z",1.23,0.00,3.21,0.39,377,0.15,0.03,,88.50,92.21,338,6.75,0.52,
"2018-08-14T16:00:00Z","2018-08-14T16:30:00Z",1.43,0.00,4.33,0.75,450,0.16,0.04,,106.65,85.15,398,6.74,0.46,
"2018-08-14T16:30:00Z","2018-08-14T17:00:00Z",1.12,0.00,4.25,0.68,415,0.16,0.04,,140.85,139.29,404,6.78,0.59,
"2018-08-14T17:00:00Z","2018-08-14T17:30:00Z",1.39,0.00,3.87,0.93,409,0.17,0.05,,114.58,122.96,381,6.77,0.57,
"2018-08-14T17:30:00Z","2018-08-14T18:00:00Z",1.15,0.00,4.67,0.69,383,0.16,0.04,,112.76,161.43,326,6.82,0.70,
"2018-08-14T18:00:00Z","2018-08-14T18:30:00Z",0.68,0.00,3.08,0.37,411,0.15,0.03,,130.51,128.11,405,6.77,0.56,
"2018-08-14T20:00:00Z","2018-08-14T20:30:00Z",1.74,0.00,6.00,0.79,437,0.16,0.04,,109.83,86.89,398,6.74,0.47,
"2018-08-14T20:30:00Z","2018-08-14T21:00:00Z",1.32,0.00,3.87,0.53,410,0.16,0.04,,96.95,85.52,368,6.74,0.48,
"2018-08-14T21:00:00Z","2018-08-14T21:30:00Z",1.41,0.00,4.67,0.77,398,0.17,0.04,,258.15,122.24,392,6.77,0.56,
"2018-08-14T21:30:00Z","2018-08-14T22:00:00Z",0.90,0.00,3.79,0.56,397,0.16,0.04,,107.41,115.62,381,6.76,0.55,
"2018-08-14T22:00:00Z","2018-08-14T22:30:00Z",0.78,0.00,2.50,0.30,446,0.15,0.03,,72.35,42.45,438,6.70,0.31,
"2018-08-15T00:00:00Z","2018-08-15T00:30:00Z",0.37,0.00,1.12,0.14,448,0.14,0.02,,150.98,127.65,450,6.76,0.53,
"2018-08-15T00:30:00Z","2018-08-15T01:00:00Z",0.24,0.00,0.92,0.07,450,0.14,0.01,,147.59,108.39,449,6.75,0.49,
"2018-08-15T01:00:00Z","2018-08-15T01:30:00Z",0.85,0.00,2.75,0.53,448,0.16,0.03,,240.75,113.65,450,6.75,0.50,
"2018-08-15T01:30:00Z","2018-08-15T02:00:00Z",1.20,0.00,3.77,0.48,450,0.15,0.03,,320.64,32.45,450,6.70,0.27,
"2018-08-15T02:00:00Z","2018-08-15T02:30:00Z",0.51,0.00,2.12,0.20,450,0.15,0.02,,63.43,26.34,450,6.69,0.24,
"2018-08-15T04:00:00Z","2018-08-15T04:30:00Z",0.76,0.00,1.79,0.26,450,0.15,0.02,,79.13,88.51,320,6.76,0.53,
"2018-08-15T04:30:00Z","2018-08-15T05:00:00Z",0.49,0.00,1.37,0.14,449,0.14,0.02,,224.69,102.79,449,6.74,0.48,
"2018-08-15T05:00:00Z","2018-08-15T05:30:00Z",0.36,0.00,1.34,0.14,448,0.14,0.02,,107.59,84.73,422,6.73,0.45,
"2018-08-15T05:30:00Z","2018-08-15T06:00:00Z",0.60,0.00,1.37,0.20,449,0.15,0.02,,125.61,143.21,399,6.78,0.60,
"2018-08-15T06:00:00Z","2018-08-15T06:30:00Z",0.44,0.00,1.17,0.10,450,0.14,0.01,,216.52,100.96,450,6.74,0.47,
"2018-08-15T08:00:00Z","2018-08-15T08:30:00Z",0.52,0.00,1.33,0.16,450,0.15,0.02,,146.20,130.87,430,6.76,0.55,
"2018-08-15T08:30:00Z","2018-08-15T09:00:00Z",0.21,0.00,0.92,0.07,442,0.14,0.01,,119.96,67.14,450,6.72,0.39,
"2018-08-15T09:00:00Z","2018-08-15T09:30:00Z",0.64,0.00,1.62,0.19,450,0.15,0.02,,343.32,65.72,450,6.72,0.38,
"2018-08-15T09:30:00Z","2018-08-15T10:00:00Z",0.57,0.00,1.46,0.15,450,0.14,0.02,,350.53,57.42,450,6.71,0.36,
"2018-08-15T10:00:00Z","2018-08-15T10:30:00Z",0.30,0.00,1.58,0.15,444,0.14,0.02,,96.91,48.24,438,6.71,0.33,
"2018-08-15T12:00:00Z","2018-08-15T12:30:00Z",0.73,0.00,2.37,0.31,450,0.15,0.03,,80.38,37.21,424,6.70,0.30,
"2018-08-15T12:30:00Z","2018-08-15T13:00:00Z",1.43,0.00,3.79,0.57,449,0.16,0.04,,356.48,27.05,446,6.69,0.25,
"2018-08-15T13:00:00Z","2018-08-15T13:30:00Z",0.87,0.00,3.04,0.50,450,0.16,0.03,,79.24,48.82,430,6.71,0.34,
"2018-08-15T13:30:00Z","2018-08-15T14:00:00Z",0.98,0.00,3.08,0.51,443,0.16,0.03,,44.81,27.84,437,6.69,0.25,
"2018-08-15T14:00:00Z","2018-08-15T14:30:00Z",1.02,0.00,3.46,0.57,448,0.16,0.04,,53.21,29.08,424,6.69,0.26,
"2018-08-15T16:00:00Z","2018-08-15T16:30:00Z",0.91,0.00,2.37,0.38,435,0.15,0.03,,81.14,41.90,411,6.70,0.32,
"2018-08-15T16:30:00Z","2018-08-15T17:00:00Z",0.90,0.00,2.50,0.29,413,0.15,0.03,,66.05,44.18,396,6.71,0.33,
"2018-08-15T17:00:00Z","2018-08-15T17:30:00Z",1.57,0.00,4.83,1.03,401,0.17,0.05,,83.08,81.85,343,6.74,0.49,
"2018-08-15T17:30:00Z","2018-08-15T18:00:00Z",1.46,0.00,3.71,0.69,386,0.16,0.04,,70.16,60.94,324,6.73,0.43,
"2018-08-15T18:00:00Z","2018-08-15T18:30:00Z",1.07,0.00,2.96,0.64,450,0.16,0.04,,90.94,81.46,409,6.73,0.45,
"2018-08-15T20:00:00Z","2018-08-15T20:30:00Z",0.64,0.00,2.53,0.32,409,0.15,0.03,,88.14,75.95,373,6.73,0.45,
"2018-08-15T20:30:00Z","2018-08-15T21:00:00Z",0.46,0.00,1.99,0.19,396,0.15,0.02,,83.81,68.85,374,6.73,0.43,
"2018-08-15T21:00:00Z","2018-08-15T21:30:00Z",1.03,0.00,2.71,0.45,386,0.16,0.03,,342.33,89.84,386,6.74,0.48,
"2018-08-15T21:30:00Z","2018-08-15T22:00:00Z",1.21,0.00,2.29,0.24,450,0.15,0.02,,305.55,25.45,450,6.69,0.24,
"2018-08-15T22:00:00Z","2018-08-15T22:30:00Z",0.86,0.00,2.04,0.20,441,0.15,0.02,,263.07,73.01,441,6.72,0.41,
"2018-08-16T00:00:00Z","2018-08-16T00:30:00Z",0.64,0.00,2.46,0.26,404,0.15,0.03,,3.94,136.49,403,6.77,0.58,
"2018-08-16T00:30:00Z","2018-08-16T01:00:00Z",0.32,0.00,1.30,0.12,370,0.14,0.02,,58.02,32.48,381,6.70,0.29,
"2018-08-16T01:00:00Z","2018-08-16T01:30:00Z",0.13,0.00,0.87,0.05,437,0.14,0.01,,91.52,38.49,448,6.70,0.29,
"2018-08-16T01:30:00Z","2018-08-16T02:00:00Z",0.21,0.00,1.37,0.07,441,0.14,0.01,,104.36,43.05,448,6.70,0.31,
"2018-08-16T02:00:00Z","2018-08-16T02:30:00Z",0.71,0.00,2.00,0.18,450,0.15,0.02,,336.23,45.54,450,6.70,0.32,
"2018-08-16T04:00:00Z","2018-08-16T04:30:00Z",0.80,0.00,2.50,0.27,450,0.15,0.02,,326.44,58.59,450,6.71,0.36,
"2018-08-16T04:30:00Z","2018-08-16T05:00:00Z",0.30,0.00,1.55,0.16,434,0.15,0.02,,87.87,55.03,446,6.71,0.35,
"2018-08-16T05:00:00Z","2018-08-16T05:30:00Z",0.35,0.00,1.12,0.14,442,0.14,0.02,,139.36,127.28,431,6.76,0.54,
"2018-08-16T05:30:00Z","2018-08-16T06:00:00Z",0.36,0.00,1.37,0.13,434,0.14,0.02,,135.80,145.94,417,6.78,0.59,
"2018-08-16T06:00:00Z","2018-08-16T06:30:00Z",0.51,0.00,1.25,0.14,444,0.14,0.02,,217.14,104.23,444,6.74,0.48,
"2018-08-16T08:00:00Z","2018-08-16T08:30:00Z",0.33,0.00,1.17,0.11,450,0.14,0.02,,358.36,136.79,450,6.76,0.55,
"2018-08-16T08:30:00Z","2018-08-16T09:00:00Z",0.39,0.00,1.37,0.14,449,0.14,0.02,,359.82,121.40,449,6.75,0.52,
"2018-08-16T09:00:00Z","2018-08-16T09:30:00Z",0.17,0.00,1.08,0.08,435,0.14,0.01,,103.56,52.01,447,6.71,0.34,
"2018-08-16T09:30:00Z","2018-08-16T10:00:00Z",0.25,0.00,1.00,0.08,439,0.14,0.01,,151.58,126.56,448,6.76,0.53,
"2018-08-16T10:00:00Z","2018-08-16T10:30:00Z",0.20,0.00,1.00,0.07,441,0.14,0.01,,141.37,128.20,449,6.76,0.53,
"2018-08-16T12:00:00Z","2018-08-16T12:30:00Z",0.24,0.00,1.46,0.11,449,0.14,0.02,,88.23,47.29,450,6.71,0.32,
"2018-08-16T12:30:00Z","2018-08-16T13:00:00Z",0.48,0.00,1.29,0.15,432,0.15,0.02,,47.00,27.31,432,6.69,0.25,
"2018-08-16T13:00:00Z","2018-08-16T13:30:00Z",0.59,0.00,2.00,0.18,440,0.15,0.02,,0.99,55.13,440,6.71,0.35,
"2018-08-16T13:30:00Z","2018-08-16T14:00:00Z",0.47,0.00,2.04,0.22,424,0.15,0.02,,48.89,34.77,336,6.70,0.32,
"2018-08-16T14:00:00Z","2018-08-16T14:30:00Z",0.36,0.00,1.92,0.17,429,0.15,0.02,,99.69,66.55,431,6.72,0.39,
"2018-08-16T16:00:00Z","2018-08-16T16:30:00Z",0.59,0.00,1.83,0.24,431,0.15,0.02,,63.84,40.18,351,6.71,0.34,
"2018-08-16T16:30:00Z","2018-08-16T17:00:00Z",0.49,0.00,2.08,0.27,407,0.15,0.03,,91.81,73.23,386,6.73,0.44,
"2018-08-16T17:00:00Z","2018-08-16T17:30:00Z",1.05,0.00,2.37,0.44,406,0.15,0.03,,72.74,49.56,353,6.72,0.37,
"2018-08-16T17:30:00Z","2018-08-16T18:00:00Z",0.72,0.00,2.51,0.34,377,0.15,0.03,,345.77,130.43,370,6.78,0.59,
"2018-08-16T18:00:00Z","2018-08-16T18:30:00Z",0.37,0.00,1.29,0.15,446,0.14,0.02,,118.68,102.34,442,6.74,0.48,
"2018-08-16T20:00:00Z","2018-08-16T20:30:00Z",0.81,0.00,2.46,0.33,409,0.15,0.03,,74.35,51.13,379,6.71,0.37,
"2018-08-16T20:30:00Z","2018-08-16T21:00:00Z",0.19,0.00,1.92,0.15,406,0.15,0.02,,95.01,65.20,410,6.72,0.40,
"2018-08-16T21:00:00Z","2018-08-16T21:30:00Z",0.16,0.00,1.04,0.08,363,0.14,0.01,,80.78,49.90,363,6.71,0.37,
"2018-08-16T21:30:00Z","2018-08-16T22:00:00Z",0.28,0.00,1.46,0.13,431,0.14,0.02,,106.46,49.21,429,6.71,0.34,
"2018-08-16T22:00:00Z","2018-08-16T22:30:00Z",0.30,0.00,1.00,0.10,448,0.14,0.02,,88.92,70.48,359,6.73,0.44,
"2018-08-17T00:00:00Z","2018-08-17T00:30:00Z",0.54,0.00,1.87,0.20,409,0.15,0.02,,52.25,26.93,409,6.69,0.26,
"2018-08-17T00:30:00Z","2018-08-17T01:00:00Z",0.62,0.00,2.12,0.26,398,0.15,0.03,,97.54,78.25,390,6.73,0.45,
"2018-08-17T01:00:00Z","2018-08-17T01:30:00Z",0.42,0.00,2.04,0.25,443,0.15,0.02,,86.71,29.02,450,6.69,0.25,
"2018-08-17T01:30:00Z","2018-08-17T02:00:00Z",1.36,0.00,3.17,0.35,446,0.15,0.03,,293.59,29.39,446,6.69,0.26,
"2018-08-17T02:00:00Z","2018-08-17T02:30:00Z",0.82,0.00,2.67,0.19,448,0.15,0.02,,311.00,24.87,448,6.69,0.24,
"2018-08-17T04:00:00Z","2018-08-17T04:30:00Z",0.82,0.00,3.21,0.63,442,0.16,0.04,,71.01,44.76,388,6.71,0.34,
"2018-08-17T04:30:00Z","2018-08-17T05:00:00Z",0.28,0.00,1.08,0.08,433,0.14,0.01,,83.18,38.30,440,6.70,0.30,
"2018-08-17T05:00:00Z","2018-08-17T05:30:00Z",0.16,0.00,0.79,0.05,427,0.14,0.01,,98.29,30.71,442,6.69,0.26,
"2018-08-17T05:30:00Z","2018-08-17T06:00:00Z",0.33,0.00,1.54,0.17,441,0.15,0.02,,108.46,89.21,413,6.74,0.46,
"2018-08-17T06:00:00Z","2018-08-17T06:30:00Z",0.57,0.00,1.21,0.11,450,0.14,0.02,,234.50,76.19,450,6.72,0.41,
"2018-08-17T08:00:00Z","2018-08-17T08:30:00Z",0.68,0.00,1.37,0.09,442,0.14,0.01,,252.96,55.55,442,6.71,0.35,
"2018-08-17T08:30:00Z","2018-08-17T09:00:00Z",0.40,0.00,1.00,0.10,450,0.14,0.01,,226.31,111.04,450,6.75,0.50,
"2018-08-17T09:00:00Z","2018-08-17T09:30:00Z",0.50,0.00,1.08,0.12,450,0.14,0.02,,224.54,95.28,450,6.74,0.46,
"2018-08-17T09:30:00Z","2018-08-17T10:00:00Z",0.58,0.00,1.29,0.12,449,0.14,0.02,,236.94,103.49,438,6.74,0.49,
"2018-08-17T10:00:00Z","2018-08-17T10:30:00Z",0.55,0.00,1.33,0.17,450,0.15,0.02,,227.37,114.63,440,6.75,0.51,
"2018-08-17T12:00:00Z","2018-08-17T12:30:00Z",0.15,0.00,0.83,0.05,440,0.14,0.01,,100.76,52.10,450,6.71,0.34,
"2018-08-17T12:30:00Z","2018-08-17T13:00:00Z",0.47,0.00,1.46,0.10,425,0.14,0.02,,52.51,22.19,425,6.69,0.23,
"2018-08-17T13:00:00Z","2018-08-17T13:30:00Z",0.08,0.00,1.58,0.06,392,0.14,0.01,,65.01,45.70,347,6.71,0.36,
"2018-08-17T13:30:00Z","2018-08-17T14:00:00Z",0.55,0.00,1.75,0.19,401,0.15,0.02,,345.44,89.96,401,6.74,0.47,
"2018-08-17T14:00:00Z","2018-08-17T14:30:00Z",0.86,0.00,2.62,0.32,450,0.15,0.03,,324.75,71.78,450,6.72,0.40,
"2018-08-17T16:00:00Z","2018-08-17T16:30:00Z",1.56,0.00,3.21,0.35,409,0.15,0.03,,313.72,27.20,409,6.69,0.26,
"2018-08-17T16:30:00Z","2018-08-17T17:00:00Z",1.40,0.00,3.08,0.41,386,0.15,0.03,,325.58,22.32,359,6.69,0.25,
"2018-08-17T17:00:00Z","2018-08-17T17:30:00Z",1.61,0.00,3.43,0.52,414,0.16,0.04,,306.76,36.26,389,6.70,0.31,
"2018-08-17T17:30:00Z","2018-08-17T18:00:00Z",1.45,0.00,2.92,0.41,450,0.15,0.03,,300.86,33.62,450,6.70,0.27,
"2018-08-17T18:00:00Z","2018-08-17T18:30:00Z",1.49,0.00,3.21,0.43,425,0.15,0.03,,298.90,24.74,425,6.69,0.24,
"2018-08-17T20:00:00Z","2018-08-17T20:30:00Z",1.62,0.00,4.04,0.45,388,0.16,0.03,,296.49,44.11,388,6.71,0.34,
"2018-08-17T20:30:00Z","2018-08-17T21:00:00Z",1.86,0.00,4.42,0.57,404,0.16,0.04,,302.26,25.36,404,6.69,0.25,
"2018-08-17T21:00:00Z","2018-08-17T21:30:00Z",1.74,0.00,4.42,0.71,450,0.16,0.04,,294.65,25.26,450,6.69,0.24,
"2018-08-17T21:30:00Z","2018-08-17T22:00:00Z",1.76,0.00,3.92,0.59,429,0.16,0.04,,285.69,30.88,429,6.70,0.27,
"2018-08-17T22:00:00Z","2018-08-17T22:30:00Z",1.96,0.46,3.71,0.40,409,0.15,0.03,,293.32,24.92,409,6.69,0.25,
"2018-08-18T00:00:00Z","2018-08-18T00:30:00Z",1.50,0.08,3.62,0.35,422,0.15,0.03,,285.91,26.66,422,6.69,0.25,
"2018-08-18T00:30:00Z","2018-08-18T01:00:00Z",1.50,0.00,3.29,0.53,440,0.16,0.03,,276.01,40.02,440,6.70,0.30,
"2018-08-18T01:00:00Z","2018-08-18T01:30:00Z",2.03,0.00,5.04,0.84,448,0.16,0.04,,295.92,24.78,448,6.69,0.24,
"2018-08-18T01:30:00Z","2018-08-18T02:00:00Z",1.55,0.00,3.42,0.35,449,0.15,0.03,,297.18,32.17,449,6.70,0.27,
"2018-08-18T02:00:00Z","2018-08-18T02:30:00Z",2.05,0.12,5.92,0.67,436,0.16,0.04,,283.59,27.12,436,6.69,0.25,
"2018-08-18T04:00:00Z","2018-08-18T04:30:00Z",1.88,0.21,4.12,0.60,435,0.16,0.04,,285.10,24.48,435,6.69,0.24,
"2018-08-18T04:30:00Z","2018-08-18T05:00:00Z",1.27,0.00,3.37,0.37,449,0.15,0.03,,272.66,29.25,449,6.69,0.26,
"2018-08-18T05:00:00Z","2018-08-18T05:30:00Z",0.98,0.00,2.62,0.37,449,0.15,0.03,,264.90,81.75,449,6.73,0.43,
"2018-08-18T05:30:00Z","2018-08-18T06:00:00Z",1.20,0.00,2.96,0.42,432,0.15,0.03,,329.90,35.19,432,6.70,0.29,
"2018-08-18T06:00:00Z","2018-08-18T06:30:00Z",1.32,0.00,3.21,0.57,450,0.16,0.04,,328.31,37.32,450,6.70,0.29,
"2018-08-18T08:00:00Z","2018-08-18T08:30:00Z",0.97,0.00,2.54,0.29,441,0.15,0.03,,344.51,36.51,441,6.70,0.29,
"2018-08-18T08:30:00Z","2018-08-18T09:00:00Z",0.66,0.00,1.69,0.17,432,0.15,0.02,,46.49,26.08,432,6.69,0.25,
"2018-08-18T09:00:00Z","2018-08-18T09:30:00Z",0.56,0.00,2.00,0.18,446,0.15,0.02,,145.10,159.99,442,6.78,0.60,
"2018-08-18T09:30:00Z","2018-08-18T10:00:00Z",1.32,0.00,3.08,0.30,441,0.15,0.03,,277.98,36.47,441,6.70,0.29,
"2018-08-18T10:00:00Z","2018-08-18T10:30:00Z",1.47,0.00,4.08,0.47,449,0.15,0.03,,279.62,31.82,449,6.69,0.27,
"2018-08-18T12:00:00Z","2018-08-18T12:30:00Z",1.48,0.00,3.04,0.38,445,0.15,0.03,,306.41,26.35,445,6.69,0.24,
"2018-08-18T12:30:00Z","2018-08-18T13:00:00Z",1.32,0.00,2.96,0.34,446,0.15,0.03,,338.21,28.88,446,6.69,0.25,
"2018-08-18T13:00:00Z","2018-08-18T13:30:00Z",1.17,0.00,2.71,0.30,446,0.15,0.03,,345.80,14.51,446,6.68,0.18,
"2018-08-18T13:30:00Z","2018-08-18T14:00:00Z",1.07,0.00,2.37,0.27,438,0.15,0.03,,355.98,24.14,437,6.69,0.24,
"2018-08-18T14:00:00Z","2018-08-18T14:30:00Z",0.65,0.00,2.12,0.37,432,0.15,0.03,,62.71,33.73,432,6.70,0.28,
"2018-08-18T16:00:00Z","2018-08-18T16:30:00Z",1.10,0.00,2.79,0.35,416,0.15,0.03,,336.64,37.54,416,6.70,0.30,
"2018-08-18T16:30:00Z","2018-08-18T17:00:00Z",1.28,0.00,2.83,0.54,408,0.16,0.04,,334.37,70.38,358,6.73,0.44,
"2018-08-18T17:00:00Z","2018-08-18T17:30:00Z",0.90,0.00,2.83,0.47,398,0.16,0.03,,65.88,51.29,392,6.71,0.36,
"2018-08-18T17:30:00Z","2018-08-18T18:00:00Z",1.35,0.00,3.04,0.47,416,0.16,0.03,,304.90,78.90,416,6.73,0.44,
"2018-08-18T18:00:00Z","2018-08-18T18:30:00Z",0.99,0.00,2.45,0.44,397,0.15,0.03,,308.18,165.65,392,6.80,0.65,
"2018-08-18T20:00:00Z","2018-08-18T20:30:00Z",1.02,0.00,3.75,0.45,450,0.15,0.03,,120.94,106.64,418,6.75,0.51,
"2018-08-18T20:30:00Z","2018-08-18T21:00:00Z",0.86,0.00,2.83,0.39,430,0.15,0.03,,228.44,105.66,430,6.75,0.50,
"2018-08-18T21:00:00Z","2018-08-18T21:30:00Z",0.72,0.00,2.05,0.22,409,0.15,0.02,,107.65,84.60,400,6.74,0.46,
"2018-08-18T21:30:00Z","2018-08-18T22:00:00Z",0.51,0.00,1.33,0.15,381,0.15,0.02,,112.52,88.25,381,6.74,0.48,
"2018-08-18T22:00:00Z","2018-08-18T22:30:00Z",0.56,0.00,1.46,0.09,424,0.14,0.01,,129.20,67.30,424,6.72,0.40,
"2018-08-19T00:00:00Z","2018-08-19T00:30:00Z",0.48,0.00,1.15,0.07,412,0.14,0.01,,113.00,57.68,412,6.72,0.37,
"2018-08-19T00:30:00Z","2018-08-19T01:00:00Z",0.55,0.00,1.25,0.08,431,0.14,0.01,,78.92,48.79,358,6.71,0.37,
"2018-08-19T01:00:00Z","2018-08-19T01:30:00Z",0.84,0.00,1.29,0.05,450,0.14,0.01,,62.45,49.56,298,6.72,0.41,
"2018-08-19T01:30:00Z","2018-08-19T02:00:00Z",0.65,0.00,1.25,0.10,450,0.14,0.01,,112.21,30.61,248,6.71,0.35,
"2018-08-19T02:00:00Z","2018-08-19T02:30:00Z",0.28,0.00,1.00,0.07,448,0.14,0.01,,79.26,58.14,364,6.72,0.40,
"2018-08-19T04:00:00Z","2018-08-19T04:30:00Z",0.64,0.00,1.25,0.10,448,0.14,0.02,,63.35,49.99,301,6.72,0.41,
"2018-08-19T04:30:00Z","2018-08-19T05:00:00Z",0.70,0.00,1.33,0.08,450,0.14,0.01,,55.70,49.71,269,6.73,0.43,
"2018-08-19T05:00:00Z","2018-08-19T05:30:00Z",0.79,0.00,1.29,0.09,450,0.14,0.01,,103.84,8.24,248,6.68,0.18,
"2018-08-19T05:30:00Z","2018-08-19T06:00:00Z",1.18,0.62,1.71,0.03,450,0.14,0.01,,69.45,42.31,171,6.75,0.50,
"2018-08-19T06:00:00Z","2018-08-19T06:30:00Z",1.21,0.62,1.79,0.05,450,0.14,0.01,,59.84,46.28,295,6.72,0.40,
"2018-08-19T08:00:00Z","2018-08-19T08:30:00Z",0.39,0.00,1.37,0.11,450,0.14,0.02,,95.14,35.31,425,6.70,0.29,
"2018-08-19T08:30:00Z","2018-08-19T09:00:00Z",0.64,0.00,1.29,0.11,450,0.14,0.02,,75.92,58.56,328,6.73,0.42,
"2018-08-19T09:00:00Z","2018-08-19T09:30:00Z",0.67,0.00,1.54,0.12,450,0.14,0.02,,88.23,51.28,380,6.71,0.37,
"2018-08-19T09:30:00Z","2018-08-19T10:00:00Z",0.82,0.00,1.71,0.12,449,0.14,0.02,,100.10,56.64,397,6.72,0.38,
"2018-08-19T10:00:00Z","2018-08-19T10:30:00Z",0.96,0.00,2.58,0.28,449,0.15,0.02,,97.53,62.02,393,6.72,0.40,
"2018-08-19T12:00:00Z","2018-08-19T12:30:00Z",1.55,0.50,2.87,0.15,449,0.14,0.02,,67.13,57.01,301,6.73,0.44,
"2018-08-19T12:30:00Z","2018-08-19T13:00:00Z",1.75,0.08,3.17,0.29,445,0.15,0.03,,68.10,52.11,318,6.72,0.40,
"2018-08-19T13:00:00Z","2018-08-19T13:30:00Z",1.84,0.54,3.33,0.37,424,0.15,0.03,,67.47,46.02,335,6.71,0.37,
"2018-08-19T13:30:00Z","2018-08-19T14:00:00Z",2.03,0.00,6.12,0.91,427,0.17,0.05,,79.61,61.56,346,6.73,0.42,
"2018-08-19T14:00:00Z","2018-08-19T14:30:00Z",2.00,0.00,4.00,0.89,401,0.17,0.05,,56.62,40.72,325,6.71,0.35,
"2018-08-19T16:00:00Z","2018-08-19T16:30:00Z",1.69,0.00,3.92,0.51,450,0.16,0.03,,80.37,53.58,376,6.72,0.38,
"2018-08-19T16:30:00Z","2018-08-19T17:00:00Z",1.25,0.00,3.25,0.53,423,0.16,0.04,,102.51,111.17,371,6.76,0.55,
"2018-08-19T17:00:00Z","2018-08-19T17:30:00Z",1.32,0.00,3.17,0.65,408,0.16,0.04,,99.15,90.08,375,6.75,0.49,
"2018-08-19T17:30:00Z","2018-08-19T18:00:00Z",0.59,0.00,2.00,0.28,378,0.15,0.03,,89.20,73.33,370,6.73,0.45,
"2018-08-19T18:00:00Z","2018-08-19T18:30:00Z",0.22,0.00,1.37,0.10,445,0.14,0.01,,89.37,53.70,438,6.71,0.35,
"2018-08-19T20:00:00Z","2018-08-19T20:30:00Z",0.48,0.00,2.58,0.24,410,0.15,0.02,,81.60,47.74,394,6.71,0.35,
"2018-08-19T20:30:00Z","2018-08-19T21:00:00Z",0.68,0.00,2.21,0.28,407,0.15,0.03,,78.23,59.49,391,6.72,0.39,
"2018-08-19T21:00:00Z","2018-08-19T21:30:00Z",0.72,0.00,2.37,0.31,374,0.15,0.03,,60.35,47.28,340,6.72,0.37,
"2018-08-19T21:30:00Z","2018-08-19T22:00:00Z",0.12,0.00,1.22,0.05,441,0.14,0.01,,85.19,39.76,442,6.70,0.30,
"2018-08-19T22:00:00Z","2018-08-19T22:30:00Z",0.31,0.00,1.12,0.10,439,0.14,0.02,,123.08,60.00,441,6.71,0.37,
"2018-08-20T00:00:00Z","2018-08-20T00:30:00Z",0.37,0.00,1.04,0.11,391,0.14,0.02,,75.21,51.69,341,6.72,0.39,
"2018-08-20T00:30:00Z","2018-08-20T01:00:00Z",0.60,0.00,1.21,0.07,403,0.14,0.01,,72.71,50.31,336,6.72,0.39,
"2018-08-20T01:00:00Z","2018-08-20T01:30:00Z",0.46,0.00,1.12,0.08,442,0.14,0.01,,78.08,43.33,372,6.71,0.34,
"2018-08-20T01:30:00Z","2018-08-20T02:00:00Z",0.49,0.00,1.10,0.09,435,0.14,0.01,,81.75,39.67,394,6.70,0.32,
"2018-08-20T02:00:00Z","2018-08-20T02:30:00Z",0.19,0.00,1.00,0.08,424,0.14,0.01,,73.69,36.39,378,6.70,0.31,
"2018-08-20T04:00:00Z","2018-08-20T04:30:00Z",0.66,0.00,1.37,0.08,445,0.14,0.01,,54.58,48.87,266,6.73,0.43,
"2018-08-20T04:30:00Z","2018-08-20T05:00:00Z",0.57,0.00,1.29,0.11,450,0.14,0.02,,60.67,46.49,299,6.72,0.39,
"2018-08-20T05:00:00Z","2018-08-20T05:30:00Z",0.23,0.00,1.04,0.08,449,0.14,0.01,,86.41,20.88,445,6.69,0.22,
"2018-08-20T05:30:00Z","2018-08-20T06:00:00Z",0.46,0.00,1.46,0.14,450,0.14,0.02,,82.46,40.49,390,6.70,0.32,
"2018-08-20T06:00:00Z","2018-08-20T06:30:00Z",0.39,0.00,1.33,0.21,448,0.15,0.02,,80.87,48.19,373,6.71,0.36,
"2018-08-20T08:00:00Z","2018-08-20T08:30:00Z",0.43,0.00,1.04,0.10,443,0.14,0.01,,38.22,24.92,445,6.69,0.24,
"2018-08-20T08:30:00Z","2018-08-20T09:00:00Z",0.15,0.00,0.83,0.06,433,0.14,0.01,,101.41,65.55,409,6.72,0.40,
"2018-08-20T09:00:00Z","2018-08-20T09:30:00Z",0.36,0.00,1.25,0.14,447,0.14,0.02,,66.20,48.25,324,6.72,0.39,
"2018-08-20T09:30:00Z","2018-08-20T10:00:00Z",0.24,0.00,1.29,0.11,443,0.14,0.02,,85.46,42.45,417,6.70,0.32,
"2018-08-20T10:00:00Z","2018-08-20T10:30:00Z",0.24,0.00,1.00,0.08,435,0.14,0.01,,83.80,27.64,435,6.69,0.25,
"2018-08-20T12:00:00Z","2018-08-20T12:30:00Z",0.38,0.00,1.04,0.08,448,0.14,0.01,,7.77,60.82,450,6.71,0.37,
"2018-08-20T12:30:00Z","2018-08-20T13:00:00Z",0.19,0.00,0.75,0.06,441,0.14,0.01,,91.90,27.17,450,6.69,0.25,
"2018-08-20T13:00:00Z","2018-08-20T13:30:00Z",0.50,0.00,1.35,0.17,450,0.15,0.02,,2.25,70.57,450,6.72,0.40,
"2018-08-20T13:30:00Z","2018-08-20T14:00:00Z",0.45,0.00,1.33,0.16,448,0.15,0.02,,7.11,82.94,448,6.73,0.43,
"2018-08-20T14:00:00Z","2018-08-20T14:30:00Z",0.24,0.00,1.46,0.12,438,0.14,0.02,,103.63,34.77,446,6.70,0.28,
"2018-08-20T16:00:00Z","2018-08-20T16:30:00Z",0.59,0.00,2.33,0.38,193,0.17,0.04,,74.12,47.55,183,6.75,0.51,
"2018-08-20T16:30:00Z","2018-08-20T17:00:00Z",,,,,,,,,,,,,,
"2018-08-20T17:00:00Z","2018-08-20T17:30:00Z",,,,,,,,,,,,,,
"2018-08-20T17:30:00Z","2018-08-20T18:00:00Z",,,,,,,,,,,,,,
"2018-08-20T18:00:00Z","2018-08-20T18:30:00Z",,,,,,,,,,,,,,
"2018-08-20T20:00:00Z","2018-08-20T20:30:00Z",,,,,,,,,,,,,,
"2018-08-20T20:30:00Z","2018-08-20T21:00:00Z",0.20,0.00,1.12,0.09,331,0.14,0.02,,,,,,,
"2018-08-20T21:00:00Z","2018-08-20T21:30:00Z",0.12,0.00,1.04,0.05,428,0.14,0.01,,,,,,,
"2018-08-20T21:30:00Z","2018-08-20T22:00:00Z",0.41,0.00,1.33,0.16,409,0.15,0.02,,,,,,,
"2018-08-20T22:00:00Z","2018-08-20T22:30:00Z",0.27,0.00,1.37,0.11,398,0.14,0.02,,,,,,,
"2018-08-21T00:00:00Z","2018-08-21T00:30:00Z",0.40,0.00,1.42,0.18,442,0.15,0.02,,,,,,,
"2018-08-21T00:30:00Z","2018-08-21T01:00:00Z",0.43,0.00,0.96,0.08,450,0.14,0.01,,,,,,,
"2018-08-21T01:00:00Z","2018-08-21T01:30:00Z",0.49,0.00,1.96,0.18,450,0.15,0.02,,,,,,,
"2018-08-21T01:30:00Z","2018-08-21T02:00:00Z",1.25,0.00,3.67,0.50,449,0.15,0.03,,,,,,,
"2018-08-21T02:00:00Z","2018-08-21T02:30:00Z",1.84,0.00,3.62,0.43,450,0.15,0.03,,,,,,,
"2018-08-21T04:00:00Z","2018-08-21T04:30:00Z",1.91,0.33,5.62,0.72,449,0.16,0.04,,,,,,,
"2018-08-21T04:30:00Z","2018-08-21T05:00:00Z",1.72,0.00,4.00,0.56,450,0.16,0.04,,,,,,,
"2018-08-21T05:00:00Z","2018-08-21T05:30:00Z",1.55,0.17,3.50,0.30,444,0.15,0.03,,,,,,,
"2018-08-21T05:30:00Z","2018-08-21T06:00:00Z",1.26,0.00,3.79,0.37,450,0.15,0.03,,,,,,,
"2018-08-21T06:00:00Z","2018-08-21T06:30:00Z",1.48,0.00,3.25,0.34,450,0.15,0.03,,,,,,,
"2018-08-21T08:00:00Z","2018-08-21T08:30:00Z",1.69,0.00,4.96,0.44,450,0.15,0.03,,,,,,,
"2018-08-21T08:30:00Z","2018-08-21T09:00:00Z",1.73,0.33,3.75,0.41,449,0.15,0.03,,,,,,,
"2018-08-21T09:00:00Z","2018-08-21T09:30:00Z",1.41,0.00,3.58,0.40,450,0.15,0.03,,,,,,,
"2018-08-21T09:30:00Z","2018-08-21T10:00:00Z",1.40,0.00,3.37,0.42,450,0.15,0.03,,,,,,,
"2018-08-21T10:00:00Z","2018-08-21T10:30:00Z",1.43,0.00,3.33,0.40,450,0.15,0.03,,,,,,,
"2018-08-21T12:00:00Z","2018-08-21T12:30:00Z",1.63,0.00,3.92,0.50,450,0.16,0.03,,278.86,28.18,450,6.69,0.25,
"2018-08-21T12:30:00Z","2018-08-21T13:00:00Z",1.98,0.00,5.04,0.60,448,0.16,0.04,,285.34,22.84,446,6.69,0.23,
"2018-08-21T13:00:00Z","2018-08-21T13:30:00Z",2.17,0.00,4.96,0.78,450,0.16,0.04,,281.86,24.31,450,6.69,0.23,
"2018-08-21T13:30:00Z","2018-08-21T14:00:00Z",2.43,0.54,5.37,0.82,448,0.16,0.04,,282.02,23.03,446,6.69,0.23,
"2018-08-21T14:00:00Z","2018-08-21T14:30:00Z",2.20,0.00,5.54,0.83,447,0.16,0.04,,291.24,24.36,444,6.69,0.23,
"2018-08-21T16:00:00Z","2018-08-21T16:30:00Z",3.27,0.00,6.50,1.57,449,0.18,0.06,,286.96,25.30,449,6.69,0.24,
"2018-08-21T16:30:00Z","2018-08-21T17:00:00Z",3.02,0.46,5.92,1.38,417,0.18,0.06,,302.69,36.47,339,6.71,0.33,
"2018-08-21T17:00:00Z","2018-08-21T17:30:00Z",2.63,0.00,5.50,1.08,437,0.17,0.05,,302.54,34.36,355,6.70,0.31,
"2018-08-21T17:30:00Z","2018-08-21T18:00:00Z",3.12,0.54,6.50,1.33,428,0.18,0.06,,295.13,23.33,428,6.69,0.23,
"2018-08-21T18:00:00Z","2018-08-21T18:30:00Z",3.40,0.12,7.83,1.78,432,0.19,0.06,,292.62,27.25,432,6.69,0.25,
"2018-08-21T20:00:00Z","2018-08-21T20:30:00Z",2.45,0.08,7.08,1.54,414,0.19,0.06,,293.49,26.58,414,6.69,0.25,
"2018-08-21T20:30:00Z","2018-08-21T21:00:00Z",1.86,0.00,4.54,0.55,441,0.16,0.04,,281.96,28.58,441,6.69,0.25,
"2018-08-21T21:00:00Z","2018-08-21T21:30:00Z",1.85,0.00,4.46,0.68,446,0.16,0.04,,287.12,26.57,446,6.69,0.24,
"2018-08-21T21:30:00Z","2018-08-21T22:00:00Z",0.89,0.00,2.21,0.24,447,0.15,0.02,,261.49,59.22,447,6.71,0.36,
"2018-08-21T22:00:00Z","2018-08-21T22:30:00Z",1.38,0.00,4.92,0.92,447,0.17,0.05,,248.32,72.99,447,6.72,0.40,
"2018-08-22T00:00:00Z","2018-08-22T00:30:00Z",0.57,0.00,1.67,0.16,443,0.15,0.02,,218.43,97.43,443,6.74,0.47,
"2018-08-22T00:30:00Z","2018-08-22T01:00:00Z",0.30,0.00,0.96,0.07,449,0.14,0.01,,130.36,60.00,449,6.71,0.37,
"2018-08-22T01:00:00Z","2018-08-22T01:30:00Z",0.35,0.00,1.12,0.08,449,0.14,0.01,,117.65,44.04,445,6.70,0.31,
"2018-08-22T01:30:00Z","2018-08-22T02:00:00Z",0.26,0.00,0.75,0.06,450,0.14,0.01,,120.97,55.45,442,6.71,0.35,
"2018-08-22T02:00:00Z","2018-08-22T02:30:00Z",0.54,0.00,1.58,0.14,450,0.14,0.02,,97.03,46.13,405,6.71,0.34,
"2018-08-22T04:00:00Z","2018-08-22T04:30:00Z",0.51,0.00,1.17,0.09,450,0.14,0.01,,90.42,49.84,385,6.71,0.36,
"2018-08-22T04:30:00Z","2018-08-22T05:00:00Z",0.50,0.00,1.21,0.10,448,0.14,0.02,,87.24,49.33,379,6.71,0.36,
"2018-08-22T05:00:00Z","2018-08-22T05:30:00Z",0.76,0.00,1.75,0.12,449,0.14,0.02,,99.02,54.41,397,6.71,0.37,
"2018-08-22T05:30:00Z","2018-08-22T06:00:00Z",0.64,0.00,1.71,0.16,450,0.14,0.02,,107.15,46.99,423,6.71,0.33,
"2018-08-22T06:00:00Z","2018-08-22T06:30:00Z",0.37,0.00,1.21,0.09,450,0.14,0.01,,112.14,58.61,428,6.71,0.37,
"2018-08-22T08:00:00Z","2018-08-22T08:30:00Z",0.19,0.00,1.04,0.07,440,0.14,0.01,,123.90,75.89,448,6.72,0.41,
"2018-08-22T08:30:00Z","2018-08-22T09:00:00Z",0.20,0.00,1.04,0.07,440,0.14,0.01,,110.18,120.62,369,6.77,0.57,
"2018-08-22T09:00:00Z","2018-08-22T09:30:00Z",0.18,0.00,1.04,0.06,432,0.14,0.01,,134.30,91.19,449,6.73,0.45,
"2018-08-22T09:30:00Z","2018-08-22T10:00:00Z",0.22,0.00,0.96,0.07,448,0.14,0.01,,141.48,102.61,450,6.74,0.48,
"2018-08-22T10:00:00Z","2018-08-22T10:30:00Z",0.21,0.00,0.96,0.06,432,0.14,0.01,,132.79,88.27,448,6.73,0.44,
"2018-08-22T12:00:00Z","2018-08-22T12:30:00Z",0.34,0.00,1.12,0.10,431,0.14,0.01,,212.17,142.21,428,6.77,0.58,
"2018-08-22T12:30:00Z","2018-08-22T13:00:00Z",0.61,0.00,1.92,0.25,449,0.15,0.02,,225.40,102.56,448,6.74,0.48,
"2018-08-22T13:00:00Z","2018-08-22T13:30:00Z",0.88,0.00,2.54,0.37,446,0.15,0.03,,235.54,95.87,446,6.74,0.46,
"2018-08-22T13:30:00Z","2018-08-22T14:00:00Z",1.05,0.00,3.83,0.82,443,0.16,0.04,,236.43,107.26,441,6.75,0.49,
"2018-08-22T14:00:00Z","2018-08-22T14:30:00Z",1.62,0.00,4.37,0.77,435,0.16,0.04,,247.26,73.11,435,6.72,0.41,
"2018-08-22T16:00:00Z","2018-08-22T16:30:00Z",1.73,0.00,6.92,1.12,382,0.18,0.05,,,,,,,
"2018-08-22T16:30:00Z","2018-08-22T17:00:00Z",1.99,0.00,5.62,1.19,449,0.17,0.05,,256.37,96.40,431,6.74,0.47,
"2018-08-22T17:00:00Z","2018-08-22T17:30:00Z",2.07,0.00,5.33,1.22,432,0.18,0.05,,243.21,89.27,429,6.74,0.46,
"2018-08-22T17:30:00Z","2018-08-22T18:00:00Z",1.71,0.00,5.27,1.17,409,0.18,0.05,,236.40,117.43,407,6.76,0.54,
"2018-08-22T18:00:00Z","2018-08-22T18:30:00Z",1.88,0.00,6.12,1.33,379,0.18,0.06,,260.39,106.53,192,6.84,0.74,
"2018-08-22T20:00:00Z","2018-08-22T20:30:00Z",1.52,0.00,5.33,1.01,448,0.17,0.05,,216.89,120.60,437,6.76,0.53,
"2018-08-22T20:30:00Z","2018-08-22T21:00:00Z",1.52,0.00,5.58,1.37,410,0.18,0.06,,224.17,143.09,404,6.78,0.60,
"2018-08-22T21:00:00Z","2018-08-22T21:30:00Z",1.59,0.00,5.04,1.01,400,0.17,0.05,,131.70,148.93,383,6.79,0.62,
"2018-08-22T21:30:00Z","2018-08-22T22:00:00Z",1.28,0.00,4.33,0.87,385,0.17,0.05,,101.13,115.77,352,6.77,0.57,
"2018-08-22T22:00:00Z","2018-08-22T22:30:00Z",1.41,0.00,3.87,0.70,449,0.16,0.04,,109.95,82.71,406,6.73,0.45,
"2018-08-23T00:00:00Z","2018-08-23T00:30:00Z",0.90,0.00,2.00,0.11,409,0.14,0.02,,79.61,55.12,349,6.72,0.40,
"2018-08-23T00:30:00Z","2018-08-23T01:00:00Z",1.27,0.87,1.83,0.02,430,0.14,0.01,,104.56,9.70,245,6.69,0.20,
"2018-08-23T01:00:00Z","2018-08-23T01:30:00Z",1.26,0.92,1.71,0.03,450,0.14,0.01,,61.09,49.35,146,6.77,0.58,
"2018-08-23T01:30:00Z","2018-08-23T02:00:00Z",1.30,0.83,1.87,0.04,450,0.14,0.01,,82.40,35.46,198,6.73,0.42,
"2018-08-23T02:00:00Z","2018-08-23T02:30:00Z",1.12,0.46,1.75,0.04,450,0.14,0.01,,107.11,8.06,247,6.68,0.18,
"2018-08-23T04:00:00Z","2018-08-23T04:30:00Z",1.38,1.04,1.92,0.02,445,0.14,0.01,,82.50,38.39,194,6.73,0.44,
"2018-08-23T04:30:00Z","2018-08-23T05:00:00Z",1.41,0.79,1.87,0.03,441,0.14,0.01,,68.46,46.25,164,6.76,0.53,
"2018-08-23T05:00:00Z","2018-08-23T05:30:00Z",1.41,0.92,1.83,0.03,449,0.14,0.01,,58.34,45.82,145,6.77,0.56,
"2018-08-23T05:30:00Z","2018-08-23T06:00:00Z",1.28,0.42,1.79,0.04,450,0.14,0.01,,83.46,40.24,193,6.74,0.46,
"2018-08-23T06:00:00Z","2018-08-23T06:30:00Z",1.27,0.71,1.71,0.03,448,0.14,0.01,,109.07,5.60,250,6.68,0.15,
"2018-08-23T08:00:00Z","2018-08-23T08:30:00Z",1.36,0.54,2.12,0.09,450,0.14,0.01,,72.77,53.67,325,6.72,0.41,
"2018-08-23T08:30:00Z","2018-08-23T09:00:00Z",1.26,0.50,1.87,0.06,450,0.14,0.01,,68.68,53.26,312,6.72,0.41,
"2018-08-23T09:00:00Z","2018-08-23T09:30:00Z",1.02,0.00,1.71,0.11,450,0.14,0.02,,64.19,60.07,282,6.74,0.46,
"2018-08-23T09:30:00Z","2018-08-23T10:00:00Z",1.36,0.67,1.92,0.05,450,0.14,0.01,,97.86,22.42,226,6.70,0.31,
"2018-08-23T10:00:00Z","2018-08-23T10:30:00Z",1.46,0.77,2.04,0.06,449,0.14,0.01,,72.69,47.76,169,6.76,0.53,
"2018-08-23T12:00:00Z","2018-08-23T12:30:00Z",1.15,0.21,2.12,0.06,449,0.14,0.01,,101.17,6.74,251,6.68,0.16,
"2018-08-23T12:30:00Z","2018-08-23T13:00:00Z",1.13,0.37,2.04,0.11,449,0.14,0.02,,74.90,37.85,387,6.70,0.31,
"2018-08-23T13:00:00Z","2018-08-23T13:30:00Z",0.85,0.00,3.25,0.41,442,0.15,0.03,,94.20,69.24,398,6.73,0.42,
"2018-08-23T13:30:00Z","2018-08-23T14:00:00Z",1.22,0.00,3.33,0.59,429,0.16,0.04,,88.55,106.86,309,6.78,0.59,
"2018-08-23T14:00:00Z","2018-08-23T14:30:00Z",1.33,0.00,3.50,0.63,401,0.16,0.04,,79.14,97.21,288,6.77,0.58,
"2018-08-23T16:00:00Z","2018-08-23T16:30:00Z",2.21,0.00,6.21,1.28,450,0.18,0.05,,89.17,61.63,388,6.72,0.40,
"2018-08-23T16:30:00Z","2018-08-23T17:00:00Z",2.48,0.00,7.25,1.64,422,0.19,0.06,,112.77,93.52,398,6.74,0.48,
"2018-08-23T17:00:00Z","2018-08-23T17:30:00Z",2.23,0.00,6.46,1.40,408,0.18,0.06,,103.41,92.84,369,6.75,0.50,
"2018-08-23T17:30:00Z","2018-08-23T18:00:00Z",2.78,0.00,6.33,1.56,381,0.19,0.06,,79.54,78.88,322,6.75,0.49,
"2018-08-23T18:00:00Z","2018-08-23T18:30:00Z",3.22,0.00,8.58,2.74,450,0.21,0.08,,100.51,73.55,391,6.73,0.43,
"2018-08-23T20:00:00Z","2018-08-23T20:30:00Z",3.17,0.25,8.75,2.55,409,0.21,0.08,,111.11,34.03,234,6.72,0.38,
"2018-08-23T20:30:00Z","2018-08-23T21:00:00Z",2.98,0.00,8.25,1.90,392,0.20,0.07,,124.37,41.51,235,6.73,0.42,
"2018-08-23T21:00:00Z","2018-08-23T21:30:00Z",2.52,0.00,7.00,1.54,408,0.19,0.06,,95.63,83.26,365,6.74,0.48,
"2018-08-23T21:30:00Z","2018-08-23T22:00:00Z",2.24,0.00,4.71,0.78,450,0.16,0.04,,96.05,65.09,390,6.72,0.41,
"2018-08-23T22:00:00Z","2018-08-23T22:30:00Z",1.60,0.17,3.87,0.57,420,0.16,0.04,,83.39,61.31,355,6.73,0.42,
"2018-08-24T00:00:00Z","2018-08-24T00:30:00Z",0.45,0.00,1.29,0.13,425,0.14,0.02,,88.29,51.10,381,6.71,0.37,
"2018-08-24T00:30:00Z","2018-08-24T01:00:00Z",0.82,0.00,1.25,0.04,428,0.14,0.01,,55.47,49.84,267,6.73,0.43,
"2018-08-24T01:00:00Z","2018-08-24T01:30:00Z",0.76,0.00,1.29,0.03,440,0.14,0.01,,50.08,42.03,262,6.72,0.40,
"2018-08-24T01:30:00Z","2018-08-24T02:00:00Z",0.63,0.00,1.17,0.06,450,0.14,0.01,,54.57,43.87,280,6.72,0.40,
"2018-08-24T02:00:00Z","2018-08-24T02:30:00Z",0.37,0.00,1.25,0.10,449,0.14,0.02,,88.27,40.43,400,6.70,0.32,
"2018-08-24T04:00:00Z","2018-08-24T04:30:00Z",0.65,0.00,2.25,0.26,450,0.15,0.02,,93.34,53.12,395,6.71,0.37,
"2018-08-24T04:30:00Z","2018-08-24T05:00:00Z",1.32,0.00,3.50,0.37,449,0.15,0.03,,79.25,61.03,340,6.73,0.42,
"2018-08-24T05:00:00Z","2018-08-24T05:30:00Z",1.68,0.00,3.73,0.40,449,0.15,0.03,,69.35,57.78,315,6.73,0.43,
"2018-08-24T05:30:00Z","2018-08-24T06:00:00Z",1.76,0.00,3.67,0.36,450,0.15,0.03,,73.94,50.82,346,6.72,0.38,
"2018-08-24T06:00:00Z","2018-08-24T06:30:00Z",1.63,0.00,4.42,0.37,449,0.15,0.03,,75.97,48.94,362,6.71,0.37,
"2018-08-24T08:00:00Z","2018-08-24T08:30:00Z",1.27,0.00,3.21,0.45,450,0.15,0.03,,71.02,37.63,381,6.70,0.31,
"2018-08-24T08:30:00Z","2018-08-24T09:00:00Z",0.78,0.00,2.50,0.28,449,0.15,0.02,,70.41,35.24,380,6.70,0.30,
"2018-08-24T09:00:00Z","2018-08-24T09:30:00Z",0.86,0.00,2.54,0.37,446,0.15,0.03,,72.52,41.14,384,6.71,0.33,
"2018-08-24T09:30:00Z","2018-08-24T10:00:00Z",1.67,0.00,4.42,0.70,447,0.16,0.04,,64.08,39.77,355,6.71,0.33,
"2018-08-24T10:00:00Z","2018-08-24T10:30:00Z",2.13,0.00,4.96,0.59,449,0.16,0.04,,63.44,38.21,345,6.71,0.33,
"2018-08-24T12:00:00Z","2018-08-24T12:30:00Z",2.40,0.00,6.25,1.11,449,0.17,0.05,,65.98,44.29,172,6.75,0.51,
"2018-08-24T12:30:00Z","2018-08-24T13:00:00Z",2.62,0.37,6.71,1.27,448,0.18,0.05,,72.01,50.23,352,6.72,0.38,
"2018-08-24T13:00:00Z","2018-08-24T13:30:00Z",1.87,0.00,5.02,0.67,448,0.16,0.04,,69.62,50.79,343,6.72,0.38,
"2018-08-24T13:30:00Z","2018-08-24T14:00:00Z",2.18,0.00,5.46,0.92,450,0.17,0.05,,67.00,40.89,367,6.71,0.33,
"2018-08-24T14:00:00Z","2018-08-24T14:30:00Z",1.22,0.00,3.37,0.55,449,0.16,0.03,,66.47,56.94,176,6.77,0.57,
"2018-08-24T16:00:00Z","2018-08-24T16:30:00Z",2.12,0.00,4.71,0.87,441,0.17,0.04,,51.78,48.05,265,6.73,0.43,
"2018-08-24T16:30:00Z","2018-08-24T17:00:00Z",2.62,0.33,6.06,1.23,449,0.17,0.05,,86.41,24.34,230,6.71,0.33,
"2018-08-24T17:00:00Z","2018-08-24T17:30:00Z",2.61,0.21,6.37,1.26,443,0.18,0.05,,63.92,40.66,354,6.71,0.34,
"2018-08-24T17:30:00Z","2018-08-24T18:00:00Z",2.23,0.00,4.48,0.69,449,0.16,0.04,,67.33,41.78,357,6.71,0.34,
"2018-08-24T18:00:00Z","2018-08-24T18:30:00Z",0.99,0.00,4.58,0.64,448,0.16,0.04,,88.42,67.72,400,6.72,0.41,
"2018-08-24T20:00:00Z","2018-08-24T20:30:00Z",1.07,0.00,2.87,0.37,447,0.15,0.03,,72.87,46.89,355,6.71,0.36,
"2018-08-24T20:30:00Z","2018-08-24T21:00:00Z",1.59,0.00,3.79,0.50,448,0.16,0.03,,66.18,44.64,346,6.71,0.36,
"2018-08-24T21:00:00Z","2018-08-24T21:30:00Z",1.75,0.00,4.04,0.48,448,0.15,0.03,,69.76,45.25,351,6.71,0.36,
"2018-08-24T21:30:00Z","2018-08-24T22:00:00Z",1.34,0.00,5.62,1.09,445,0.17,0.05,,74.23,41.13,403,6.70,0.32,
"2018-08-24T22:00:00Z","2018-08-24T22:30:00Z",3.00,0.29,6.50,1.34,449,0.18,0.05,,62.75,46.65,320,6.72,0.38,
"2018-08-25T00:00:00Z","2018-08-25T00:30:00Z",2.08,0.42,3.92,0.58,450,0.16,0.04,,66.67,42.59,345,6.71,0.35,
"2018-08-25T00:30:00Z","2018-08-25T01:00:00Z",1.91,0.00,4.62,0.80,450,0.16,0.04,,65.20,37.81,370,6.70,0.32,
"2018-08-25T01:00:00Z","2018-08-25T01:30:00Z",2.02,0.00,5.25,0.84,450,0.16,0.04,,67.45,44.84,339,6.71,0.36,
"2018-08-25T01:30:00Z","2018-08-25T02:00:00Z",1.64,0.00,4.46,0.52,450,0.16,0.03,,66.89,46.79,339,6.71,0.37,
"2018-08-25T02:00:00Z","2018-08-25T02:30:00Z",1.46,0.00,3.86,0.61,446,0.16,0.04,,74.14,41.15,390,6.71,0.32,
"2018-08-25T04:00:00Z","2018-08-25T04:30:00Z",0.37,0.00,1.58,0.13,450,0.14,0.02,,85.78,42.42,407,6.70,0.32,
"2018-08-25T04:30:00Z","2018-08-25T05:00:00Z",0.54,0.00,2.00,0.20,447,0.15,0.02,,68.99,39.95,390,6.70,0.32,
"2018-08-25T05:00:00Z","2018-08-25T05:30:00Z",0.63,0.00,2.12,0.23,450,0.15,0.02,,72.38,35.55,411,6.70,0.29,
"2018-08-25T05:30:00Z","2018-08-25T06:00:00Z",0.43,0.00,1.79,0.15,450,0.14,0.02,,76.58,41.94,420,6.70,0.32,
"2018-08-25T06:00:00Z","2018-08-25T06:30:00Z",0.43,0.00,1.67,0.15,450,0.14,0.02,,84.80,47.30,413,6.71,0.34,
"2018-08-25T08:00:00Z","2018-08-25T08:30:00Z",0.36,0.00,1.54,0.14,450,0.14,0.02,,72.34,39.01,380,6.70,0.32,
"2018-08-25T08:30:00Z","2018-08-25T09:00:00Z",0.41,0.00,1.33,0.12,448,0.14,0.02,,73.48,40.29,397,6.70,0.32,
"2018-08-25T09:00:00Z","2018-08-25T09:30:00Z",0.63,0.00,1.50,0.11,449,0.14,0.02,,70.74,40.37,362,6.71,0.33,
"2018-08-25T09:30:00Z","2018-08-25T10:00:00Z",0.26,0.00,1.25,0.08,449,0.14,0.01,,85.72,36.77,425,6.70,0.29,
"2018-08-25T10:00:00Z","2018-08-25T10:30:00Z",0.26,0.00,0.79,0.08,442,0.14,0.01,,98.89,51.97,442,6.71,0.34,
"2018-08-25T12:00:00Z","2018-08-25T12:30:00Z",0.51,0.00,1.12,0.10,447,0.14,0.01,,89.90,51.83,391,6.71,0.36,
"2018-08-25T12:30:00Z","2018-08-25T13:00:00Z",0.33,0.00,1.08,0.10,445,0.14,0.02,,114.14,90.00,414,6.74,0.47,
"2018-08-25T13:00:00Z","2018-08-25T13:30:00Z",0.67,0.00,1.87,0.28,445,0.15,0.02,,219.55,105.49,445,6.74,0.49,
"2018-08-25T13:30:00Z","2018-08-25T14:00:00Z",0.73,0.00,2.00,0.29,443,0.15,0.03,,235.37,102.85,442,6.74,0.48,
"2018-08-25T14:00:00Z","2018-08-25T14:30:00Z",1.11,0.00,2.54,0.37,428,0.15,0.03,,302.13,94.50,427,6.74,0.47,
"2018-08-25T16:00:00Z","2018-08-25T16:30:00Z",0.72,0.00,2.50,0.36,429,0.15,0.03,,236.11,141.68,428,6.77,0.58,
"2018-08-25T16:30:00Z","2018-08-25T17:00:00Z",0.73,0.00,2.37,0.39,446,0.15,0.03,,221.43,129.71,445,6.76,0.54,
"2018-08-25T17:00:00Z","2018-08-25T17:30:00Z",0.93,0.00,2.25,0.31,439,0.15,0.03,,230.40,158.61,425,6.78,0.61,
"2018-08-25T17:30:00Z","2018-08-25T18:00:00Z",0.75,0.00,2.25,0.29,409,0.15,0.03,,126.76,144.20,381,6.79,0.62,
"2018-08-25T18:00:00Z","2018-08-25T18:30:00Z",0.33,0.00,1.79,0.17,379,0.15,0.02,,93.89,69.98,380,6.73,0.43,
"2018-08-25T20:00:00Z","2018-08-25T20:30:00Z",1.32,0.00,3.71,0.68,443,0.16,0.04,,124.96,131.50,408,6.77,0.57,
"2018-08-25T20:30:00Z","2018-08-25T21:00:00Z",1.20,0.00,3.25,0.47,410,0.16,0.03,,117.71,106.83,391,6.76,0.52,
"2018-08-25T21:00:00Z","2018-08-25T21:30:00Z",0.74,0.00,2.71,0.45,391,0.16,0.03,,106.79,97.26,379,6.75,0.51,
"2018-08-25T21:30:00Z","2018-08-25T22:00:00Z",0.93,0.00,2.71,0.39,408,0.15,0.03,,99.99,76.36,380,6.73,0.45,
"2018-08-25T22:00:00Z","2018-08-25T22:30:00Z",0.66,0.00,2.58,0.24,450,0.15,0.02,,114.66,47.10,437,6.71,0.33,
"2018-08-26T00:00:00Z","2018-08-26T00:30:00Z",0.48,0.00,1.33,0.11,413,0.14,0.02,,70.02,70.34,287,6.75,0.50,
"2018-08-26T00:30:00Z","2018-08-26T01:00:00Z",0.23,0.00,1.04,0.09,430,0.14,0.01,,97.20,35.84,429,6.70,0.29,
"2018-08-26T01:00:00Z","2018-08-26T01:30:00Z",0.49,0.00,0.96,0.06,450,0.14,0.01,,81.90,42.32,380,6.71,0.33,
"2018-08-26T01:30:00Z","2018-08-26T02:00:00Z",0.68,0.00,1.17,0.05,450,0.14,0.01,,79.23,34.72,195,6.73,0.42,
"2018-08-26T02:00:00Z","2018-08-26T02:30:00Z",0.57,0.00,1.12,0.08,446,0.14,0.01,,55.74,50.88,265,6.73,0.44,
"2018-08-26T04:00:00Z","2018-08-26T04:30:00Z",0.83,0.37,1.25,0.02,445,0.14,0.01,,88.95,19.11,226,6.70,0.29,
"2018-08-26T04:30:00Z","2018-08-26T05:00:00Z",1.00,0.58,1.37,0.02,450,0.14,0.01,,86.39,23.95,217,6.71,0.33,
"2018-08-26T05:00:00Z","2018-08-26T05:30:00Z",0.88,0.37,1.46,0.05,450,0.14,0.01,,84.65,30.22,207,6.72,0.38,
"2018-08-26T05:30:00Z","2018-08-26T06:00:00Z",0.83,0.00,1.79,0.20,450,0.15,0.02,,102.12,13.15,243,6.69,0.23,
"2018-08-26T06:00:00Z","2018-08-26T06:30:00Z",0.52,0.00,1.29,0.13,450,0.14,0.02,,87.79,56.43,191,6.76,0.54,
"2018-08-26T08:00:00Z","2018-08-26T08:30:00Z",0.99,0.00,2.25,0.26,450,0.15,0.02,,105.93,8.20,248,6.68,0.18,
"2018-08-26T08:30:00Z","2018-08-26T09:00:00Z",0.80,0.00,1.83,0.14,449,0.14,0.02,,89.69,50.12,383,6.71,0.36,
"2018-08-26T09:00:00Z","2018-08-26T09:30:00Z",0.55,0.00,1.33,0.09,445,0.14,0.01,,92.55,50.75,388,6.71,0.36,
"2018-08-26T09:30:00Z","2018-08-26T10:00:00Z",0.68,0.00,1.67,0.15,450,0.14,0.02,,77.31,69.01,314,6.74,0.47,
"2018-08-26T10:00:00Z","2018-08-26T10:30:00Z",0.86,0.00,2.33,0.19,450,0.15,0.02,,56.44,55.93,260,6.74,0.46,
"2018-08-26T12:00:00Z","2018-08-26T12:30:00Z",1.12,0.00,3.94,0.88,450,0.17,0.04,,76.40,46.30,376,6.71,0.35,
"2018-08-26T12:30:00Z","2018-08-26T13:00:00Z",1.58,0.00,4.17,0.60,450,0.16,0.04,,95.90,63.29,386,6.72,0.40,
"2018-08-26T13:00:00Z","2018-08-26T13:30:00Z",1.54,0.00,3.42,0.46,449,0.15,0.03,,77.26,50.07,375,6.71,0.37,
"2018-08-26T13:30:00Z","2018-08-26T14:00:00Z",2.31,0.00,5.37,1.32,450,0.18,0.05,,62.98,51.54,171,6.76,0.55,
"2018-08-26T14:00:00Z","2018-08-26T14:30:00Z",4.46,0.67,12.33,3.79,450,0.23,0.09,,65.12,45.52,338,6.71,0.37,
"2018-08-26T16:00:00Z","2018-08-26T16:30:00Z",0.53,0.00,2.37,0.23,426,0.15,0.02,,124.83,117.81,412,6.76,0.53,
"2018-08-26T16:30:00Z","2018-08-26T17:00:00Z",2.72,0.55,6.12,1.02,416,0.17,0.05,,82.18,61.36,354,6.73,0.42,
"2018-08-26T17:00:00Z","2018-08-26T17:30:00Z",2.08,0.00,4.87,1.03,405,0.17,0.05,,66.81,50.69,329,6.72,0.39,
"2018-08-26T17:30:00Z","2018-08-26T18:00:00Z",2.29,0.00,5.69,1.19,390,0.18,0.06,,61.55,46.48,332,6.72,0.37,
"2018-08-26T18:00:00Z","2018-08-26T18:30:00Z",2.35,0.00,6.87,1.36,450,0.18,0.05,,70.78,49.12,355,6.72,0.37,
"2018-08-26T20:00:00Z","2018-08-26T20:30:00Z",2.36,0.47,5.58,0.97,409,0.17,0.05,,60.31,44.66,316,6.72,0.38,
"2018-08-26T20:30:00Z","2018-08-26T21:00:00Z",1.77,0.00,4.17,0.57,394,0.16,0.04,,62.62,48.77,317,6.72,0.39,
"2018-08-26T21:00:00Z","2018-08-26T21:30:00Z",2.16,0.00,5.08,0.84,411,0.17,0.05,,62.79,45.26,325,6.72,0.37,
"2018-08-26T21:30:00Z","2018-08-26T22:00:00Z",1.59,0.00,4.75,0.71,450,0.16,0.04,,65.83,35.38,380,6.70,0.31,
"2018-08-26T22:00:00Z","2018-08-26T22:30:00Z",1.41,0.00,3.71,0.63,415,0.16,0.04,,56.45,36.59,347,6.71,0.32,
"2018-08-27T00:00:00Z","2018-08-27T00:30:00Z",0.19,0.00,1.12,0.09,382,0.14,0.02,,59.88,60.02,169,6.78,0.60,
"2018-08-27T00:30:00Z","2018-08-27T01:00:00Z",0.28,0.00,1.46,0.18,448,0.15,0.02,,140.28,123.60,446,6.76,0.53,
"2018-08-27T01:00:00Z","2018-08-27T01:30:00Z",0.48,0.00,2.25,0.25,433,0.15,0.02,,122.41,121.99,423,6.76,0.54,
"2018-08-27T01:30:00Z","2018-08-27T02:00:00Z",0.48,0.00,2.29,0.20,449,0.15,0.02,,118.78,116.25,439,6.75,0.51,
"2018-08-27T02:00:00Z","2018-08-27T02:30:00Z",0.04,0.00,0.67,0.02,440,0.14,0.01,,92.96,31.28,442,6.69,0.27,
"2018-08-27T04:00:00Z","2018-08-27T04:30:00Z",2.68,0.79,5.50,0.62,450,0.16,0.04,,68.90,53.46,316,6.72,0.41,
"2018-08-27T04:30:00Z","2018-08-27T05:00:00Z",2.41,0.58,5.37,0.72,447,0.16,0.04,,61.09,45.12,313,6.72,0.38,
"2018-08-27T05:00:00Z","2018-08-27T05:30:00Z",2.24,0.17,5.04,0.86,449,0.17,0.04,,62.16,38.93,345,6.71,0.34,
"2018-08-27T05:30:00Z","2018-08-27T06:00:00Z",2.08,0.00,4.25,0.52,445,0.16,0.03,,65.68,40.50,352,6.71,0.34,
"2018-08-27T06:00:00Z","2018-08-27T06:30:00Z",2.78,0.37,5.29,0.91,449,0.17,0.05,,65.05,41.26,341,6.71,0.35,
"2018-08-27T08:00:00Z","2018-08-27T08:30:00Z",3.10,0.37,6.21,1.01,449,0.17,0.05,,61.33,40.99,328,6.71,0.35,
"2018-08-27T08:30:00Z","2018-08-27T09:00:00Z",2.91,0.25,5.87,1.02,448,0.17,0.05,,64.86,42.89,334,6.71,0.36,
"2018-08-27T09:00:00Z","2018-08-27T09:30:00Z",2.42,0.25,5.46,0.79,450,0.16,0.04,,78.01,44.13,380,6.71,0.34,
"2018-08-27T09:30:00Z","2018-08-27T10:00:00Z",1.07,0.00,3.00,0.43,450,0.15,0.03,,72.24,48.94,407,6.71,0.35,
"2018-08-27T10:00:00Z","2018-08-27T10:30:00Z",0.62,0.00,1.83,0.22,450,0.15,0.02,,116.56,118.63,446,6.75,0.52,
"2018-08-27T12:00:00Z","2018-08-27T12:30:00Z",1.43,0.00,4.62,0.91,450,0.17,0.05,,67.10,37.71,374,6.70,0.32,
"2018-08-27T12:30:00Z","2018-08-27T13:00:00Z",1.77,0.00,4.37,0.86,450,0.16,0.04,,86.05,67.53,400,6.72,0.41,
"2018-08-27T13:00:00Z","2018-08-27T13:30:00Z",2.29,0.00,4.79,0.74,450,0.16,0.04,,69.76,42.79,359,6.71,0.35,
"2018-08-27T13:30:00Z","2018-08-27T14:00:00Z",2.38,0.08,5.25,0.70,441,0.16,0.04,,66.97,41.35,353,6.71,0.34,
"2018-08-27T14:00:00Z","2018-08-27T14:30:00Z",2.51,0.25,5.71,0.74,436,0.16,0.04,,63.11,38.90,342,6.71,0.34,
"2018-08-27T16:00:00Z","2018-08-27T16:30:00Z",2.89,0.62,6.61,1.07,409,0.17,0.05,,65.56,53.57,312,6.72,0.41,
"2018-08-27T16:30:00Z","2018-08-27T17:00:00Z",3.15,0.46,6.62,1.60,394,0.19,0.06,,65.59,57.24,305,6.73,0.43,
"2018-08-27T17:00:00Z","2018-08-27T17:30:00Z",2.79,0.00,6.96,1.22,401,0.18,0.06,,72.74,56.98,331,6.73,0.41,
"2018-08-27T17:30:00Z","2018-08-27T18:00:00Z",2.77,0.62,7.04,1.07,450,0.17,0.05,,82.96,57.75,367,6.72,0.40,
"2018-08-27T18:00:00Z","2018-08-27T18:30:00Z",2.80,0.25,6.12,1.23,429,0.18,0.05,,70.91,54.73,331,6.72,0.41,
"2018-08-27T20:00:00Z","2018-08-27T20:30:00Z",1.89,0.00,5.12,0.83,395,0.17,0.05,,73.32,56.05,347,6.72,0.40,
"2018-08-27T20:30:00Z","2018-08-27T21:00:00Z",2.34,0.00,6.21,1.48,388,0.19,0.06,,62.88,47.56,322,6.72,0.38,
"2018-08-27T21:00:00Z","2018-08-27T21:30:00Z",2.51,0.25,6.37,1.21,450,0.17,0.05,,68.77,41.68,360,6.71,0.34,
"2018-08-27T21:30:00Z","2018-08-27T22:00:00Z",1.59,0.00,4.42,0.84,437,0.17,0.04,,69.82,52.37,345,6.72,0.39,
"2018-08-27T22:00:00Z","2018-08-27T22:30:00Z",1.41,0.00,4.96,1.24,409,0.18,0.06,,64.67,45.97,340,6.71,0.37,
"2018-08-28T00:00:00Z","2018-08-28T00:30:00Z",0.22,0.00,1.67,0.14,388,0.15,0.02,,79.33,48.87,390,6.71,0.35,
"2018-08-28T00:30:00Z","2018-08-28T01:00:00Z",1.35,0.00,8.17,2.66,448,0.21,0.08,,107.46,80.77,427,6.73,0.43,
"2018-08-28T01:00:00Z","2018-08-28T01:30:00Z",1.97,0.00,6.42,1.72,438,0.19,0.06,,93.02,70.54,388,6.73,0.43,
"2018-08-28T01:30:00Z","2018-08-28T02:00:00Z",2.34,0.54,7.00,1.43,430,0.18,0.06,,85.07,67.11,360,6.73,0.43,
"2018-08-28T02:00:00Z","2018-08-28T02:30:00Z",1.36,0.00,4.54,0.72,442,0.16,0.04,,84.49,55.54,390,6.72,0.38,
"2018-08-28T04:00:00Z","2018-08-28T04:30:00Z",0.53,0.00,1.75,0.23,450,0.15,0.02,,109.73,87.54,409,6.74,0.46,
"2018-08-28T04:30:00Z","2018-08-28T05:00:00Z",0.53,0.00,1.67,0.17,449,0.15,0.02,,141.12,106.76,439,6.75,0.49,
"2018-08-28T05:00:00Z","2018-08-28T05:30:00Z",0.42,0.00,2.62,0.13,448,0.14,0.02,,223.82,120.16,448,6.75,0.52,
"2018-08-28T05:30:00Z","2018-08-28T06:00:00Z",0.62,0.00,2.17,0.25,445,0.15,0.02,,251.65,113.13,205,6.84,0.74,
"2018-08-28T06:00:00Z","2018-08-28T06:30:00Z",1.33,0.08,3.04,0.26,448,0.15,0.02,,290.94,18.75,448,6.69,0.20,
"2018-08-28T08:00:00Z","2018-08-28T08:30:00Z",0.59,0.00,1.71,0.19,444,0.15,0.02,,338.21,128.02,444,6.76,0.54,
"2018-08-28T08:30:00Z","2018-08-28T09:00:00Z",0.64,0.00,1.67,0.19,449,0.15,0.02,,351.82,59.05,449,6.71,0.36,
"2018-08-28T09:00:00Z","2018-08-28T09:30:00Z",0.36,0.00,1.33,0.11,445,0.14,0.02,,69.50,35.14,448,6.70,0.28,
"2018-08-28T09:30:00Z","2018-08-28T10:00:00Z",0.33,0.00,1.17,0.12,445,0.14,0.02,,85.65,40.44,450,6.70,0.30,
"2018-08-28T10:00:00Z","2018-08-28T10:30:00Z",0.37,0.00,1.25,0.08,448,0.14,0.01,,342.35,102.60,448,6.74,0.48,
"2018-08-28T12:00:00Z","2018-08-28T12:30:00Z",0.74,0.00,1.67,0.11,448,0.14,0.02,,256.57,54.24,448,6.71,0.35,
"2018-08-28T12:30:00Z","2018-08-28T13:00:00Z",0.37,0.00,1.21,0.14,446,0.14,0.02,,153.83,106.85,247,6.80,0.66,
"2018-08-28T13:00:00Z","2018-08-28T13:30:00Z",0.26,0.00,1.83,0.15,428,0.15,0.02,,122.31,139.17,389,6.78,0.60,
"2018-08-28T13:30:00Z","2018-08-28T14:00:00Z",0.75,0.00,2.37,0.40,443,0.15,0.03,,207.00,146.64,436,6.77,0.58,
"2018-08-28T14:00:00Z","2018-08-28T14:30:00Z",0.85,0.00,2.79,0.44,428,0.15,0.03,,131.82,130.91,408,6.77,0.57,
"2018-08-28T16:00:00Z","2018-08-28T16:30:00Z",1.10,0.00,3.46,0.28,428,0.15,0.03,,326.46,36.56,406,6.70,0.30,
"2018-08-28T16:30:00Z","2018-08-28T17:00:00Z",1.23,0.00,3.12,0.48,442,0.15,0.03,,352.41,40.83,392,6.70,0.32,
"2018-08-28T17:00:00Z","2018-08-28T17:30:00Z",0.86,0.00,1.79,0.25,55,0.19,0.07,,280.13,20.07,14,7.09,1.20,
"2018-08-28T17:30:00Z","2018-08-28T18:00:00Z",0.74,0.00,2.17,0.27,324,0.15,0.03,,55.12,66.72,286,6.74,0.48,
"2018-08-28T18:00:00Z","2018-08-28T18:30:00Z",0.53,0.00,1.75,0.19,406,0.15,0.02,,90.37,96.81,349,6.76,0.53,
"2018-08-28T20:00:00Z","2018-08-28T20:30:00Z",0.50,0.00,2.04,0.27,450,0.15,0.02,,70.90,35.92,450,6.70,0.28,
"2018-08-28T20:30:00Z","2018-08-28T21:00:00Z",0.32,0.00,1.04,0.14,424,0.14,0.02,,89.04,59.20,426,6.72,0.37,
"2018-08-28T21:00:00Z","2018-08-28T21:30:00Z",0.67,0.00,1.96,0.24,408,0.15,0.02,,336.08,100.00,408,6.75,0.50,
"2018-08-28T21:30:00Z","2018-08-28T22:00:00Z",1.17,0.00,2.42,0.16,387,0.15,0.02,,320.25,24.94,387,6.69,0.25,
"2018-08-28T22:00:00Z","2018-08-28T22:30:00Z",1.25,0.12,2.54,0.20,417,0.15,0.02,,293.84,26.52,417,6.69,0.25,
"2018-08-29T00:00:00Z","2018-08-29T00:30:00Z",1.82,0.00,4.42,0.51,420,0.16,0.03,,289.92,34.17,420,6.70,0.29,
"2018-08-29T00:30:00Z","2018-08-29T01:00:00Z",1.78,0.00,4.00,0.72,444,0.16,0.04,,284.28,28.38,444,6.69,0.25,
"2018-08-29T01:00:00Z","2018-08-29T01:30:00Z",1.41,0.00,3.67,0.47,447,0.15,0.03,,272.20,35.14,447,6.70,0.28,
"2018-08-29T01:30:00Z","2018-08-29T02:00:00Z",1.54,0.00,3.33,0.38,449,0.15,0.03,,282.81,33.62,449,6.70,0.27,
"2018-08-29T02:00:00Z","2018-08-29T02:30:00Z",1.24,0.00,3.46,0.42,449,0.15,0.03,,259.31,45.36,449,6.70,0.32,
"2018-08-29T04:00:00Z","2018-08-29T04:30:00Z",2.00,0.00,4.12,0.62,440,0.16,0.04,,283.30,27.07,440,6.69,0.25,
"2018-08-29T04:30:00Z","2018-08-29T05:00:00Z",1.53,0.00,4.25,0.44,449,0.15,0.03,,278.32,27.38,449,6.69,0.25,
"2018-08-29T05:00:00Z","2018-08-29T05:30:00Z",1.93,0.00,4.67,0.73,449,0.16,0.04,,282.16,29.72,449,6.69,0.26,
"2018-08-29T05:30:00Z","2018-08-29T06:00:00Z",1.76,0.00,4.46,0.52,445,0.16,0.03,,279.31,26.51,445,6.69,0.24,
"2018-08-29T06:00:00Z","2018-08-29T06:30:00Z",1.91,0.00,4.25,0.52,449,0.16,0.03,,280.65,24.68,449,6.69,0.23,
"2018-08-29T08:00:00Z","2018-08-29T08:30:00Z",0.94,0.00,2.87,0.28,450,0.15,0.03,,250.89,65.73,450,6.72,0.38,
"2018-08-29T08:30:00Z","2018-08-29T09:00:00Z",1.23,0.00,3.46,0.33,450,0.15,0.03,,267.17,40.80,450,6.70,0.30,
"2018-08-29T09:00:00Z","2018-08-29T09:30:00Z",0.91,0.00,2.46,0.35,450,0.15,0.03,,254.55,78.88,450,6.73,0.42,
"2018-08-29T09:30:00Z","2018-08-29T10:00:00Z",0.91,0.00,3.00,0.26,450,0.15,0.02,,263.68,56.01,450,6.71,0.35,
"2018-08-29T10:00:00Z","2018-08-29T10:30:00Z",0.83,0.00,2.79,0.34,450,0.15,0.03,,246.25,73.15,450,6.72,0.40,
"2018-08-29T12:00:00Z","2018-08-29T12:30:00Z",0.64,0.00,1.56,0.15,450,0.14,0.02,,224.58,72.52,450,6.72,0.40,
"2018-08-29T12:30:00Z","2018-08-29T13:00:00Z",0.81,0.00,2.04,0.20,450,0.15,0.02,,234.53,68.03,450,6.72,0.39,
"2018-08-29T13:00:00Z","2018-08-29T13:30:00Z",1.09,0.00,3.00,0.44,448,0.15,0.03,,244.65,63.92,448,6.72,0.38,
"2018-08-29T13:30:00Z","2018-08-29T14:00:00Z",1.33,0.00,3.92,0.79,447,0.16,0.04,,262.88,69.54,447,6.72,0.39,
"2018-08-29T14:00:00Z","2018-08-29T14:30:00Z",1.41,0.00,4.08,0.80,420,0.17,0.04,,249.01,91.18,417,6.74,0.47,
"2018-08-29T16:00:00Z","2018-08-29T16:30:00Z",2.40,0.42,5.83,0.93,425,0.17,0.05,,298.31,36.74,356,6.70,0.32,
"2018-08-29T16:30:00Z","2018-08-29T17:00:00Z",1.73,0.00,4.08,0.69,424,0.16,0.04,,293.00,38.60,424,6.70,0.30,
"2018-08-29T17:00:00Z","2018-08-29T17:30:00Z",1.58,0.00,4.23,0.81,418,0.17,0.04,,268.67,69.44,418,6.72,0.41,
"2018-08-29T17:30:00Z","2018-08-29T18:00:00Z",2.48,0.12,7.12,1.14,427,0.17,0.05,,286.65,31.83,427,6.70,0.27,
"2018-08-29T18:00:00Z","2018-08-29T18:30:00Z",1.89,0.00,4.76,0.83,419,0.17,0.04,,285.91,46.14,419,6.71,0.33,
"2018-08-29T20:00:00Z","2018-08-29T20:30:00Z",1.69,0.00,4.25,0.81,421,0.17,0.04,,284.65,45.97,421,6.71,0.33,
"2018-08-29T20:30:00Z","2018-08-29T21:00:00Z",1.11,0.00,3.50,0.82,422,0.17,0.04,,238.19,126.07,421,6.76,0.55,
"2018-08-29T21:00:00Z","2018-08-29T21:30:00Z",1.61,0.00,5.17,1.09,422,0.17,0.05,,302.32,67.52,422,6.72,0.40,
"2018-08-29T21:30:00Z","2018-08-29T22:00:00Z",0.68,0.00,1.62,0.15,424,0.15,0.02,,220.82,113.48,424,6.75,0.52,
"2018-08-29T22:00:00Z","2018-08-29T22:30:00Z",0.57,0.00,1.87,0.22,419,0.15,0.02,,243.83,120.46,419,6.76,0.54,
"2018-08-30T00:00:00Z","2018-08-30T00:30:00Z",0.14,0.00,0.62,0.04,421,0.14,0.01,,119.14,70.94,442,6.72,0.40,
"2018-08-30T00:30:00Z","2018-08-30T01:00:00Z",0.36,0.00,1.12,0.10,425,0.14,0.02,,79.13,51.17,355,6.72,0.38,
"2018-08-30T01:00:00Z","2018-08-30T01:30:00Z",0.50,0.00,1.10,0.07,431,0.14,0.01,,76.11,82.30,316,6.75,0.51,
"2018-08-30T01:30:00Z","2018-08-30T02:00:00Z",0.67,0.00,1.17,0.08,419,0.14,0.01,,105.51,4.58,255,6.68,0.13,
"2018-08-30T02:00:00Z","2018-08-30T02:30:00Z",0.39,0.00,1.08,0.10,440,0.14,0.01,,93.61,83.13,386,6.74,0.46,
"2018-08-30T04:00:00Z","2018-08-30T04:30:00Z",0.74,0.00,1.42,0.10,430,0.14,0.01,,71.99,50.50,332,6.72,0.39,
"2018-08-30T04:30:00Z","2018-08-30T05:00:00Z",0.95,0.00,1.50,0.07,450,0.14,0.01,,55.81,50.68,268,6.73,0.43,
"2018-08-30T05:00:00Z","2018-08-30T05:30:00Z",0.90,0.00,1.71,0.06,439,0.14,0.01,,98.35,11.37,241,6.69,0.22,
"2018-08-30T05:30:00Z","2018-08-30T06:00:00Z",0.80,0.00,1.50,0.09,449,0.14,0.01,,59.58,53.19,278,6.73,0.44,
"2018-08-30T06:00:00Z","2018-08-30T06:30:00Z",0.72,0.00,1.50,0.08,450,0.14,0.01,,83.61,52.50,362,6.72,0.38,
"2018-08-30T08:00:00Z","2018-08-30T08:30:00Z",0.55,0.00,1.33,0.08,450,0.14,0.01,,105.82,46.45,421,6.71,0.33,
"2018-08-30T08:30:00Z","2018-08-30T09:00:00Z",0.69,0.00,1.46,0.09,439,0.14,0.01,,73.37,65.55,305,6.74,0.46,
"2018-08-30T09:00:00Z","2018-08-30T09:30:00Z",0.74,0.00,1.79,0.08,450,0.14,0.01,,109.64,43.95,428,6.70,0.32,
"2018-08-30T09:30:00Z","2018-08-30T10:00:00Z",0.88,0.00,1.67,0.10,450,0.14,0.02,,108.79,42.30,431,6.70,0.31,
"2018-08-30T10:00:00Z","2018-08-30T10:30:00Z",0.70,0.00,1.96,0.12,443,0.14,0.02,,110.93,49.69,422,6.71,0.34,
"2018-08-30T12:00:00Z","2018-08-30T12:30:00Z",1.59,0.50,2.92,0.19,446,0.15,0.02,,63.49,52.13,300,6.73,0.42,
"2018-08-30T12:30:00Z","2018-08-30T13:00:00Z",1.72,0.58,2.96,0.18,430,0.15,0.02,,51.98,46.71,261,6.73,0.42,
"2018-08-30T13:00:00Z","2018-08-30T13:30:00Z",0.81,0.00,2.67,0.36,433,0.15,0.03,,66.09,37.00,387,6.70,0.31,
"2018-08-30T13:30:00Z","2018-08-30T14:00:00Z",1.38,0.00,4.83,0.83,422,0.17,0.04,,61.60,46.04,358,6.71,0.36,
"2018-08-30T14:00:00Z","2018-08-30T14:30:00Z",1.38,0.00,3.62,0.76,411,0.16,0.04,,66.27,51.40,344,6.72,0.39,
"2018-08-30T16:00:00Z","2018-08-30T16:30:00Z",1.95,0.00,5.96,1.04,438,0.17,0.05,,71.42,52.94,380,6.72,0.37,
"2018-08-30T16:30:00Z","2018-08-30T17:00:00Z",2.25,0.00,5.37,1.23,429,0.18,0.05,,69.79,50.32,365,6.71,0.37,
"2018-08-30T17:00:00Z","2018-08-30T17:30:00Z",2.85,0.00,7.12,1.57,407,0.19,0.06,,64.90,50.75,329,6.72,0.39,
"2018-08-30T17:30:00Z","2018-08-30T18:00:00Z",2.61,0.46,7.42,1.49,396,0.19,0.06,,66.05,50.11,345,6.72,0.38,
"2018-08-30T18:00:00Z","2018-08-30T18:30:00Z",2.42,0.00,5.75,1.40,449,0.18,0.06,,66.63,42.20,367,6.71,0.34,
"2018-08-30T20:00:00Z","2018-08-30T20:30:00Z",3.01,0.37,6.29,1.17,399,0.18,0.05,,65.90,50.58,331,6.72,0.39,
"2018-08-30T20:30:00Z","2018-08-30T21:00:00Z",2.30,0.00,6.50,1.20,411,0.18,0.05,,61.40,47.09,321,6.72,0.38,
"2018-08-30T21:00:00Z","2018-08-30T21:30:00Z",2.27,0.00,5.67,1.37,450,0.18,0.06,,73.54,50.85,359,6.72,0.38,
"2018-08-30T21:30:00Z","2018-08-30T22:00:00Z",2.15,0.00,5.17,0.98,412,0.17,0.05,,63.86,48.56,334,6.72,0.38,
"2018-08-30T22:00:00Z","2018-08-30T22:30:00Z",2.12,0.00,5.00,0.83,397,0.17,0.05,,65.08,57.09,315,6.73,0.43,
"2018-08-31T00:00:00Z","2018-08-31T00:30:00Z",0.91,0.00,2.83,0.26,448,0.15,0.02,,78.34,48.05,375,6.71,0.36,
"2018-08-31T00:30:00Z","2018-08-31T01:00:00Z",0.79,0.00,1.87,0.19,437,0.15,0.02,,84.09,51.86,378,6.71,0.37,
"2018-08-31T01:00:00Z","2018-08-31T01:30:00Z",1.17,0.00,3.01,0.37,430,0.15,0.03,,64.64,56.28,304,6.73,0.43,
"2018-08-31T01:30:00Z","2018-08-31T02:00:00Z",2.13,0.00,4.58,0.62,437,0.16,0.04,,62.22,47.83,311,6.72,0.39,
"2018-08-31T02:00:00Z","2018-08-31T02:30:00Z",2.05,0.25,4.04,0.57,440,0.16,0.04,,62.55,44.78,331,6.71,0.37,
"2018-08-31T04:00:00Z","2018-08-31T04:30:00Z",2.11,0.21,4.85,0.66,449,0.16,0.04,,66.25,42.38,348,6.71,0.35,
"2018-08-31T04:30:00Z","2018-08-31T05:00:00Z",2.33,0.00,5.04,0.81,450,0.16,0.04,,65.41,40.85,346,6.71,0.34,
"2018-08-31T05:00:00Z","2018-08-31T05:30:00Z",2.55,0.46,5.33,0.88,450,0.17,0.04,,64.41,40.61,342,6.71,0.34,
"2018-08-31T05:30:00Z","2018-08-31T06:00:00Z",2.34,0.00,5.12,0.88,450,0.17,0.04,,62.71,41.21,337,6.71,0.35,
"2018-08-31T06:00:00Z","2018-08-31T06:30:00Z",2.47,0.00,5.12,0.86,449,0.17,0.04,,64.86,40.56,351,6.71,0.34,
"2018-08-31T08:00:00Z","2018-08-31T08:30:00Z",2.44,0.00,6.04,1.21,450,0.17,0.05,,68.90,42.46,363,6.71,0.34,
"2018-08-31T08:30:00Z","2018-08-31T09:00:00Z",2.70,0.17,6.00,1.10,450,0.17,0.05,,61.03,40.26,329,6.71,0.35,
"2018-08-31T09:00:00Z","2018-08-31T09:30:00Z",1.83,0.00,6.31,1.64,446,0.19,0.06,,83.14,58.54,399,6.72,0.38,
"2018-08-31T09:30:00Z","2018-08-31T10:00:00Z",1.17,0.00,4.37,0.87,447,0.17,0.04,,80.41,68.24,387,6.73,0.42,
"2018-08-31T10:00:00Z","2018-08-31T10:30:00Z",1.08,0.00,3.33,0.52,450,0.16,0.03,,83.08,58.69,437,6.71,0.37,
"2018-08-31T12:00:00Z","2018-08-31T12:30:00Z",1.75,0.00,4.54,0.92,450,0.17,0.05,,73.65,54.24,367,6.72,0.38,
"2018-08-31T12:30:00Z","2018-08-31T13:00:00Z",1.01,0.00,2.69,0.38,449,0.15,0.03,,76.03,49.90,389,6.71,0.36,
"2018-08-31T13:00:00Z","2018-08-31T13:30:00Z",1.37,0.00,4.54,0.66,450,0.16,0.04,,67.69,33.97,388,6.70,0.30,
"2018-08-31T13:30:00Z","2018-08-31T14:00:00Z",2.49,0.00,5.71,1.08,450,0.17,0.05,,68.52,42.68,363,6.71,0.34,
"2018-08-31T14:00:00Z","2018-08-31T14:30:00Z",3.01,0.00,6.96,1.76,430,0.19,0.06,,69.69,51.39,351,6.72,0.38,
"2018-08-31T16:00:00Z","2018-08-31T16:30:00Z",3.17,0.67,8.54,1.81,386,0.20,0.07,,94.76,20.02,243,6.70,0.29,
"2018-08-31T16:30:00Z","2018-08-31T17:00:00Z",3.07,0.00,7.00,1.38,450,0.18,0.06,,62.63,43.95,328,6.71,0.37,
"2018-08-31T17:00:00Z","2018-08-31T17:30:00Z",3.09,0.00,6.71,1.44,420,0.18,0.06,,64.33,44.78,338,6.71,0.36,
"2018-08-31T17:30:00Z","2018-08-31T18:00:00Z",2.91,0.00,6.83,1.64,408,0.19,0.06,,67.99,50.95,336,6.72,0.39,
"2018-08-31T18:00:00Z","2018-08-31T18:30:00Z",3.58,0.54,7.37,2.01,369,0.20,0.07,,55.28,46.04,289,6.72,0.40,
"2018-08-31T20:00:00Z","2018-08-31T20:30:00Z",3.61,0.08,8.21,2.14,448,0.20,0.07,,71.08,47.83,355,6.71,0.37,
"2018-08-31T20:30:00Z","2018-08-31T21:00:00Z",3.15,0.00,8.12,2.15,411,0.20,0.07,,62.68,48.07,317,6.72,0.39,
"2018-08-31T21:00:00Z","2018-08-31T21:30:00Z",2.86,0.00,7.33,1.17,403,0.18,0.05,,57.92,47.90,300,6.72,0.40,
"2018-08-31T21:30:00Z","2018-08-31T22:00:00Z",2.67,0.62,5.92,0.86,384,0.17,0.05,,51.69,45.58,271,6.72,0.41,
"2018-08-31T22:00:00Z","2018-08-31T22:30:00Z",3.01,0.46,6.87,1.35,450,0.18,0.05,,72.13,49.19,349,6.72,0.38,
