startDateTime,endDateTime,staPresMean,staPresMinimum,staPresMaximum,staPresVariance,staPresNumPts,staPresExpUncert,staPresStdErMean,staPresFinalQF,corPres,corPresExpUncert,corPresFinalQF
"2018-11-01T00:00:00Z","2018-11-01T00:30:00Z",95.29382,95.29149,95.30148,0.00002,30.00000,0.01727,0.00078,0,101.34544,0.08333,0
"2018-11-01T00:30:00Z","2018-11-01T01:00:00Z",95.29449,95.28151,95.30148,0.00006,30.00000,0.01744,0.00145,0,101.35868,0.08358,0
"2018-11-01T01:00:00Z","2018-11-01T01:30:00Z",95.30581,95.30148,95.32144,0.00003,30.00000,0.01732,0.00104,0,101.38114,0.08375,0
"2018-11-01T01:30:00Z","2018-11-01T02:00:00Z",95.31679,95.30148,95.33143,0.00007,30.00000,0.01748,0.00157,0,101.39805,0.08389,0
"2018-11-01T02:00:00Z","2018-11-01T02:30:00Z",95.34940,95.28151,95.39133,0.00086,30.00000,0.02025,0.00534,0,101.43376,0.08465,0
"2018-11-01T02:30:00Z","2018-11-01T03:00:00Z",95.30547,95.27153,95.34141,0.00075,30.00000,0.01988,0.00499,0,101.39063,0.08460,1
"2018-11-01T03:00:00Z","2018-11-01T03:30:00Z",95.35373,95.32144,95.37137,0.00029,30.00000,0.01830,0.00313,0,101.43272,0.08404,1
"2018-11-01T03:30:00Z","2018-11-01T04:00:00Z",95.37603,95.36138,95.39133,0.00010,30.00000,0.01759,0.00184,0,101.46508,0.08404,1
"2018-11-01T04:00:00Z","2018-11-01T04:30:00Z",95.39333,95.38135,95.41130,0.00005,30.00000,0.01740,0.00130,0,101.49643,0.08416,1
"2018-11-01T04:30:00Z","2018-11-01T05:00:00Z",95.40398,95.39133,95.42128,0.00010,30.00000,0.01759,0.00185,0,101.51334,0.08432,1
"2018-11-01T05:00:00Z","2018-11-01T05:30:00Z",95.39899,95.39133,95.41130,0.00004,30.00000,0.01735,0.00114,0,101.51202,0.08433,1
"2018-11-01T05:30:00Z","2018-11-01T06:00:00Z",95.40564,95.40132,95.41130,0.00003,30.00000,0.01730,0.00092,0,101.52430,0.08441,1
"2018-11-01T06:00:00Z","2018-11-01T06:30:00Z",95.38734,95.38135,95.40132,0.00003,30.00000,0.01732,0.00103,0,101.50820,0.08447,1
"2018-11-01T06:30:00Z","2018-11-01T07:00:00Z",95.39533,95.38135,95.40132,0.00003,30.00000,0.01732,0.00103,0,101.52043,0.08454,1
"2018-11-01T07:00:00Z","2018-11-01T07:30:00Z",95.41130,95.40132,95.42128,0.00005,30.00000,0.01739,0.00127,0,101.54422,0.08468,1
"2018-11-01T07:30:00Z","2018-11-01T08:00:00Z",95.39065,95.37137,95.42128,0.00016,29.00000,0.01784,0.00237,0,101.52147,0.08476,1
"2018-11-01T08:00:00Z","2018-11-01T08:30:00Z",95.37636,95.36138,95.38135,0.00005,30.00000,0.01741,0.00133,0,101.50682,0.08466,1
"2018-11-01T08:30:00Z","2018-11-01T09:00:00Z",95.36371,95.35139,95.39133,0.00027,30.00000,0.01823,0.00302,0,101.49458,0.08487,1
"2018-11-01T09:00:00Z","2018-11-01T09:30:00Z",95.35472,95.34141,95.37137,0.00008,30.00000,0.01750,0.00161,0,101.48610,0.08471,1
"2018-11-01T09:30:00Z","2018-11-01T10:00:00Z",95.34474,95.34141,95.35139,0.00002,30.00000,0.01729,0.00087,1,101.47894,0.08471,1
"2018-11-01T10:00:00Z","2018-11-01T10:30:00Z",95.34341,95.33143,95.36138,0.00009,30.00000,0.01753,0.00169,0,101.48684,0.08494,1
"2018-11-01T10:30:00Z","2018-11-01T11:00:00Z",95.39799,95.36138,95.43127,0.00033,30.00000,0.01842,0.00329,0,101.54501,0.08519,1
"2018-11-01T11:00:00Z","2018-11-01T11:30:00Z",95.41962,95.41130,95.43127,0.00008,30.00000,0.01749,0.00159,0,101.56691,0.08497,1
"2018-11-01T11:30:00Z","2018-11-01T12:00:00Z",95.39366,95.38135,95.42128,0.00008,30.00000,0.01751,0.00164,0,101.53928,0.08495,1
"2018-11-01T12:00:00Z","2018-11-01T12:30:00Z",95.41929,95.40132,95.43127,0.00011,30.00000,0.01761,0.00188,0,101.56194,0.08499,1
"2018-11-01T12:30:00Z","2018-11-01T13:00:00Z",95.43160,95.41130,95.44125,0.00007,30.00000,0.01748,0.00155,0,101.57496,0.08498,1
"2018-11-01T13:00:00Z","2018-11-01T13:30:00Z",95.42128,95.40132,95.44125,0.00018,30.00000,0.01788,0.00244,0,101.54746,0.08478,1
"2018-11-01T13:30:00Z","2018-11-01T14:00:00Z",95.43127,95.41130,95.44125,0.00009,30.00000,0.01754,0.00173,0,101.52935,0.08420,1
"2018-11-01T14:00:00Z","2018-11-01T14:30:00Z",95.45090,95.43127,95.47120,0.00026,30.00000,0.01817,0.00293,0,101.53452,0.08407,1
"2018-11-01T14:30:00Z","2018-11-01T15:00:00Z",95.48818,95.47120,95.50116,0.00008,30.00000,0.01752,0.00167,0,101.55908,0.08366,1
"2018-11-01T15:00:00Z","2018-11-01T15:30:00Z",95.45922,95.43127,95.48119,0.00030,30.00000,0.01832,0.00315,0,101.51363,0.08357,1
"2018-11-01T15:30:00Z","2018-11-01T16:00:00Z",95.43227,95.42128,95.44125,0.00003,30.00000,0.01732,0.00100,1,101.47266,0.08306,1
"2018-11-01T16:00:00Z","2018-11-01T16:30:00Z",95.45457,95.43127,95.46122,0.00006,30.00000,0.01742,0.00138,0,101.48390,0.08284,1
"2018-11-01T16:30:00Z","2018-11-01T17:00:00Z",95.44625,95.42128,95.46122,0.00012,30.00000,0.01764,0.00196,0,101.47048,0.08277,0
"2018-11-01T17:00:00Z","2018-11-01T17:30:00Z",95.37935,95.34141,95.41130,0.00037,30.00000,0.01859,0.00353,0,101.39554,0.08289,0
"2018-11-01T17:30:00Z","2018-11-01T18:00:00Z",95.32910,95.32144,95.34141,0.00004,30.00000,0.01735,0.00114,0,101.33930,0.08249,0
"2018-11-01T18:00:00Z","2018-11-01T18:30:00Z",95.34108,95.32144,95.35139,0.00007,30.00000,0.01745,0.00147,0,101.35261,0.08253,0
"2018-11-01T18:30:00Z","2018-11-01T19:00:00Z",95.34873,95.34141,95.35139,0.00002,30.00000,0.01728,0.00082,0,101.35378,0.08238,0
"2018-11-01T19:00:00Z","2018-11-01T19:30:00Z",95.33709,95.32144,95.35139,0.00008,30.00000,0.01751,0.00164,0,101.33126,0.08226,0
"2018-11-01T19:30:00Z","2018-11-01T20:00:00Z",95.28983,95.27153,95.31146,0.00019,30.00000,0.01791,0.00249,0,101.26935,0.08211,0
"2018-11-01T20:00:00Z","2018-11-01T20:30:00Z",95.24357,95.22160,95.27153,0.00015,30.00000,0.01776,0.00221,0,101.21799,0.08200,0
"2018-11-01T20:30:00Z","2018-11-01T21:00:00Z",95.21262,95.20164,95.22160,0.00004,30.00000,0.01737,0.00121,0,101.18033,0.08174,0
"2018-11-01T21:00:00Z","2018-11-01T21:30:00Z",95.20197,95.20164,95.21162,0.00000,30.00000,0.01721,0.00033,0,101.16310,0.08160,0
"2018-11-01T21:30:00Z","2018-11-01T22:00:00Z",95.21462,95.20164,95.23159,0.00012,30.00000,0.01768,0.00204,0,101.17977,0.08178,0
"2018-11-01T22:00:00Z","2018-11-01T22:30:00Z",95.21761,95.21162,95.23159,0.00004,30.00000,0.01735,0.00113,0,101.19760,0.08199,1
"2018-11-01T22:30:00Z","2018-11-01T23:00:00Z",95.22294,95.21162,95.23159,0.00003,30.00000,0.01730,0.00093,0,101.22911,0.08257,1
"2018-11-01T23:00:00Z","2018-11-01T23:30:00Z",95.22227,95.21162,95.24157,0.00006,30.00000,0.01744,0.00143,0,101.24339,0.08279,0
"2018-11-01T23:30:00Z","2018-11-02T00:00:00Z",95.24889,95.24157,95.27153,0.00010,30.00000,0.01757,0.00179,0,101.29596,0.08334,0
"2018-11-02T00:00:00Z","2018-11-02T00:30:00Z",95.26554,95.26154,95.27153,0.00002,30.00000,0.01730,0.00091,0,101.33011,0.08354,1
"2018-11-02T00:30:00Z","2018-11-02T01:00:00Z",95.26154,95.26154,95.26154,0.00000,30.00000,0.01720,0.00000,0,101.33605,0.08370,1
"2018-11-02T01:00:00Z","2018-11-02T01:30:00Z",95.25888,95.25155,95.26154,0.00002,30.00000,0.01728,0.00082,0,101.33636,0.08379,1
"2018-11-02T01:30:00Z","2018-11-02T02:00:00Z",95.24556,95.24157,95.25155,0.00002,30.00000,0.01730,0.00091,0,101.32593,0.08384,1
"2018-11-02T02:00:00Z","2018-11-02T02:30:00Z",95.23658,95.22160,95.24157,0.00004,30.00000,0.01735,0.00115,0,101.31556,0.08384,1
"2018-11-02T02:30:00Z","2018-11-02T03:00:00Z",95.22427,95.22160,95.24157,0.00003,30.00000,0.01730,0.00095,0,101.30628,0.08388,1
"2018-11-02T03:00:00Z","2018-11-02T03:30:00Z",95.23625,95.22160,95.24157,0.00006,30.00000,0.01743,0.00141,0,101.32014,0.08394,1
"2018-11-02T03:30:00Z","2018-11-02T04:00:00Z",95.21661,95.21162,95.22160,0.00003,30.00000,0.01730,0.00093,1,101.30457,0.08399,1
"2018-11-02T04:00:00Z","2018-11-02T04:30:00Z",95.20729,95.20164,95.21162,0.00003,30.00000,0.01730,0.00092,0,101.30505,0.08410,1
"2018-11-02T04:30:00Z","2018-11-02T05:00:00Z",95.20197,95.20164,95.21162,0.00000,30.00000,0.01721,0.00033,0,101.30364,0.08415,1
"2018-11-02T05:00:00Z","2018-11-02T05:30:00Z",95.20064,95.19165,95.21162,0.00002,30.00000,0.01729,0.00088,0,101.30345,0.08419,1
"2018-11-02T05:30:00Z","2018-11-02T06:00:00Z",95.19265,95.19165,95.20164,0.00001,30.00000,0.01724,0.00056,0,101.30045,0.08428,1
"2018-11-02T06:00:00Z","2018-11-02T06:30:00Z",95.19764,95.19165,95.20164,0.00002,30.00000,0.01730,0.00091,0,101.30408,0.08426,1
"2018-11-02T06:30:00Z","2018-11-02T07:00:00Z",95.20330,95.19165,95.21162,0.00003,30.00000,0.01731,0.00097,0,101.31292,0.08432,1
"2018-11-02T07:00:00Z","2018-11-02T07:30:00Z",95.21595,95.20164,95.22160,0.00006,30.00000,0.01743,0.00141,0,101.32980,0.08441,1
"2018-11-02T07:30:00Z","2018-11-02T08:00:00Z",95.23325,95.22160,95.24157,0.00004,30.00000,0.01736,0.00118,1,101.34374,0.08434,1
"2018-11-02T08:00:00Z","2018-11-02T08:30:00Z",95.24157,95.24157,95.24157,0.00000,30.00000,0.01720,0.00000,0,101.34009,0.08408,1
"2018-11-02T08:30:00Z","2018-11-02T09:00:00Z",95.24390,95.24157,95.25155,0.00002,30.00000,0.01727,0.00078,0,101.33640,0.08398,1
"2018-11-02T09:00:00Z","2018-11-02T09:30:00Z",95.25355,95.25155,95.26154,0.00002,30.00000,0.01726,0.00074,0,101.34394,0.08394,1
"2018-11-02T09:30:00Z","2018-11-02T10:00:00Z",95.25821,95.25155,95.26154,0.00002,30.00000,0.01729,0.00087,0,101.33902,0.08377,1
"2018-11-02T10:00:00Z","2018-11-02T10:30:00Z",95.26087,95.25155,95.26154,0.00001,30.00000,0.01722,0.00046,0,101.33666,0.08366,1
"2018-11-02T10:30:00Z","2018-11-02T11:00:00Z",95.27086,95.26154,95.28151,0.00003,30.00000,0.01730,0.00095,0,101.34266,0.08360,1
"2018-11-02T11:00:00Z","2018-11-02T11:30:00Z",95.27718,95.27153,95.28151,0.00003,30.00000,0.01730,0.00092,0,101.35276,0.08368,1
"2018-11-02T11:30:00Z","2018-11-02T12:00:00Z",95.27519,95.27153,95.28151,0.00002,30.00000,0.01729,0.00089,0,101.34325,0.08354,1
"2018-11-02T12:00:00Z","2018-11-02T12:30:00Z",95.29316,95.28151,95.30148,0.00006,30.00000,0.01741,0.00136,0,101.36474,0.08373,1
"2018-11-02T12:30:00Z","2018-11-02T13:00:00Z",95.31013,95.30148,95.31146,0.00001,30.00000,0.01725,0.00063,0,101.38823,0.08378,1
"2018-11-02T13:00:00Z","2018-11-02T13:30:00Z",95.32011,95.31146,95.32144,0.00001,30.00000,0.01725,0.00063,0,101.39345,0.08369,1
"2018-11-02T13:30:00Z","2018-11-02T14:00:00Z",95.32577,95.32144,95.33143,0.00003,30.00000,0.01730,0.00092,0,101.39486,0.08363,1
"2018-11-02T14:00:00Z","2018-11-02T14:30:00Z",95.32910,95.32144,95.34141,0.00004,30.00000,0.01735,0.00114,0,101.37645,0.08327,1
"2018-11-02T14:30:00Z","2018-11-02T15:00:00Z",95.33875,95.33143,95.35139,0.00003,30.00000,0.01733,0.00106,0,101.37546,0.08302,1
"2018-11-02T15:00:00Z","2018-11-02T15:30:00Z",95.34474,95.34141,95.35139,0.00002,30.00000,0.01729,0.00087,0,101.37303,0.08284,0
"2018-11-02T15:30:00Z","2018-11-02T16:00:00Z",95.34241,95.34141,95.35139,0.00001,30.00000,0.01724,0.00056,1,101.36120,0.08265,1
"2018-11-02T16:00:00Z","2018-11-02T16:30:00Z",95.34252,95.34141,95.35139,0.00001,18.00000,0.01727,0.00076,1,101.35631,0.08256,1
"2018-11-02T16:30:00Z","2018-11-02T17:00:00Z",,,,,,,,1,,,1
"2018-11-02T17:00:00Z","2018-11-02T17:30:00Z",,,,,,,,1,,,1
"2018-11-02T17:30:00Z","2018-11-02T18:00:00Z",,,,,,,,1,,,1
"2018-11-02T18:00:00Z","2018-11-02T18:30:00Z",,,,,,,,1,,,1
"2018-11-02T18:30:00Z","2018-11-02T19:00:00Z",,,,,,,,1,,,1
"2018-11-02T19:00:00Z","2018-11-02T19:30:00Z",,,,,,,,1,,,1
"2018-11-02T19:30:00Z","2018-11-02T20:00:00Z",,,,,,,,1,,,1
"2018-11-02T20:00:00Z","2018-11-02T20:30:00Z",,,,,,,,1,,,1
"2018-11-02T20:30:00Z","2018-11-02T21:00:00Z",,,,,,,,1,,,1
"2018-11-02T21:00:00Z","2018-11-02T21:30:00Z",,,,,,,,1,,,1
"2018-11-02T21:30:00Z","2018-11-02T22:00:00Z",,,,,,,,1,,,1
"2018-11-02T22:00:00Z","2018-11-02T22:30:00Z",,,,,,,,1,,,1
"2018-11-02T22:30:00Z","2018-11-02T23:00:00Z",,,,,,,,1,,,1
"2018-11-02T23:00:00Z","2018-11-02T23:30:00Z",,,,,,,,1,,,1
"2018-11-02T23:30:00Z","2018-11-03T00:00:00Z",,,,,,,,1,,,1
"2018-11-03T00:00:00Z","2018-11-03T00:30:00Z",,,,,,,,1,,,1
"2018-11-03T00:30:00Z","2018-11-03T01:00:00Z",,,,,,,,1,,,1
"2018-11-03T01:00:00Z","2018-11-03T01:30:00Z",,,,,,,,1,,,1
"2018-11-03T01:30:00Z","2018-11-03T02:00:00Z",,,,,,,,1,,,1
"2018-11-03T02:00:00Z","2018-11-03T02:30:00Z",,,,,,,,1,,,1
"2018-11-03T02:30:00Z","2018-11-03T03:00:00Z",,,,,,,,1,,,1
"2018-11-03T03:00:00Z","2018-11-03T03:30:00Z",,,,,,,,1,,,1
"2018-11-03T03:30:00Z","2018-11-03T04:00:00Z",,,,,,,,1,,,1
"2018-11-03T04:00:00Z","2018-11-03T04:30:00Z",,,,,,,,1,,,1
"2018-11-03T04:30:00Z","2018-11-03T05:00:00Z",,,,,,,,1,,,1
"2018-11-03T05:00:00Z","2018-11-03T05:30:00Z",,,,,,,,1,,,1
"2018-11-03T05:30:00Z","2018-11-03T06:00:00Z",,,,,,,,1,,,1
"2018-11-03T06:00:00Z","2018-11-03T06:30:00Z",,,,,,,,1,,,1
"2018-11-03T06:30:00Z","2018-11-03T07:00:00Z",,,,,,,,1,,,1
"2018-11-03T07:00:00Z","2018-11-03T07:30:00Z",,,,,,,,1,,,1
"2018-11-03T07:30:00Z","2018-11-03T08:00:00Z",,,,,,,,1,,,1
"2018-11-03T08:00:00Z","2018-11-03T08:30:00Z",,,,,,,,1,,,1
"2018-11-03T08:30:00Z","2018-11-03T09:00:00Z",,,,,,,,1,,,1
"2018-11-03T09:00:00Z","2018-11-03T09:30:00Z",,,,,,,,1,,,1
"2018-11-03T09:30:00Z","2018-11-03T10:00:00Z",,,,,,,,1,,,1
"2018-11-03T10:00:00Z","2018-11-03T10:30:00Z",,,,,,,,1,,,1
"2018-11-03T10:30:00Z","2018-11-03T11:00:00Z",,,,,,,,1,,,1
"2018-11-03T11:00:00Z","2018-11-03T11:30:00Z",,,,,,,,1,,,1
"2018-11-03T11:30:00Z","2018-11-03T12:00:00Z",,,,,,,,1,,,1
"2018-11-03T12:00:00Z","2018-11-03T12:30:00Z",,,,,,,,1,,,1
"2018-11-03T12:30:00Z","2018-11-03T13:00:00Z",,,,,,,,1,,,1
"2018-11-03T13:00:00Z","2018-11-03T13:30:00Z",,,,,,,,1,,,1
"2018-11-03T13:30:00Z","2018-11-03T14:00:00Z",,,,,,,,1,,,1
"2018-11-03T14:00:00Z","2018-11-03T14:30:00Z",,,,,,,,1,,,1
"2018-11-03T14:30:00Z","2018-11-03T15:00:00Z",,,,,,,,1,,,1
"2018-11-03T15:00:00Z","2018-11-03T15:30:00Z",,,,,,,,1,,,1
"2018-11-03T15:30:00Z","2018-11-03T16:00:00Z",,,,,,,,1,,,1
"2018-11-03T16:00:00Z","2018-11-03T16:30:00Z",,,,,,,,1,,,1
"2018-11-03T16:30:00Z","2018-11-03T17:00:00Z",,,,,,,,1,,,1
"2018-11-03T17:00:00Z","2018-11-03T17:30:00Z",,,,,,,,1,,,1
"2018-11-03T17:30:00Z","2018-11-03T18:00:00Z",,,,,,,,1,,,1
"2018-11-03T18:00:00Z","2018-11-03T18:30:00Z",,,,,,,,1,,,1
"2018-11-03T18:30:00Z","2018-11-03T19:00:00Z",,,,,,,,1,,,1
"2018-11-03T19:00:00Z","2018-11-03T19:30:00Z",,,,,,,,1,,,1
"2018-11-03T19:30:00Z","2018-11-03T20:00:00Z",,,,,,,,1,,,1
"2018-11-03T20:00:00Z","2018-11-03T20:30:00Z",,,,,,,,1,,,1
"2018-11-03T20:30:00Z","2018-11-03T21:00:00Z",,,,,,,,1,,,1
"2018-11-03T21:00:00Z","2018-11-03T21:30:00Z",,,,,,,,1,,,1
"2018-11-03T21:30:00Z","2018-11-03T22:00:00Z",,,,,,,,1,,,1
"2018-11-03T22:00:00Z","2018-11-03T22:30:00Z",,,,,,,,1,,,1
"2018-11-03T22:30:00Z","2018-11-03T23:00:00Z",,,,,,,,1,,,1
"2018-11-03T23:00:00Z","2018-11-03T23:30:00Z",,,,,,,,1,,,1
"2018-11-03T23:30:00Z","2018-11-04T00:00:00Z",,,,,,,,1,,,1
"2018-11-04T00:00:00Z","2018-11-04T00:30:00Z",,,,,,,,1,,,1
"2018-11-04T00:30:00Z","2018-11-04T01:00:00Z",,,,,,,,1,,,1
"2018-11-04T01:00:00Z","2018-11-04T01:30:00Z",,,,,,,,1,,,1
"2018-11-04T01:30:00Z","2018-11-04T02:00:00Z",,,,,,,,1,,,1
"2018-11-04T02:00:00Z","2018-11-04T02:30:00Z",,,,,,,,1,,,1
"2018-11-04T02:30:00Z","2018-11-04T03:00:00Z",,,,,,,,1,,,1
"2018-11-04T03:00:00Z","2018-11-04T03:30:00Z",,,,,,,,1,,,1
"2018-11-04T03:30:00Z","2018-11-04T04:00:00Z",,,,,,,,1,,,1
"2018-11-04T04:00:00Z","2018-11-04T04:30:00Z",,,,,,,,1,,,1
"2018-11-04T04:30:00Z","2018-11-04T05:00:00Z",,,,,,,,1,,,1
"2018-11-04T05:00:00Z","2018-11-04T05:30:00Z",,,,,,,,1,,,1
"2018-11-04T05:30:00Z","2018-11-04T06:00:00Z",,,,,,,,1,,,1
"2018-11-04T06:00:00Z","2018-11-04T06:30:00Z",,,,,,,,1,,,1
"2018-11-04T06:30:00Z","2018-11-04T07:00:00Z",,,,,,,,1,,,1
"2018-11-04T07:00:00Z","2018-11-04T07:30:00Z",,,,,,,,1,,,1
"2018-11-04T07:30:00Z","2018-11-04T08:00:00Z",,,,,,,,1,,,1
"2018-11-04T08:00:00Z","2018-11-04T08:30:00Z",,,,,,,,1,,,1
"2018-11-04T08:30:00Z","2018-11-04T09:00:00Z",,,,,,,,1,,,1
"2018-11-04T09:00:00Z","2018-11-04T09:30:00Z",,,,,,,,1,,,1
"2018-11-04T09:30:00Z","2018-11-04T10:00:00Z",,,,,,,,1,,,1
"2018-11-04T10:00:00Z","2018-11-04T10:30:00Z",,,,,,,,1,,,1
"2018-11-04T10:30:00Z","2018-11-04T11:00:00Z",,,,,,,,1,,,1
"2018-11-04T11:00:00Z","2018-11-04T11:30:00Z",,,,,,,,1,,,1
"2018-11-04T11:30:00Z","2018-11-04T12:00:00Z",,,,,,,,1,,,1
"2018-11-04T12:00:00Z","2018-11-04T12:30:00Z",,,,,,,,1,,,1
"2018-11-04T12:30:00Z","2018-11-04T13:00:00Z",,,,,,,,1,,,1
"2018-11-04T13:00:00Z","2018-11-04T13:30:00Z",,,,,,,,1,,,1
"2018-11-04T13:30:00Z","2018-11-04T14:00:00Z",,,,,,,,1,,,1
"2018-11-04T14:00:00Z","2018-11-04T14:30:00Z",,,,,,,,1,,,1
"2018-11-04T14:30:00Z","2018-11-04T15:00:00Z",,,,,,,,1,,,1
"2018-11-04T15:00:00Z","2018-11-04T15:30:00Z",,,,,,,,1,,,1
"2018-11-04T15:30:00Z","2018-11-04T16:00:00Z",,,,,,,,1,,,1
"2018-11-04T16:00:00Z","2018-11-04T16:30:00Z",,,,,,,,1,,,1
"2018-11-04T16:30:00Z","2018-11-04T17:00:00Z",,,,,,,,1,,,1
"2018-11-04T17:00:00Z","2018-11-04T17:30:00Z",,,,,,,,1,,,1
"2018-11-04T17:30:00Z","2018-11-04T18:00:00Z",,,,,,,,1,,,1
"2018-11-04T18:00:00Z","2018-11-04T18:30:00Z",,,,,,,,1,,,1
"2018-11-04T18:30:00Z","2018-11-04T19:00:00Z",,,,,,,,1,,,1
"2018-11-04T19:00:00Z","2018-11-04T19:30:00Z",,,,,,,,1,,,1
"2018-11-04T19:30:00Z","2018-11-04T20:00:00Z",,,,,,,,1,,,1
"2018-11-04T20:00:00Z","2018-11-04T20:30:00Z",,,,,,,,1,,,1
"2018-11-04T20:30:00Z","2018-11-04T21:00:00Z",,,,,,,,1,,,1
"2018-11-04T21:00:00Z","2018-11-04T21:30:00Z",,,,,,,,1,,,1
"2018-11-04T21:30:00Z","2018-11-04T22:00:00Z",,,,,,,,1,,,1
"2018-11-04T22:00:00Z","2018-11-04T22:30:00Z",,,,,,,,1,,,1
"2018-11-04T22:30:00Z","2018-11-04T23:00:00Z",,,,,,,,1,,,1
"2018-11-04T23:00:00Z","2018-11-04T23:30:00Z",,,,,,,,1,,,1
"2018-11-04T23:30:00Z","2018-11-05T00:00:00Z",,,,,,,,1,,,1
"2018-11-05T00:00:00Z","2018-11-05T00:30:00Z",,,,,,,,1,,,1
"2018-11-05T00:30:00Z","2018-11-05T01:00:00Z",,,,,,,,1,,,1
"2018-11-05T01:00:00Z","2018-11-05T01:30:00Z",,,,,,,,1,,,1
"2018-11-05T01:30:00Z","2018-11-05T02:00:00Z",,,,,,,,1,,,1
"2018-11-05T02:00:00Z","2018-11-05T02:30:00Z",,,,,,,,1,,,1
"2018-11-05T02:30:00Z","2018-11-05T03:00:00Z",,,,,,,,1,,,1
"2018-11-05T03:00:00Z","2018-11-05T03:30:00Z",,,,,,,,1,,,1
"2018-11-05T03:30:00Z","2018-11-05T04:00:00Z",,,,,,,,1,,,1
"2018-11-05T04:00:00Z","2018-11-05T04:30:00Z",,,,,,,,1,,,1
"2018-11-05T04:30:00Z","2018-11-05T05:00:00Z",,,,,,,,1,,,1
"2018-11-05T05:00:00Z","2018-11-05T05:30:00Z",,,,,,,,1,,,1
"2018-11-05T05:30:00Z","2018-11-05T06:00:00Z",,,,,,,,1,,,1
"2018-11-05T06:00:00Z","2018-11-05T06:30:00Z",,,,,,,,1,,,1
"2018-11-05T06:30:00Z","2018-11-05T07:00:00Z",,,,,,,,1,,,1
"2018-11-05T07:00:00Z","2018-11-05T07:30:00Z",,,,,,,,1,,,1
"2018-11-05T07:30:00Z","2018-11-05T08:00:00Z",,,,,,,,1,,,1
"2018-11-05T08:00:00Z","2018-11-05T08:30:00Z",,,,,,,,1,,,1
"2018-11-05T08:30:00Z","2018-11-05T09:00:00Z",,,,,,,,1,,,1
"2018-11-05T09:00:00Z","2018-11-05T09:30:00Z",,,,,,,,1,,,1
"2018-11-05T09:30:00Z","2018-11-05T10:00:00Z",,,,,,,,1,,,1
"2018-11-05T10:00:00Z","2018-11-05T10:30:00Z",,,,,,,,1,,,1
"2018-11-05T10:30:00Z","2018-11-05T11:00:00Z",,,,,,,,1,,,1
"2018-11-05T11:00:00Z","2018-11-05T11:30:00Z",,,,,,,,1,,,1
"2018-11-05T11:30:00Z","2018-11-05T12:00:00Z",,,,,,,,1,,,1
"2018-11-05T12:00:00Z","2018-11-05T12:30:00Z",,,,,,,,1,,,1
"2018-11-05T12:30:00Z","2018-11-05T13:00:00Z",,,,,,,,1,,,1
"2018-11-05T13:00:00Z","2018-11-05T13:30:00Z",,,,,,,,1,,,1
"2018-11-05T13:30:00Z","2018-11-05T14:00:00Z",,,,,,,,1,,,1
"2018-11-05T14:00:00Z","2018-11-05T14:30:00Z",,,,,,,,1,,,1
"2018-11-05T14:30:00Z","2018-11-05T15:00:00Z",,,,,,,,1,,,1
"2018-11-05T15:00:00Z","2018-11-05T15:30:00Z",,,,,,,,1,,,1
"2018-11-05T15:30:00Z","2018-11-05T16:00:00Z",,,,,,,,1,,,1
"2018-11-05T16:00:00Z","2018-11-05T16:30:00Z",,,,,,,,1,,,1
"2018-11-05T16:30:00Z","2018-11-05T17:00:00Z",,,,,,,,1,,,1
"2018-11-05T17:00:00Z","2018-11-05T17:30:00Z",,,,,,,,1,,,1
"2018-11-05T17:30:00Z","2018-11-05T18:00:00Z",,,,,,,,1,,,1
"2018-11-05T18:00:00Z","2018-11-05T18:30:00Z",,,,,,,,1,,,1
"2018-11-05T18:30:00Z","2018-11-05T19:00:00Z",,,,,,,,1,,,1
"2018-11-05T19:00:00Z","2018-11-05T19:30:00Z",,,,,,,,1,,,1
"2018-11-05T19:30:00Z","2018-11-05T20:00:00Z",,,,,,,,1,,,1
"2018-11-05T20:00:00Z","2018-11-05T20:30:00Z",,,,,,,,1,,,1
"2018-11-05T20:30:00Z","2018-11-05T21:00:00Z",,,,,,,,1,,,1
"2018-11-05T21:00:00Z","2018-11-05T21:30:00Z",,,,,,,,1,,,1
"2018-11-05T21:30:00Z","2018-11-05T22:00:00Z",,,,,,,,1,,,1
"2018-11-05T22:00:00Z","2018-11-05T22:30:00Z",,,,,,,,1,,,1
"2018-11-05T22:30:00Z","2018-11-05T23:00:00Z",,,,,,,,1,,,1
"2018-11-05T23:00:00Z","2018-11-05T23:30:00Z",,,,,,,,1,,,1
"2018-11-05T23:30:00Z","2018-11-06T00:00:00Z",,,,,,,,1,,,1
"2018-11-06T00:00:00Z","2018-11-06T00:30:00Z",,,,,,,,1,,,1
"2018-11-06T00:30:00Z","2018-11-06T01:00:00Z",,,,,,,,1,,,1
"2018-11-06T01:00:00Z","2018-11-06T01:30:00Z",,,,,,,,1,,,1
"2018-11-06T01:30:00Z","2018-11-06T02:00:00Z",,,,,,,,1,,,1
"2018-11-06T02:00:00Z","2018-11-06T02:30:00Z",,,,,,,,1,,,1
"2018-11-06T02:30:00Z","2018-11-06T03:00:00Z",,,,,,,,1,,,1
"2018-11-06T03:00:00Z","2018-11-06T03:30:00Z",,,,,,,,1,,,1
"2018-11-06T03:30:00Z","2018-11-06T04:00:00Z",,,,,,,,1,,,1
"2018-11-06T04:00:00Z","2018-11-06T04:30:00Z",,,,,,,,1,,,1
"2018-11-06T04:30:00Z","2018-11-06T05:00:00Z",,,,,,,,1,,,1
"2018-11-06T05:00:00Z","2018-11-06T05:30:00Z",,,,,,,,1,,,1
"2018-11-06T05:30:00Z","2018-11-06T06:00:00Z",,,,,,,,1,,,1
"2018-11-06T06:00:00Z","2018-11-06T06:30:00Z",,,,,,,,1,,,1
"2018-11-06T06:30:00Z","2018-11-06T07:00:00Z",,,,,,,,1,,,1
"2018-11-06T07:00:00Z","2018-11-06T07:30:00Z",,,,,,,,1,,,1
"2018-11-06T07:30:00Z","2018-11-06T08:00:00Z",,,,,,,,1,,,1
"2018-11-06T08:00:00Z","2018-11-06T08:30:00Z",,,,,,,,1,,,1
"2018-11-06T08:30:00Z","2018-11-06T09:00:00Z",,,,,,,,1,,,1
"2018-11-06T09:00:00Z","2018-11-06T09:30:00Z",,,,,,,,1,,,1
"2018-11-06T09:30:00Z","2018-11-06T10:00:00Z",,,,,,,,1,,,1
"2018-11-06T10:00:00Z","2018-11-06T10:30:00Z",,,,,,,,1,,,1
"2018-11-06T10:30:00Z","2018-11-06T11:00:00Z",,,,,,,,1,,,1
"2018-11-06T11:00:00Z","2018-11-06T11:30:00Z",,,,,,,,1,,,1
"2018-11-06T11:30:00Z","2018-11-06T12:00:00Z",,,,,,,,1,,,1
"2018-11-06T12:00:00Z","2018-11-06T12:30:00Z",,,,,,,,1,,,1
"2018-11-06T12:30:00Z","2018-11-06T13:00:00Z",,,,,,,,1,,,1
"2018-11-06T13:00:00Z","2018-11-06T13:30:00Z",,,,,,,,1,,,1
"2018-11-06T13:30:00Z","2018-11-06T14:00:00Z",,,,,,,,1,,,1
"2018-11-06T14:00:00Z","2018-11-06T14:30:00Z",,,,,,,,1,,,1
"2018-11-06T14:30:00Z","2018-11-06T15:00:00Z",,,,,,,,1,,,1
"2018-11-06T15:00:00Z","2018-11-06T15:30:00Z",,,,,,,,1,,,1
"2018-11-06T15:30:00Z","2018-11-06T16:00:00Z",,,,,,,,1,,,1
"2018-11-06T16:00:00Z","2018-11-06T16:30:00Z",,,,,,,,1,,,1
"2018-11-06T16:30:00Z","2018-11-06T17:00:00Z",,,,,,,,1,,,1
"2018-11-06T17:00:00Z","2018-11-06T17:30:00Z",,,,,,,,1,,,1
"2018-11-06T17:30:00Z","2018-11-06T18:00:00Z",,,,,,,,1,,,1
"2018-11-06T18:00:00Z","2018-11-06T18:30:00Z",,,,,,,,1,,,1
"2018-11-06T18:30:00Z","2018-11-06T19:00:00Z",,,,,,,,1,,,1
"2018-11-06T19:00:00Z","2018-11-06T19:30:00Z",,,,,,,,1,,,1
"2018-11-06T19:30:00Z","2018-11-06T20:00:00Z",,,,,,,,1,,,1
"2018-11-06T20:00:00Z","2018-11-06T20:30:00Z",,,,,,,,1,,,1
"2018-11-06T20:30:00Z","2018-11-06T21:00:00Z",,,,,,,,1,,,1
"2018-11-06T21:00:00Z","2018-11-06T21:30:00Z",,,,,,,,1,,,1
"2018-11-06T21:30:00Z","2018-11-06T22:00:00Z",,,,,,,,1,,,1
"2018-11-06T22:00:00Z","2018-11-06T22:30:00Z",,,,,,,,1,,,1
"2018-11-06T22:30:00Z","2018-11-06T23:00:00Z",,,,,,,,1,,,1
"2018-11-06T23:00:00Z","2018-11-06T23:30:00Z",,,,,,,,1,,,1
"2018-11-06T23:30:00Z","2018-11-07T00:00:00Z",,,,,,,,1,,,1
"2018-11-07T00:00:00Z","2018-11-07T00:30:00Z",,,,,,,,1,,,1
"2018-11-07T00:30:00Z","2018-11-07T01:00:00Z",,,,,,,,1,,,1
"2018-11-07T01:00:00Z","2018-11-07T01:30:00Z",,,,,,,,1,,,1
"2018-11-07T01:30:00Z","2018-11-07T02:00:00Z",,,,,,,,1,,,1
"2018-11-07T02:00:00Z","2018-11-07T02:30:00Z",,,,,,,,1,,,1
"2018-11-07T02:30:00Z","2018-11-07T03:00:00Z",,,,,,,,1,,,1
"2018-11-07T03:00:00Z","2018-11-07T03:30:00Z",,,,,,,,1,,,1
"2018-11-07T03:30:00Z","2018-11-07T04:00:00Z",,,,,,,,1,,,1
"2018-11-07T04:00:00Z","2018-11-07T04:30:00Z",,,,,,,,1,,,1
"2018-11-07T04:30:00Z","2018-11-07T05:00:00Z",,,,,,,,1,,,1
"2018-11-07T05:00:00Z","2018-11-07T05:30:00Z",,,,,,,,1,,,1
"2018-11-07T05:30:00Z","2018-11-07T06:00:00Z",,,,,,,,1,,,1
"2018-11-07T06:00:00Z","2018-11-07T06:30:00Z",,,,,,,,1,,,1
"2018-11-07T06:30:00Z","2018-11-07T07:00:00Z",,,,,,,,1,,,1
"2018-11-07T07:00:00Z","2018-11-07T07:30:00Z",,,,,,,,1,,,1
"2018-11-07T07:30:00Z","2018-11-07T08:00:00Z",,,,,,,,1,,,1
"2018-11-07T08:00:00Z","2018-11-07T08:30:00Z",,,,,,,,1,,,1
"2018-11-07T08:30:00Z","2018-11-07T09:00:00Z",,,,,,,,1,,,1
"2018-11-07T09:00:00Z","2018-11-07T09:30:00Z",,,,,,,,1,,,1
"2018-11-07T09:30:00Z","2018-11-07T10:00:00Z",,,,,,,,1,,,1
"2018-11-07T10:00:00Z","2018-11-07T10:30:00Z",,,,,,,,1,,,1
"2018-11-07T10:30:00Z","2018-11-07T11:00:00Z",,,,,,,,1,,,1
"2018-11-07T11:00:00Z","2018-11-07T11:30:00Z",,,,,,,,1,,,1
"2018-11-07T11:30:00Z","2018-11-07T12:00:00Z",,,,,,,,1,,,1
"2018-11-07T12:00:00Z","2018-11-07T12:30:00Z",,,,,,,,1,,,1
"2018-11-07T12:30:00Z","2018-11-07T13:00:00Z",,,,,,,,1,,,1
"2018-11-07T13:00:00Z","2018-11-07T13:30:00Z",,,,,,,,1,,,1
"2018-11-07T13:30:00Z","2018-11-07T14:00:00Z",,,,,,,,1,,,1
"2018-11-07T14:00:00Z","2018-11-07T14:30:00Z",,,,,,,,1,,,1
"2018-11-07T14:30:00Z","2018-11-07T15:00:00Z",,,,,,,,1,,,1
"2018-11-07T15:00:00Z","2018-11-07T15:30:00Z",,,,,,,,1,,,1
"2018-11-07T15:30:00Z","2018-11-07T16:00:00Z",,,,,,,,1,,,1
"2018-11-07T16:00:00Z","2018-11-07T16:30:00Z",,,,,,,,1,,,1
"2018-11-07T16:30:00Z","2018-11-07T17:00:00Z",,,,,,,,1,,,1
"2018-11-07T17:00:00Z","2018-11-07T17:30:00Z",,,,,,,,1,,,1
"2018-11-07T17:30:00Z","2018-11-07T18:00:00Z",,,,,,,,1,,,1
"2018-11-07T18:00:00Z","2018-11-07T18:30:00Z",,,,,,,,1,,,1
"2018-11-07T18:30:00Z","2018-11-07T19:00:00Z",,,,,,,,1,,,1
"2018-11-07T19:00:00Z","2018-11-07T19:30:00Z",,,,,,,,1,,,1
"2018-11-07T19:30:00Z","2018-11-07T20:00:00Z",,,,,,,,1,,,1
"2018-11-07T20:00:00Z","2018-11-07T20:30:00Z",,,,,,,,1,,,1
"2018-11-07T20:30:00Z","2018-11-07T21:00:00Z",,,,,,,,1,,,1
"2018-11-07T21:00:00Z","2018-11-07T21:30:00Z",,,,,,,,1,,,1
"2018-11-07T21:30:00Z","2018-11-07T22:00:00Z",,,,,,,,1,,,1
"2018-11-07T22:00:00Z","2018-11-07T22:30:00Z",,,,,,,,1,,,1
"2018-11-07T22:30:00Z","2018-11-07T23:00:00Z",,,,,,,,1,,,1
"2018-11-07T23:00:00Z","2018-11-07T23:30:00Z",,,,,,,,1,,,1
"2018-11-07T23:30:00Z","2018-11-08T00:00:00Z",,,,,,,,1,,,1
"2018-11-08T00:00:00Z","2018-11-08T00:30:00Z",,,,,,,,1,,,1
"2018-11-08T00:30:00Z","2018-11-08T01:00:00Z",,,,,,,,1,,,1
"2018-11-08T01:00:00Z","2018-11-08T01:30:00Z",,,,,,,,1,,,1
"2018-11-08T01:30:00Z","2018-11-08T02:00:00Z",,,,,,,,1,,,1
"2018-11-08T02:00:00Z","2018-11-08T02:30:00Z",,,,,,,,1,,,1
"2018-11-08T02:30:00Z","2018-11-08T03:00:00Z",,,,,,,,1,,,1
"2018-11-08T03:00:00Z","2018-11-08T03:30:00Z",,,,,,,,1,,,1
"2018-11-08T03:30:00Z","2018-11-08T04:00:00Z",,,,,,,,1,,,1
"2018-11-08T04:00:00Z","2018-11-08T04:30:00Z",,,,,,,,1,,,1
"2018-11-08T04:30:00Z","2018-11-08T05:00:00Z",,,,,,,,1,,,1
"2018-11-08T05:00:00Z","2018-11-08T05:30:00Z",,,,,,,,1,,,1
"2018-11-08T05:30:00Z","2018-11-08T06:00:00Z",,,,,,,,1,,,1
"2018-11-08T06:00:00Z","2018-11-08T06:30:00Z",,,,,,,,1,,,1
"2018-11-08T06:30:00Z","2018-11-08T07:00:00Z",,,,,,,,1,,,1
"2018-11-08T07:00:00Z","2018-11-08T07:30:00Z",,,,,,,,1,,,1
"2018-11-08T07:30:00Z","2018-11-08T08:00:00Z",,,,,,,,1,,,1
"2018-11-08T08:00:00Z","2018-11-08T08:30:00Z",,,,,,,,1,,,1
"2018-11-08T08:30:00Z","2018-11-08T09:00:00Z",,,,,,,,1,,,1
"2018-11-08T09:00:00Z","2018-11-08T09:30:00Z",,,,,,,,1,,,1
"2018-11-08T09:30:00Z","2018-11-08T10:00:00Z",,,,,,,,1,,,1
"2018-11-08T10:00:00Z","2018-11-08T10:30:00Z",,,,,,,,1,,,1
"2018-11-08T10:30:00Z","2018-11-08T11:00:00Z",,,,,,,,1,,,1
"2018-11-08T11:00:00Z","2018-11-08T11:30:00Z",,,,,,,,1,,,1
"2018-11-08T11:30:00Z","2018-11-08T12:00:00Z",,,,,,,,1,,,1
"2018-11-08T12:00:00Z","2018-11-08T12:30:00Z",,,,,,,,1,,,1
"2018-11-08T12:30:00Z","2018-11-08T13:00:00Z",,,,,,,,1,,,1
"2018-11-08T13:00:00Z","2018-11-08T13:30:00Z",,,,,,,,1,,,1
"2018-11-08T13:30:00Z","2018-11-08T14:00:00Z",,,,,,,,1,,,1
"2018-11-08T14:00:00Z","2018-11-08T14:30:00Z",,,,,,,,1,,,1
"2018-11-08T14:30:00Z","2018-11-08T15:00:00Z",,,,,,,,1,,,1
"2018-11-08T15:00:00Z","2018-11-08T15:30:00Z",,,,,,,,1,,,1
"2018-11-08T15:30:00Z","2018-11-08T16:00:00Z",,,,,,,,1,,,1
"2018-11-08T16:00:00Z","2018-11-08T16:30:00Z",,,,,,,,1,,,1
"2018-11-08T16:30:00Z","2018-11-08T17:00:00Z",,,,,,,,1,,,1
"2018-11-08T17:00:00Z","2018-11-08T17:30:00Z",,,,,,,,1,,,1
"2018-11-08T17:30:00Z","2018-11-08T18:00:00Z",,,,,,,,1,,,1
"2018-11-08T18:00:00Z","2018-11-08T18:30:00Z",,,,,,,,1,,,1
"2018-11-08T18:30:00Z","2018-11-08T19:00:00Z",,,,,,,,1,,,1
"2018-11-08T19:00:00Z","2018-11-08T19:30:00Z",,,,,,,,1,,,1
"2018-11-08T19:30:00Z","2018-11-08T20:00:00Z",,,,,,,,1,,,1
"2018-11-08T20:00:00Z","2018-11-08T20:30:00Z",,,,,,,,1,,,1
"2018-11-08T20:30:00Z","2018-11-08T21:00:00Z",,,,,,,,1,,,1
"2018-11-08T21:00:00Z","2018-11-08T21:30:00Z",,,,,,,,1,,,1
"2018-11-08T21:30:00Z","2018-11-08T22:00:00Z",,,,,,,,1,,,1
"2018-11-08T22:00:00Z","2018-11-08T22:30:00Z",,,,,,,,1,,,1
"2018-11-08T22:30:00Z","2018-11-08T23:00:00Z",,,,,,,,1,,,1
"2018-11-08T23:00:00Z","2018-11-08T23:30:00Z",,,,,,,,1,,,1
"2018-11-08T23:30:00Z","2018-11-09T00:00:00Z",,,,,,,,1,,,1
"2018-11-09T00:00:00Z","2018-11-09T00:30:00Z",,,,,,,,1,,,1
"2018-11-09T00:30:00Z","2018-11-09T01:00:00Z",,,,,,,,1,,,1
"2018-11-09T01:00:00Z","2018-11-09T01:30:00Z",,,,,,,,1,,,1
"2018-11-09T01:30:00Z","2018-11-09T02:00:00Z",,,,,,,,1,,,1
"2018-11-09T02:00:00Z","2018-11-09T02:30:00Z",,,,,,,,1,,,1
"2018-11-09T02:30:00Z","2018-11-09T03:00:00Z",,,,,,,,1,,,1
"2018-11-09T03:00:00Z","2018-11-09T03:30:00Z",,,,,,,,1,,,1
"2018-11-09T03:30:00Z","2018-11-09T04:00:00Z",,,,,,,,1,,,1
"2018-11-09T04:00:00Z","2018-11-09T04:30:00Z",,,,,,,,1,,,1
"2018-11-09T04:30:00Z","2018-11-09T05:00:00Z",,,,,,,,1,,,1
"2018-11-09T05:00:00Z","2018-11-09T05:30:00Z",,,,,,,,1,,,1
"2018-11-09T05:30:00Z","2018-11-09T06:00:00Z",,,,,,,,1,,,1
"2018-11-09T06:00:00Z","2018-11-09T06:30:00Z",,,,,,,,1,,,1
"2018-11-09T06:30:00Z","2018-11-09T07:00:00Z",,,,,,,,1,,,1
"2018-11-09T07:00:00Z","2018-11-09T07:30:00Z",,,,,,,,1,,,1
"2018-11-09T07:30:00Z","2018-11-09T08:00:00Z",,,,,,,,1,,,1
"2018-11-09T08:00:00Z","2018-11-09T08:30:00Z",,,,,,,,1,,,1
"2018-11-09T08:30:00Z","2018-11-09T09:00:00Z",,,,,,,,1,,,1
"2018-11-09T09:00:00Z","2018-11-09T09:30:00Z",,,,,,,,1,,,1
"2018-11-09T09:30:00Z","2018-11-09T10:00:00Z",,,,,,,,1,,,1
"2018-11-09T10:00:00Z","2018-11-09T10:30:00Z",,,,,,,,1,,,1
"2018-11-09T10:30:00Z","2018-11-09T11:00:00Z",,,,,,,,1,,,1
"2018-11-09T11:00:00Z","2018-11-09T11:30:00Z",,,,,,,,1,,,1
"2018-11-09T11:30:00Z","2018-11-09T12:00:00Z",,,,,,,,1,,,1
"2018-11-09T12:00:00Z","2018-11-09T12:30:00Z",,,,,,,,1,,,1
"2018-11-09T12:30:00Z","2018-11-09T13:00:00Z",,,,,,,,1,,,1
"2018-11-09T13:00:00Z","2018-11-09T13:30:00Z",,,,,,,,1,,,1
"2018-11-09T13:30:00Z","2018-11-09T14:00:00Z",,,,,,,,1,,,1
"2018-11-09T14:00:00Z","2018-11-09T14:30:00Z",,,,,,,,1,,,1
"2018-11-09T14:30:00Z","2018-11-09T15:00:00Z",,,,,,,,1,,,1
"2018-11-09T15:00:00Z","2018-11-09T15:30:00Z",,,,,,,,1,,,1
"2018-11-09T15:30:00Z","2018-11-09T16:00:00Z",,,,,,,,1,,,1
"2018-11-09T16:00:00Z","2018-11-09T16:30:00Z",,,,,,,,1,,,1
"2018-11-09T16:30:00Z","2018-11-09T17:00:00Z",,,,,,,,1,,,1
"2018-11-09T17:00:00Z","2018-11-09T17:30:00Z",,,,,,,,1,,,1
"2018-11-09T17:30:00Z","2018-11-09T18:00:00Z",,,,,,,,1,,,1
"2018-11-09T18:00:00Z","2018-11-09T18:30:00Z",,,,,,,,1,,,1
"2018-11-09T18:30:00Z","2018-11-09T19:00:00Z",,,,,,,,1,,,1
"2018-11-09T19:00:00Z","2018-11-09T19:30:00Z",,,,,,,,1,,,1
"2018-11-09T19:30:00Z","2018-11-09T20:00:00Z",,,,,,,,1,,,1
"2018-11-09T20:00:00Z","2018-11-09T20:30:00Z",,,,,,,,1,,,1
"2018-11-09T20:30:00Z","2018-11-09T21:00:00Z",,,,,,,,1,,,1
"2018-11-09T21:00:00Z","2018-11-09T21:30:00Z",,,,,,,,1,,,1
"2018-11-09T21:30:00Z","2018-11-09T22:00:00Z",,,,,,,,1,,,1
"2018-11-09T22:00:00Z","2018-11-09T22:30:00Z",,,,,,,,1,,,1
"2018-11-09T22:30:00Z","2018-11-09T23:00:00Z",,,,,,,,1,,,1
"2018-11-09T23:00:00Z","2018-11-09T23:30:00Z",,,,,,,,1,,,1
"2018-11-09T23:30:00Z","2018-11-10T00:00:00Z",,,,,,,,1,,,1
"2018-11-10T00:00:00Z","2018-11-10T00:30:00Z",,,,,,,,1,,,1
"2018-11-10T00:30:00Z","2018-11-10T01:00:00Z",,,,,,,,1,,,1
"2018-11-10T01:00:00Z","2018-11-10T01:30:00Z",,,,,,,,1,,,1
"2018-11-10T01:30:00Z","2018-11-10T02:00:00Z",,,,,,,,1,,,1
"2018-11-10T02:00:00Z","2018-11-10T02:30:00Z",,,,,,,,1,,,1
"2018-11-10T02:30:00Z","2018-11-10T03:00:00Z",,,,,,,,1,,,1
"2018-11-10T03:00:00Z","2018-11-10T03:30:00Z",,,,,,,,1,,,1
"2018-11-10T03:30:00Z","2018-11-10T04:00:00Z",,,,,,,,1,,,1
"2018-11-10T04:00:00Z","2018-11-10T04:30:00Z",,,,,,,,1,,,1
"2018-11-10T04:30:00Z","2018-11-10T05:00:00Z",,,,,,,,1,,,1
"2018-11-10T05:00:00Z","2018-11-10T05:30:00Z",,,,,,,,1,,,1
"2018-11-10T05:30:00Z","2018-11-10T06:00:00Z",,,,,,,,1,,,1
"2018-11-10T06:00:00Z","2018-11-10T06:30:00Z",,,,,,,,1,,,1
"2018-11-10T06:30:00Z","2018-11-10T07:00:00Z",,,,,,,,1,,,1
"2018-11-10T07:00:00Z","2018-11-10T07:30:00Z",,,,,,,,1,,,1
"2018-11-10T07:30:00Z","2018-11-10T08:00:00Z",,,,,,,,1,,,1
"2018-11-10T08:00:00Z","2018-11-10T08:30:00Z",,,,,,,,1,,,1
"2018-11-10T08:30:00Z","2018-11-10T09:00:00Z",,,,,,,,1,,,1
"2018-11-10T09:00:00Z","2018-11-10T09:30:00Z",,,,,,,,1,,,1
"2018-11-10T09:30:00Z","2018-11-10T10:00:00Z",,,,,,,,1,,,1
"2018-11-10T10:00:00Z","2018-11-10T10:30:00Z",,,,,,,,1,,,1
"2018-11-10T10:30:00Z","2018-11-10T11:00:00Z",,,,,,,,1,,,1
"2018-11-10T11:00:00Z","2018-11-10T11:30:00Z",,,,,,,,1,,,1
"2018-11-10T11:30:00Z","2018-11-10T12:00:00Z",,,,,,,,1,,,1
"2018-11-10T12:00:00Z","2018-11-10T12:30:00Z",,,,,,,,1,,,1
"2018-11-10T12:30:00Z","2018-11-10T13:00:00Z",,,,,,,,1,,,1
"2018-11-10T13:00:00Z","2018-11-10T13:30:00Z",,,,,,,,1,,,1
"2018-11-10T13:30:00Z","2018-11-10T14:00:00Z",,,,,,,,1,,,1
"2018-11-10T14:00:00Z","2018-11-10T14:30:00Z",,,,,,,,1,,,1
"2018-11-10T14:30:00Z","2018-11-10T15:00:00Z",,,,,,,,1,,,1
"2018-11-10T15:00:00Z","2018-11-10T15:30:00Z",,,,,,,,1,,,1
"2018-11-10T15:30:00Z","2018-11-10T16:00:00Z",,,,,,,,1,,,1
"2018-11-10T16:00:00Z","2018-11-10T16:30:00Z",,,,,,,,1,,,1
"2018-11-10T16:30:00Z","2018-11-10T17:00:00Z",,,,,,,,1,,,1
"2018-11-10T17:00:00Z","2018-11-10T17:30:00Z",,,,,,,,1,,,1
"2018-11-10T17:30:00Z","2018-11-10T18:00:00Z",,,,,,,,1,,,1
"2018-11-10T18:00:00Z","2018-11-10T18:30:00Z",,,,,,,,1,,,1
"2018-11-10T18:30:00Z","2018-11-10T19:00:00Z",,,,,,,,1,,,1
"2018-11-10T19:00:00Z","2018-11-10T19:30:00Z",,,,,,,,1,,,1
"2018-11-10T19:30:00Z","2018-11-10T20:00:00Z",,,,,,,,1,,,1
"2018-11-10T20:00:00Z","2018-11-10T20:30:00Z",,,,,,,,1,,,1
"2018-11-10T20:30:00Z","2018-11-10T21:00:00Z",,,,,,,,1,,,1
"2018-11-10T21:00:00Z","2018-11-10T21:30:00Z",,,,,,,,1,,,1
"2018-11-10T21:30:00Z","2018-11-10T22:00:00Z",,,,,,,,1,,,1
"2018-11-10T22:00:00Z","2018-11-10T22:30:00Z",,,,,,,,1,,,1
"2018-11-10T22:30:00Z","2018-11-10T23:00:00Z",,,,,,,,1,,,1
"2018-11-10T23:00:00Z","2018-11-10T23:30:00Z",,,,,,,,1,,,1
"2018-11-10T23:30:00Z","2018-11-11T00:00:00Z",,,,,,,,1,,,1
"2018-11-11T00:00:00Z","2018-11-11T00:30:00Z",,,,,,,,1,,,1
"2018-11-11T00:30:00Z","2018-11-11T01:00:00Z",,,,,,,,1,,,1
"2018-11-11T01:00:00Z","2018-11-11T01:30:00Z",,,,,,,,1,,,1
"2018-11-11T01:30:00Z","2018-11-11T02:00:00Z",,,,,,,,1,,,1
"2018-11-11T02:00:00Z","2018-11-11T02:30:00Z",,,,,,,,1,,,1
"2018-11-11T02:30:00Z","2018-11-11T03:00:00Z",,,,,,,,1,,,1
"2018-11-11T03:00:00Z","2018-11-11T03:30:00Z",,,,,,,,1,,,1
"2018-11-11T03:30:00Z","2018-11-11T04:00:00Z",,,,,,,,1,,,1
"2018-11-11T04:00:00Z","2018-11-11T04:30:00Z",,,,,,,,1,,,1
"2018-11-11T04:30:00Z","2018-11-11T05:00:00Z",,,,,,,,1,,,1
"2018-11-11T05:00:00Z","2018-11-11T05:30:00Z",,,,,,,,1,,,1
"2018-11-11T05:30:00Z","2018-11-11T06:00:00Z",,,,,,,,1,,,1
"2018-11-11T06:00:00Z","2018-11-11T06:30:00Z",,,,,,,,1,,,1
"2018-11-11T06:30:00Z","2018-11-11T07:00:00Z",,,,,,,,1,,,1
"2018-11-11T07:00:00Z","2018-11-11T07:30:00Z",,,,,,,,1,,,1
"2018-11-11T07:30:00Z","2018-11-11T08:00:00Z",,,,,,,,1,,,1
"2018-11-11T08:00:00Z","2018-11-11T08:30:00Z",,,,,,,,1,,,1
"2018-11-11T08:30:00Z","2018-11-11T09:00:00Z",,,,,,,,1,,,1
"2018-11-11T09:00:00Z","2018-11-11T09:30:00Z",,,,,,,,1,,,1
"2018-11-11T09:30:00Z","2018-11-11T10:00:00Z",,,,,,,,1,,,1
"2018-11-11T10:00:00Z","2018-11-11T10:30:00Z",,,,,,,,1,,,1
"2018-11-11T10:30:00Z","2018-11-11T11:00:00Z",,,,,,,,1,,,1
"2018-11-11T11:00:00Z","2018-11-11T11:30:00Z",,,,,,,,1,,,1
"2018-11-11T11:30:00Z","2018-11-11T12:00:00Z",,,,,,,,1,,,1
"2018-11-11T12:00:00Z","2018-11-11T12:30:00Z",,,,,,,,1,,,1
"2018-11-11T12:30:00Z","2018-11-11T13:00:00Z",,,,,,,,1,,,1
"2018-11-11T13:00:00Z","2018-11-11T13:30:00Z",,,,,,,,1,,,1
"2018-11-11T13:30:00Z","2018-11-11T14:00:00Z",,,,,,,,1,,,1
"2018-11-11T14:00:00Z","2018-11-11T14:30:00Z",,,,,,,,1,,,1
"2018-11-11T14:30:00Z","2018-11-11T15:00:00Z",,,,,,,,1,,,1
"2018-11-11T15:00:00Z","2018-11-11T15:30:00Z",,,,,,,,1,,,1
"2018-11-11T15:30:00Z","2018-11-11T16:00:00Z",,,,,,,,1,,,1
"2018-11-11T16:00:00Z","2018-11-11T16:30:00Z",,,,,,,,1,,,1
"2018-11-11T16:30:00Z","2018-11-11T17:00:00Z",,,,,,,,1,,,1
"2018-11-11T17:00:00Z","2018-11-11T17:30:00Z",,,,,,,,1,,,1
"2018-11-11T17:30:00Z","2018-11-11T18:00:00Z",,,,,,,,1,,,1
"2018-11-11T18:00:00Z","2018-11-11T18:30:00Z",,,,,,,,1,,,1
"2018-11-11T18:30:00Z","2018-11-11T19:00:00Z",,,,,,,,1,,,1
"2018-11-11T19:00:00Z","2018-11-11T19:30:00Z",,,,,,,,1,,,1
"2018-11-11T19:30:00Z","2018-11-11T20:00:00Z",,,,,,,,1,,,1
"2018-11-11T20:00:00Z","2018-11-11T20:30:00Z",,,,,,,,1,,,1
"2018-11-11T20:30:00Z","2018-11-11T21:00:00Z",,,,,,,,1,,,1
"2018-11-11T21:00:00Z","2018-11-11T21:30:00Z",,,,,,,,1,,,1
"2018-11-11T21:30:00Z","2018-11-11T22:00:00Z",,,,,,,,1,,,1
"2018-11-11T22:00:00Z","2018-11-11T22:30:00Z",,,,,,,,1,,,1
"2018-11-11T22:30:00Z","2018-11-11T23:00:00Z",,,,,,,,1,,,1
"2018-11-11T23:00:00Z","2018-11-11T23:30:00Z",,,,,,,,1,,,1
"2018-11-11T23:30:00Z","2018-11-12T00:00:00Z",,,,,,,,1,,,1
"2018-11-12T00:00:00Z","2018-11-12T00:30:00Z",,,,,,,,1,,,1
"2018-11-12T00:30:00Z","2018-11-12T01:00:00Z",,,,,,,,1,,,1
"2018-11-12T01:00:00Z","2018-11-12T01:30:00Z",,,,,,,,1,,,1
"2018-11-12T01:30:00Z","2018-11-12T02:00:00Z",,,,,,,,1,,,1
"2018-11-12T02:00:00Z","2018-11-12T02:30:00Z",,,,,,,,1,,,1
"2018-11-12T02:30:00Z","2018-11-12T03:00:00Z",,,,,,,,1,,,1
"2018-11-12T03:00:00Z","2018-11-12T03:30:00Z",,,,,,,,1,,,1
"2018-11-12T03:30:00Z","2018-11-12T04:00:00Z",,,,,,,,1,,,1
"2018-11-12T04:00:00Z","2018-11-12T04:30:00Z",,,,,,,,1,,,1
"2018-11-12T04:30:00Z","2018-11-12T05:00:00Z",,,,,,,,1,,,1
"2018-11-12T05:00:00Z","2018-11-12T05:30:00Z",,,,,,,,1,,,1
"2018-11-12T05:30:00Z","2018-11-12T06:00:00Z",,,,,,,,1,,,1
"2018-11-12T06:00:00Z","2018-11-12T06:30:00Z",,,,,,,,1,,,1
"2018-11-12T06:30:00Z","2018-11-12T07:00:00Z",,,,,,,,1,,,1
"2018-11-12T07:00:00Z","2018-11-12T07:30:00Z",,,,,,,,1,,,1
"2018-11-12T07:30:00Z","2018-11-12T08:00:00Z",,,,,,,,1,,,1
"2018-11-12T08:00:00Z","2018-11-12T08:30:00Z",,,,,,,,1,,,1
"2018-11-12T08:30:00Z","2018-11-12T09:00:00Z",,,,,,,,1,,,1
"2018-11-12T09:00:00Z","2018-11-12T09:30:00Z",,,,,,,,1,,,1
"2018-11-12T09:30:00Z","2018-11-12T10:00:00Z",,,,,,,,1,,,1
"2018-11-12T10:00:00Z","2018-11-12T10:30:00Z",,,,,,,,1,,,1
"2018-11-12T10:30:00Z","2018-11-12T11:00:00Z",,,,,,,,1,,,1
"2018-11-12T11:00:00Z","2018-11-12T11:30:00Z",,,,,,,,1,,,1
"2018-11-12T11:30:00Z","2018-11-12T12:00:00Z",,,,,,,,1,,,1
"2018-11-12T12:00:00Z","2018-11-12T12:30:00Z",,,,,,,,1,,,1
"2018-11-12T12:30:00Z","2018-11-12T13:00:00Z",,,,,,,,1,,,1
"2018-11-12T13:00:00Z","2018-11-12T13:30:00Z",,,,,,,,1,,,1
"2018-11-12T13:30:00Z","2018-11-12T14:00:00Z",,,,,,,,1,,,1
"2018-11-12T14:00:00Z","2018-11-12T14:30:00Z",,,,,,,,1,,,1
"2018-11-12T14:30:00Z","2018-11-12T15:00:00Z",,,,,,,,1,,,1
"2018-11-12T15:00:00Z","2018-11-12T15:30:00Z",,,,,,,,1,,,1
"2018-11-12T15:30:00Z","2018-11-12T16:00:00Z",,,,,,,,1,,,1
"2018-11-12T16:00:00Z","2018-11-12T16:30:00Z",,,,,,,,1,,,1
"2018-11-12T16:30:00Z","2018-11-12T17:00:00Z",,,,,,,,1,,,1
"2018-11-12T17:00:00Z","2018-11-12T17:30:00Z",,,,,,,,1,,,1
"2018-11-12T17:30:00Z","2018-11-12T18:00:00Z",,,,,,,,1,,,1
"2018-11-12T18:00:00Z","2018-11-12T18:30:00Z",,,,,,,,1,,,1
"2018-11-12T18:30:00Z","2018-11-12T19:00:00Z",,,,,,,,1,,,1
"2018-11-12T19:00:00Z","2018-11-12T19:30:00Z",,,,,,,,1,,,1
"2018-11-12T19:30:00Z","2018-11-12T20:00:00Z",,,,,,,,1,,,1
"2018-11-12T20:00:00Z","2018-11-12T20:30:00Z",,,,,,,,1,,,1
"2018-11-12T20:30:00Z","2018-11-12T21:00:00Z",,,,,,,,1,,,1
"2018-11-12T21:00:00Z","2018-11-12T21:30:00Z",,,,,,,,1,,,1
"2018-11-12T21:30:00Z","2018-11-12T22:00:00Z",,,,,,,,1,,,1
"2018-11-12T22:00:00Z","2018-11-12T22:30:00Z",,,,,,,,1,,,1
"2018-11-12T22:30:00Z","2018-11-12T23:00:00Z",,,,,,,,1,,,1
"2018-11-12T23:00:00Z","2018-11-12T23:30:00Z",,,,,,,,1,,,1
"2018-11-12T23:30:00Z","2018-11-13T00:00:00Z",,,,,,,,1,,,1
"2018-11-13T00:00:00Z","2018-11-13T00:30:00Z",,,,,,,,1,,,1
"2018-11-13T00:30:00Z","2018-11-13T01:00:00Z",,,,,,,,1,,,1
"2018-11-13T01:00:00Z","2018-11-13T01:30:00Z",,,,,,,,1,,,1
"2018-11-13T01:30:00Z","2018-11-13T02:00:00Z",,,,,,,,1,,,1
"2018-11-13T02:00:00Z","2018-11-13T02:30:00Z",,,,,,,,1,,,1
"2018-11-13T02:30:00Z","2018-11-13T03:00:00Z",,,,,,,,1,,,1
"2018-11-13T03:00:00Z","2018-11-13T03:30:00Z",,,,,,,,1,,,1
"2018-11-13T03:30:00Z","2018-11-13T04:00:00Z",,,,,,,,1,,,1
"2018-11-13T04:00:00Z","2018-11-13T04:30:00Z",,,,,,,,1,,,1
"2018-11-13T04:30:00Z","2018-11-13T05:00:00Z",,,,,,,,1,,,1
"2018-11-13T05:00:00Z","2018-11-13T05:30:00Z",,,,,,,,1,,,1
"2018-11-13T05:30:00Z","2018-11-13T06:00:00Z",,,,,,,,1,,,1
"2018-11-13T06:00:00Z","2018-11-13T06:30:00Z",,,,,,,,1,,,1
"2018-11-13T06:30:00Z","2018-11-13T07:00:00Z",,,,,,,,1,,,1
"2018-11-13T07:00:00Z","2018-11-13T07:30:00Z",,,,,,,,1,,,1
"2018-11-13T07:30:00Z","2018-11-13T08:00:00Z",,,,,,,,1,,,1
"2018-11-13T08:00:00Z","2018-11-13T08:30:00Z",,,,,,,,1,,,1
"2018-11-13T08:30:00Z","2018-11-13T09:00:00Z",,,,,,,,1,,,1
"2018-11-13T09:00:00Z","2018-11-13T09:30:00Z",,,,,,,,1,,,1
"2018-11-13T09:30:00Z","2018-11-13T10:00:00Z",,,,,,,,1,,,1
"2018-11-13T10:00:00Z","2018-11-13T10:30:00Z",,,,,,,,1,,,1
"2018-11-13T10:30:00Z","2018-11-13T11:00:00Z",,,,,,,,1,,,1
"2018-11-13T11:00:00Z","2018-11-13T11:30:00Z",,,,,,,,1,,,1
"2018-11-13T11:30:00Z","2018-11-13T12:00:00Z",,,,,,,,1,,,1
"2018-11-13T12:00:00Z","2018-11-13T12:30:00Z",,,,,,,,1,,,1
"2018-11-13T12:30:00Z","2018-11-13T13:00:00Z",,,,,,,,1,,,1
"2018-11-13T13:00:00Z","2018-11-13T13:30:00Z",,,,,,,,1,,,1
"2018-11-13T13:30:00Z","2018-11-13T14:00:00Z",,,,,,,,1,,,1
"2018-11-13T14:00:00Z","2018-11-13T14:30:00Z",,,,,,,,1,,,1
"2018-11-13T14:30:00Z","2018-11-13T15:00:00Z",,,,,,,,1,,,1
"2018-11-13T15:00:00Z","2018-11-13T15:30:00Z",,,,,,,,1,,,1
"2018-11-13T15:30:00Z","2018-11-13T16:00:00Z",,,,,,,,1,,,1
"2018-11-13T16:00:00Z","2018-11-13T16:30:00Z",,,,,,,,1,,,1
"2018-11-13T16:30:00Z","2018-11-13T17:00:00Z",,,,,,,,1,,,1
"2018-11-13T17:00:00Z","2018-11-13T17:30:00Z",,,,,,,,1,,,1
"2018-11-13T17:30:00Z","2018-11-13T18:00:00Z",,,,,,,,1,,,1
"2018-11-13T18:00:00Z","2018-11-13T18:30:00Z",,,,,,,,1,,,1
"2018-11-13T18:30:00Z","2018-11-13T19:00:00Z",,,,,,,,1,,,1
"2018-11-13T19:00:00Z","2018-11-13T19:30:00Z",,,,,,,,1,,,1
"2018-11-13T19:30:00Z","2018-11-13T20:00:00Z",,,,,,,,1,,,1
"2018-11-13T20:00:00Z","2018-11-13T20:30:00Z",,,,,,,,1,,,1
"2018-11-13T20:30:00Z","2018-11-13T21:00:00Z",,,,,,,,1,,,1
"2018-11-13T21:00:00Z","2018-11-13T21:30:00Z",,,,,,,,1,,,1
"2018-11-13T21:30:00Z","2018-11-13T22:00:00Z",,,,,,,,1,,,1
"2018-11-13T22:00:00Z","2018-11-13T22:30:00Z",,,,,,,,1,,,1
"2018-11-13T22:30:00Z","2018-11-13T23:00:00Z",,,,,,,,1,,,1
"2018-11-13T23:00:00Z","2018-11-13T23:30:00Z",,,,,,,,1,,,1
"2018-11-13T23:30:00Z","2018-11-14T00:00:00Z",,,,,,,,1,,,1
"2018-11-14T00:00:00Z","2018-11-14T00:30:00Z",,,,,,,,1,,,1
"2018-11-14T00:30:00Z","2018-11-14T01:00:00Z",,,,,,,,1,,,1
"2018-11-14T01:00:00Z","2018-11-14T01:30:00Z",,,,,,,,1,,,1
"2018-11-14T01:30:00Z","2018-11-14T02:00:00Z",,,,,,,,1,,,1
"2018-11-14T02:00:00Z","2018-11-14T02:30:00Z",,,,,,,,1,,,1
"2018-11-14T02:30:00Z","2018-11-14T03:00:00Z",,,,,,,,1,,,1
"2018-11-14T03:00:00Z","2018-11-14T03:30:00Z",,,,,,,,1,,,1
"2018-11-14T03:30:00Z","2018-11-14T04:00:00Z",,,,,,,,1,,,1
"2018-11-14T04:00:00Z","2018-11-14T04:30:00Z",,,,,,,,1,,,1
"2018-11-14T04:30:00Z","2018-11-14T05:00:00Z",,,,,,,,1,,,1
"2018-11-14T05:00:00Z","2018-11-14T05:30:00Z",,,,,,,,1,,,1
"2018-11-14T05:30:00Z","2018-11-14T06:00:00Z",,,,,,,,1,,,1
"2018-11-14T06:00:00Z","2018-11-14T06:30:00Z",,,,,,,,1,,,1
"2018-11-14T06:30:00Z","2018-11-14T07:00:00Z",,,,,,,,1,,,1
"2018-11-14T07:00:00Z","2018-11-14T07:30:00Z",,,,,,,,1,,,1
"2018-11-14T07:30:00Z","2018-11-14T08:00:00Z",,,,,,,,1,,,1
"2018-11-14T08:00:00Z","2018-11-14T08:30:00Z",,,,,,,,1,,,1
"2018-11-14T08:30:00Z","2018-11-14T09:00:00Z",,,,,,,,1,,,1
"2018-11-14T09:00:00Z","2018-11-14T09:30:00Z",,,,,,,,1,,,1
"2018-11-14T09:30:00Z","2018-11-14T10:00:00Z",,,,,,,,1,,,1
"2018-11-14T10:00:00Z","2018-11-14T10:30:00Z",,,,,,,,1,,,1
"2018-11-14T10:30:00Z","2018-11-14T11:00:00Z",,,,,,,,1,,,1
"2018-11-14T11:00:00Z","2018-11-14T11:30:00Z",,,,,,,,1,,,1
"2018-11-14T11:30:00Z","2018-11-14T12:00:00Z",,,,,,,,1,,,1
"2018-11-14T12:00:00Z","2018-11-14T12:30:00Z",,,,,,,,1,,,1
"2018-11-14T12:30:00Z","2018-11-14T13:00:00Z",,,,,,,,1,,,1
"2018-11-14T13:00:00Z","2018-11-14T13:30:00Z",,,,,,,,1,,,1
"2018-11-14T13:30:00Z","2018-11-14T14:00:00Z",,,,,,,,1,,,1
"2018-11-14T14:00:00Z","2018-11-14T14:30:00Z",,,,,,,,1,,,1
"2018-11-14T14:30:00Z","2018-11-14T15:00:00Z",,,,,,,,1,,,1
"2018-11-14T15:00:00Z","2018-11-14T15:30:00Z",,,,,,,,1,,,1
"2018-11-14T15:30:00Z","2018-11-14T16:00:00Z",,,,,,,,1,,,1
"2018-11-14T16:00:00Z","2018-11-14T16:30:00Z",,,,,,,,1,,,1
"2018-11-14T16:30:00Z","2018-11-14T17:00:00Z",,,,,,,,1,,,1
"2018-11-14T17:00:00Z","2018-11-14T17:30:00Z",,,,,,,,1,,,1
"2018-11-14T17:30:00Z","2018-11-14T18:00:00Z",,,,,,,,1,,,1
"2018-11-14T18:00:00Z","2018-11-14T18:30:00Z",,,,,,,,1,,,1
"2018-11-14T18:30:00Z","2018-11-14T19:00:00Z",,,,,,,,1,,,1
"2018-11-14T19:00:00Z","2018-11-14T19:30:00Z",,,,,,,,1,,,1
"2018-11-14T19:30:00Z","2018-11-14T20:00:00Z",,,,,,,,1,,,1
"2018-11-14T20:00:00Z","2018-11-14T20:30:00Z",,,,,,,,1,,,1
"2018-11-14T20:30:00Z","2018-11-14T21:00:00Z",,,,,,,,1,,,1
"2018-11-14T21:00:00Z","2018-11-14T21:30:00Z",,,,,,,,1,,,1
"2018-11-14T21:30:00Z","2018-11-14T22:00:00Z",,,,,,,,1,,,1
"2018-11-14T22:00:00Z","2018-11-14T22:30:00Z",,,,,,,,1,,,1
"2018-11-14T22:30:00Z","2018-11-14T23:00:00Z",,,,,,,,1,,,1
"2018-11-14T23:00:00Z","2018-11-14T23:30:00Z",,,,,,,,1,,,1
"2018-11-14T23:30:00Z","2018-11-15T00:00:00Z",,,,,,,,1,,,1
"2018-11-15T00:00:00Z","2018-11-15T00:30:00Z",,,,,,,,1,,,1
"2018-11-15T00:30:00Z","2018-11-15T01:00:00Z",,,,,,,,1,,,1
"2018-11-15T01:00:00Z","2018-11-15T01:30:00Z",,,,,,,,1,,,1
"2018-11-15T01:30:00Z","2018-11-15T02:00:00Z",,,,,,,,1,,,1
"2018-11-15T02:00:00Z","2018-11-15T02:30:00Z",,,,,,,,1,,,1
"2018-11-15T02:30:00Z","2018-11-15T03:00:00Z",,,,,,,,1,,,1
"2018-11-15T03:00:00Z","2018-11-15T03:30:00Z",,,,,,,,1,,,1
"2018-11-15T03:30:00Z","2018-11-15T04:00:00Z",,,,,,,,1,,,1
"2018-11-15T04:00:00Z","2018-11-15T04:30:00Z",,,,,,,,1,,,1
"2018-11-15T04:30:00Z","2018-11-15T05:00:00Z",,,,,,,,1,,,1
"2018-11-15T05:00:00Z","2018-11-15T05:30:00Z",,,,,,,,1,,,1
"2018-11-15T05:30:00Z","2018-11-15T06:00:00Z",,,,,,,,1,,,1
"2018-11-15T06:00:00Z","2018-11-15T06:30:00Z",,,,,,,,1,,,1
"2018-11-15T06:30:00Z","2018-11-15T07:00:00Z",,,,,,,,1,,,1
"2018-11-15T07:00:00Z","2018-11-15T07:30:00Z",,,,,,,,1,,,1
"2018-11-15T07:30:00Z","2018-11-15T08:00:00Z",,,,,,,,1,,,1
"2018-11-15T08:00:00Z","2018-11-15T08:30:00Z",,,,,,,,1,,,1
"2018-11-15T08:30:00Z","2018-11-15T09:00:00Z",,,,,,,,1,,,1
"2018-11-15T09:00:00Z","2018-11-15T09:30:00Z",,,,,,,,1,,,1
"2018-11-15T09:30:00Z","2018-11-15T10:00:00Z",,,,,,,,1,,,1
"2018-11-15T10:00:00Z","2018-11-15T10:30:00Z",,,,,,,,1,,,1
"2018-11-15T10:30:00Z","2018-11-15T11:00:00Z",,,,,,,,1,,,1
"2018-11-15T11:00:00Z","2018-11-15T11:30:00Z",,,,,,,,1,,,1
"2018-11-15T11:30:00Z","2018-11-15T12:00:00Z",,,,,,,,1,,,1
"2018-11-15T12:00:00Z","2018-11-15T12:30:00Z",,,,,,,,1,,,1
"2018-11-15T12:30:00Z","2018-11-15T13:00:00Z",,,,,,,,1,,,1
"2018-11-15T13:00:00Z","2018-11-15T13:30:00Z",,,,,,,,1,,,1
"2018-11-15T13:30:00Z","2018-11-15T14:00:00Z",,,,,,,,1,,,1
"2018-11-15T14:00:00Z","2018-11-15T14:30:00Z",,,,,,,,1,,,1
"2018-11-15T14:30:00Z","2018-11-15T15:00:00Z",,,,,,,,1,,,1
"2018-11-15T15:00:00Z","2018-11-15T15:30:00Z",,,,,,,,1,,,1
"2018-11-15T15:30:00Z","2018-11-15T16:00:00Z",,,,,,,,1,,,1
"2018-11-15T16:00:00Z","2018-11-15T16:30:00Z",,,,,,,,1,,,1
"2018-11-15T16:30:00Z","2018-11-15T17:00:00Z",,,,,,,,1,,,1
"2018-11-15T17:00:00Z","2018-11-15T17:30:00Z",,,,,,,,1,,,1
"2018-11-15T17:30:00Z","2018-11-15T18:00:00Z",,,,,,,,1,,,1
"2018-11-15T18:00:00Z","2018-11-15T18:30:00Z",,,,,,,,1,,,1
"2018-11-15T18:30:00Z","2018-11-15T19:00:00Z",,,,,,,,1,,,1
"2018-11-15T19:00:00Z","2018-11-15T19:30:00Z",,,,,,,,1,,,1
"2018-11-15T19:30:00Z","2018-11-15T20:00:00Z",,,,,,,,1,,,1
"2018-11-15T20:00:00Z","2018-11-15T20:30:00Z",,,,,,,,1,,,1
"2018-11-15T20:30:00Z","2018-11-15T21:00:00Z",,,,,,,,1,,,1
"2018-11-15T21:00:00Z","2018-11-15T21:30:00Z",,,,,,,,1,,,1
"2018-11-15T21:30:00Z","2018-11-15T22:00:00Z",,,,,,,,1,,,1
"2018-11-15T22:00:00Z","2018-11-15T22:30:00Z",,,,,,,,1,,,1
"2018-11-15T22:30:00Z","2018-11-15T23:00:00Z",,,,,,,,1,,,1
"2018-11-15T23:00:00Z","2018-11-15T23:30:00Z",,,,,,,,1,,,1
"2018-11-15T23:30:00Z","2018-11-16T00:00:00Z",,,,,,,,1,,,1
"2018-11-16T00:00:00Z","2018-11-16T00:30:00Z",,,,,,,,1,,,1
"2018-11-16T00:30:00Z","2018-11-16T01:00:00Z",,,,,,,,1,,,1
"2018-11-16T01:00:00Z","2018-11-16T01:30:00Z",,,,,,,,1,,,1
"2018-11-16T01:30:00Z","2018-11-16T02:00:00Z",,,,,,,,1,,,1
"2018-11-16T02:00:00Z","2018-11-16T02:30:00Z",,,,,,,,1,,,1
"2018-11-16T02:30:00Z","2018-11-16T03:00:00Z",,,,,,,,1,,,1
"2018-11-16T03:00:00Z","2018-11-16T03:30:00Z",,,,,,,,1,,,1
"2018-11-16T03:30:00Z","2018-11-16T04:00:00Z",,,,,,,,1,,,1
"2018-11-16T04:00:00Z","2018-11-16T04:30:00Z",,,,,,,,1,,,1
"2018-11-16T04:30:00Z","2018-11-16T05:00:00Z",,,,,,,,1,,,1
"2018-11-16T05:00:00Z","2018-11-16T05:30:00Z",,,,,,,,1,,,1
"2018-11-16T05:30:00Z","2018-11-16T06:00:00Z",,,,,,,,1,,,1
"2018-11-16T06:00:00Z","2018-11-16T06:30:00Z",,,,,,,,1,,,1
"2018-11-16T06:30:00Z","2018-11-16T07:00:00Z",,,,,,,,1,,,1
"2018-11-16T07:00:00Z","2018-11-16T07:30:00Z",,,,,,,,1,,,1
"2018-11-16T07:30:00Z","2018-11-16T08:00:00Z",,,,,,,,1,,,1
"2018-11-16T08:00:00Z","2018-11-16T08:30:00Z",,,,,,,,1,,,1
"2018-11-16T08:30:00Z","2018-11-16T09:00:00Z",,,,,,,,1,,,1
"2018-11-16T09:00:00Z","2018-11-16T09:30:00Z",,,,,,,,1,,,1
"2018-11-16T09:30:00Z","2018-11-16T10:00:00Z",,,,,,,,1,,,1
"2018-11-16T10:00:00Z","2018-11-16T10:30:00Z",,,,,,,,1,,,1
"2018-11-16T10:30:00Z","2018-11-16T11:00:00Z",,,,,,,,1,,,1
"2018-11-16T11:00:00Z","2018-11-16T11:30:00Z",,,,,,,,1,,,1
"2018-11-16T11:30:00Z","2018-11-16T12:00:00Z",,,,,,,,1,,,1
"2018-11-16T12:00:00Z","2018-11-16T12:30:00Z",,,,,,,,1,,,1
"2018-11-16T12:30:00Z","2018-11-16T13:00:00Z",,,,,,,,1,,,1
"2018-11-16T13:00:00Z","2018-11-16T13:30:00Z",,,,,,,,1,,,1
"2018-11-16T13:30:00Z","2018-11-16T14:00:00Z",,,,,,,,1,,,1
"2018-11-16T14:00:00Z","2018-11-16T14:30:00Z",,,,,,,,1,,,1
"2018-11-16T14:30:00Z","2018-11-16T15:00:00Z",,,,,,,,1,,,1
"2018-11-16T15:00:00Z","2018-11-16T15:30:00Z",,,,,,,,1,,,1
"2018-11-16T15:30:00Z","2018-11-16T16:00:00Z",,,,,,,,1,,,1
"2018-11-16T16:00:00Z","2018-11-16T16:30:00Z",,,,,,,,1,,,1
"2018-11-16T16:30:00Z","2018-11-16T17:00:00Z",,,,,,,,1,,,1
"2018-11-16T17:00:00Z","2018-11-16T17:30:00Z",,,,,,,,1,,,1
"2018-11-16T17:30:00Z","2018-11-16T18:00:00Z",,,,,,,,1,,,1
"2018-11-16T18:00:00Z","2018-11-16T18:30:00Z",,,,,,,,1,,,1
"2018-11-16T18:30:00Z","2018-11-16T19:00:00Z",,,,,,,,1,,,1
"2018-11-16T19:00:00Z","2018-11-16T19:30:00Z",,,,,,,,1,,,1
"2018-11-16T19:30:00Z","2018-11-16T20:00:00Z",,,,,,,,1,,,1
"2018-11-16T20:00:00Z","2018-11-16T20:30:00Z",,,,,,,,1,,,1
"2018-11-16T20:30:00Z","2018-11-16T21:00:00Z",,,,,,,,1,,,1
"2018-11-16T21:00:00Z","2018-11-16T21:30:00Z",,,,,,,,1,,,1
"2018-11-16T21:30:00Z","2018-11-16T22:00:00Z",,,,,,,,1,,,1
"2018-11-16T22:00:00Z","2018-11-16T22:30:00Z",,,,,,,,1,,,1
"2018-11-16T22:30:00Z","2018-11-16T23:00:00Z",,,,,,,,1,,,1
"2018-11-16T23:00:00Z","2018-11-16T23:30:00Z",,,,,,,,1,,,1
"2018-11-16T23:30:00Z","2018-11-17T00:00:00Z",,,,,,,,1,,,1
"2018-11-17T00:00:00Z","2018-11-17T00:30:00Z",,,,,,,,1,,,1
"2018-11-17T00:30:00Z","2018-11-17T01:00:00Z",,,,,,,,1,,,1
"2018-11-17T01:00:00Z","2018-11-17T01:30:00Z",,,,,,,,1,,,1
"2018-11-17T01:30:00Z","2018-11-17T02:00:00Z",,,,,,,,1,,,1
"2018-11-17T02:00:00Z","2018-11-17T02:30:00Z",,,,,,,,1,,,1
"2018-11-17T02:30:00Z","2018-11-17T03:00:00Z",,,,,,,,1,,,1
"2018-11-17T03:00:00Z","2018-11-17T03:30:00Z",,,,,,,,1,,,1
"2018-11-17T03:30:00Z","2018-11-17T04:00:00Z",,,,,,,,1,,,1
"2018-11-17T04:00:00Z","2018-11-17T04:30:00Z",,,,,,,,1,,,1
"2018-11-17T04:30:00Z","2018-11-17T05:00:00Z",,,,,,,,1,,,1
"2018-11-17T05:00:00Z","2018-11-17T05:30:00Z",,,,,,,,1,,,1
"2018-11-17T05:30:00Z","2018-11-17T06:00:00Z",,,,,,,,1,,,1
"2018-11-17T06:00:00Z","2018-11-17T06:30:00Z",,,,,,,,1,,,1
"2018-11-17T06:30:00Z","2018-11-17T07:00:00Z",,,,,,,,1,,,1
"2018-11-17T07:00:00Z","2018-11-17T07:30:00Z",,,,,,,,1,,,1
"2018-11-17T07:30:00Z","2018-11-17T08:00:00Z",,,,,,,,1,,,1
"2018-11-17T08:00:00Z","2018-11-17T08:30:00Z",,,,,,,,1,,,1
"2018-11-17T08:30:00Z","2018-11-17T09:00:00Z",,,,,,,,1,,,1
"2018-11-17T09:00:00Z","2018-11-17T09:30:00Z",,,,,,,,1,,,1
"2018-11-17T09:30:00Z","2018-11-17T10:00:00Z",,,,,,,,1,,,1
"2018-11-17T10:00:00Z","2018-11-17T10:30:00Z",,,,,,,,1,,,1
"2018-11-17T10:30:00Z","2018-11-17T11:00:00Z",,,,,,,,1,,,1
"2018-11-17T11:00:00Z","2018-11-17T11:30:00Z",,,,,,,,1,,,1
"2018-11-17T11:30:00Z","2018-11-17T12:00:00Z",,,,,,,,1,,,1
"2018-11-17T12:00:00Z","2018-11-17T12:30:00Z",,,,,,,,1,,,1
"2018-11-17T12:30:00Z","2018-11-17T13:00:00Z",,,,,,,,1,,,1
"2018-11-17T13:00:00Z","2018-11-17T13:30:00Z",,,,,,,,1,,,1
"2018-11-17T13:30:00Z","2018-11-17T14:00:00Z",,,,,,,,1,,,1
"2018-11-17T14:00:00Z","2018-11-17T14:30:00Z",,,,,,,,1,,,1
"2018-11-17T14:30:00Z","2018-11-17T15:00:00Z",,,,,,,,1,,,1
"2018-11-17T15:00:00Z","2018-11-17T15:30:00Z",,,,,,,,1,,,1
"2018-11-17T15:30:00Z","2018-11-17T16:00:00Z",,,,,,,,1,,,1
"2018-11-17T16:00:00Z","2018-11-17T16:30:00Z",,,,,,,,1,,,1
"2018-11-17T16:30:00Z","2018-11-17T17:00:00Z",,,,,,,,1,,,1
"2018-11-17T17:00:00Z","2018-11-17T17:30:00Z",,,,,,,,1,,,1
"2018-11-17T17:30:00Z","2018-11-17T18:00:00Z",,,,,,,,1,,,1
"2018-11-17T18:00:00Z","2018-11-17T18:30:00Z",,,,,,,,1,,,1
"2018-11-17T18:30:00Z","2018-11-17T19:00:00Z",,,,,,,,1,,,1
"2018-11-17T19:00:00Z","2018-11-17T19:30:00Z",,,,,,,,1,,,1
"2018-11-17T19:30:00Z","2018-11-17T20:00:00Z",,,,,,,,1,,,1
"2018-11-17T20:00:00Z","2018-11-17T20:30:00Z",,,,,,,,1,,,1
"2018-11-17T20:30:00Z","2018-11-17T21:00:00Z",,,,,,,,1,,,1
"2018-11-17T21:00:00Z","2018-11-17T21:30:00Z",,,,,,,,1,,,1
"2018-11-17T21:30:00Z","2018-11-17T22:00:00Z",,,,,,,,1,,,1
"2018-11-17T22:00:00Z","2018-11-17T22:30:00Z",,,,,,,,1,,,1
"2018-11-17T22:30:00Z","2018-11-17T23:00:00Z",,,,,,,,1,,,1
"2018-11-17T23:00:00Z","2018-11-17T23:30:00Z",,,,,,,,1,,,1
"2018-11-17T23:30:00Z","2018-11-18T00:00:00Z",,,,,,,,1,,,1
"2018-11-18T00:00:00Z","2018-11-18T00:30:00Z",,,,,,,,1,,,1
"2018-11-18T00:30:00Z","2018-11-18T01:00:00Z",,,,,,,,1,,,1
"2018-11-18T01:00:00Z","2018-11-18T01:30:00Z",,,,,,,,1,,,1
"2018-11-18T01:30:00Z","2018-11-18T02:00:00Z",,,,,,,,1,,,1
"2018-11-18T02:00:00Z","2018-11-18T02:30:00Z",,,,,,,,1,,,1
"2018-11-18T02:30:00Z","2018-11-18T03:00:00Z",,,,,,,,1,,,1
"2018-11-18T03:00:00Z","2018-11-18T03:30:00Z",,,,,,,,1,,,1
"2018-11-18T03:30:00Z","2018-11-18T04:00:00Z",,,,,,,,1,,,1
"2018-11-18T04:00:00Z","2018-11-18T04:30:00Z",,,,,,,,1,,,1
"2018-11-18T04:30:00Z","2018-11-18T05:00:00Z",,,,,,,,1,,,1
"2018-11-18T05:00:00Z","2018-11-18T05:30:00Z",,,,,,,,1,,,1
"2018-11-18T05:30:00Z","2018-11-18T06:00:00Z",,,,,,,,1,,,1
"2018-11-18T06:00:00Z","2018-11-18T06:30:00Z",,,,,,,,1,,,1
"2018-11-18T06:30:00Z","2018-11-18T07:00:00Z",,,,,,,,1,,,1
"2018-11-18T07:00:00Z","2018-11-18T07:30:00Z",,,,,,,,1,,,1
"2018-11-18T07:30:00Z","2018-11-18T08:00:00Z",,,,,,,,1,,,1
"2018-11-18T08:00:00Z","2018-11-18T08:30:00Z",,,,,,,,1,,,1
"2018-11-18T08:30:00Z","2018-11-18T09:00:00Z",,,,,,,,1,,,1
"2018-11-18T09:00:00Z","2018-11-18T09:30:00Z",,,,,,,,1,,,1
"2018-11-18T09:30:00Z","2018-11-18T10:00:00Z",,,,,,,,1,,,1
"2018-11-18T10:00:00Z","2018-11-18T10:30:00Z",,,,,,,,1,,,1
"2018-11-18T10:30:00Z","2018-11-18T11:00:00Z",,,,,,,,1,,,1
"2018-11-18T11:00:00Z","2018-11-18T11:30:00Z",,,,,,,,1,,,1
"2018-11-18T11:30:00Z","2018-11-18T12:00:00Z",,,,,,,,1,,,1
"2018-11-18T12:00:00Z","2018-11-18T12:30:00Z",,,,,,,,1,,,1
"2018-11-18T12:30:00Z","2018-11-18T13:00:00Z",,,,,,,,1,,,1
"2018-11-18T13:00:00Z","2018-11-18T13:30:00Z",,,,,,,,1,,,1
"2018-11-18T13:30:00Z","2018-11-18T14:00:00Z",,,,,,,,1,,,1
"2018-11-18T14:00:00Z","2018-11-18T14:30:00Z",,,,,,,,1,,,1
"2018-11-18T14:30:00Z","2018-11-18T15:00:00Z",,,,,,,,1,,,1
"2018-11-18T15:00:00Z","2018-11-18T15:30:00Z",,,,,,,,1,,,1
"2018-11-18T15:30:00Z","2018-11-18T16:00:00Z",,,,,,,,1,,,1
"2018-11-18T16:00:00Z","2018-11-18T16:30:00Z",,,,,,,,1,,,1
"2018-11-18T16:30:00Z","2018-11-18T17:00:00Z",,,,,,,,1,,,1
"2018-11-18T17:00:00Z","2018-11-18T17:30:00Z",,,,,,,,1,,,1
"2018-11-18T17:30:00Z","2018-11-18T18:00:00Z",,,,,,,,1,,,1
"2018-11-18T18:00:00Z","2018-11-18T18:30:00Z",,,,,,,,1,,,1
"2018-11-18T18:30:00Z","2018-11-18T19:00:00Z",,,,,,,,1,,,1
"2018-11-18T19:00:00Z","2018-11-18T19:30:00Z",,,,,,,,1,,,1
"2018-11-18T19:30:00Z","2018-11-18T20:00:00Z",,,,,,,,1,,,1
"2018-11-18T20:00:00Z","2018-11-18T20:30:00Z",,,,,,,,1,,,1
"2018-11-18T20:30:00Z","2018-11-18T21:00:00Z",,,,,,,,1,,,1
"2018-11-18T21:00:00Z","2018-11-18T21:30:00Z",,,,,,,,1,,,1
"2018-11-18T21:30:00Z","2018-11-18T22:00:00Z",,,,,,,,1,,,1
"2018-11-18T22:00:00Z","2018-11-18T22:30:00Z",,,,,,,,1,,,1
"2018-11-18T22:30:00Z","2018-11-18T23:00:00Z",,,,,,,,1,,,1
"2018-11-18T23:00:00Z","2018-11-18T23:30:00Z",,,,,,,,1,,,1
"2018-11-18T23:30:00Z","2018-11-19T00:00:00Z",,,,,,,,1,,,1
"2018-11-19T00:00:00Z","2018-11-19T00:30:00Z",,,,,,,,1,,,1
"2018-11-19T00:30:00Z","2018-11-19T01:00:00Z",,,,,,,,1,,,1
"2018-11-19T01:00:00Z","2018-11-19T01:30:00Z",,,,,,,,1,,,1
"2018-11-19T01:30:00Z","2018-11-19T02:00:00Z",,,,,,,,1,,,1
"2018-11-19T02:00:00Z","2018-11-19T02:30:00Z",,,,,,,,1,,,1
"2018-11-19T02:30:00Z","2018-11-19T03:00:00Z",,,,,,,,1,,,1
"2018-11-19T03:00:00Z","2018-11-19T03:30:00Z",,,,,,,,1,,,1
"2018-11-19T03:30:00Z","2018-11-19T04:00:00Z",,,,,,,,1,,,1
"2018-11-19T04:00:00Z","2018-11-19T04:30:00Z",,,,,,,,1,,,1
"2018-11-19T04:30:00Z","2018-11-19T05:00:00Z",,,,,,,,1,,,1
"2018-11-19T05:00:00Z","2018-11-19T05:30:00Z",,,,,,,,1,,,1
"2018-11-19T05:30:00Z","2018-11-19T06:00:00Z",,,,,,,,1,,,1
"2018-11-19T06:00:00Z","2018-11-19T06:30:00Z",,,,,,,,1,,,1
"2018-11-19T06:30:00Z","2018-11-19T07:00:00Z",,,,,,,,1,,,1
"2018-11-19T07:00:00Z","2018-11-19T07:30:00Z",,,,,,,,1,,,1
"2018-11-19T07:30:00Z","2018-11-19T08:00:00Z",,,,,,,,1,,,1
"2018-11-19T08:00:00Z","2018-11-19T08:30:00Z",,,,,,,,1,,,1
"2018-11-19T08:30:00Z","2018-11-19T09:00:00Z",,,,,,,,1,,,1
"2018-11-19T09:00:00Z","2018-11-19T09:30:00Z",,,,,,,,1,,,1
"2018-11-19T09:30:00Z","2018-11-19T10:00:00Z",,,,,,,,1,,,1
"2018-11-19T10:00:00Z","2018-11-19T10:30:00Z",,,,,,,,1,,,1
"2018-11-19T10:30:00Z","2018-11-19T11:00:00Z",,,,,,,,1,,,1
"2018-11-19T11:00:00Z","2018-11-19T11:30:00Z",,,,,,,,1,,,1
"2018-11-19T11:30:00Z","2018-11-19T12:00:00Z",,,,,,,,1,,,1
"2018-11-19T12:00:00Z","2018-11-19T12:30:00Z",,,,,,,,1,,,1
"2018-11-19T12:30:00Z","2018-11-19T13:00:00Z",,,,,,,,1,,,1
"2018-11-19T13:00:00Z","2018-11-19T13:30:00Z",,,,,,,,1,,,1
"2018-11-19T13:30:00Z","2018-11-19T14:00:00Z",,,,,,,,1,,,1
"2018-11-19T14:00:00Z","2018-11-19T14:30:00Z",,,,,,,,1,,,1
"2018-11-19T14:30:00Z","2018-11-19T15:00:00Z",,,,,,,,1,,,1
"2018-11-19T15:00:00Z","2018-11-19T15:30:00Z",,,,,,,,1,,,1
"2018-11-19T15:30:00Z","2018-11-19T16:00:00Z",,,,,,,,1,,,1
"2018-11-19T16:00:00Z","2018-11-19T16:30:00Z",,,,,,,,1,,,1
"2018-11-19T16:30:00Z","2018-11-19T17:00:00Z",,,,,,,,1,,,1
"2018-11-19T17:00:00Z","2018-11-19T17:30:00Z",,,,,,,,1,,,1
"2018-11-19T17:30:00Z","2018-11-19T18:00:00Z",,,,,,,,1,,,1
"2018-11-19T18:00:00Z","2018-11-19T18:30:00Z",,,,,,,,1,,,1
"2018-11-19T18:30:00Z","2018-11-19T19:00:00Z",,,,,,,,1,,,1
"2018-11-19T19:00:00Z","2018-11-19T19:30:00Z",,,,,,,,1,,,1
"2018-11-19T19:30:00Z","2018-11-19T20:00:00Z",,,,,,,,1,,,1
"2018-11-19T20:00:00Z","2018-11-19T20:30:00Z",,,,,,,,1,,,1
"2018-11-19T20:30:00Z","2018-11-19T21:00:00Z",,,,,,,,1,,,1
"2018-11-19T21:00:00Z","2018-11-19T21:30:00Z",,,,,,,,1,,,1
"2018-11-19T21:30:00Z","2018-11-19T22:00:00Z",,,,,,,,1,,,1
"2018-11-19T22:00:00Z","2018-11-19T22:30:00Z",,,,,,,,1,,,1
"2018-11-19T22:30:00Z","2018-11-19T23:00:00Z",,,,,,,,1,,,1
"2018-11-19T23:00:00Z","2018-11-19T23:30:00Z",,,,,,,,1,,,1
"2018-11-19T23:30:00Z","2018-11-20T00:00:00Z",,,,,,,,1,,,1
"2018-11-20T00:00:00Z","2018-11-20T00:30:00Z",,,,,,,,1,,,1
"2018-11-20T00:30:00Z","2018-11-20T01:00:00Z",,,,,,,,1,,,1
"2018-11-20T01:00:00Z","2018-11-20T01:30:00Z",,,,,,,,1,,,1
"2018-11-20T01:30:00Z","2018-11-20T02:00:00Z",,,,,,,,1,,,1
"2018-11-20T02:00:00Z","2018-11-20T02:30:00Z",,,,,,,,1,,,1
"2018-11-20T02:30:00Z","2018-11-20T03:00:00Z",,,,,,,,1,,,1
"2018-11-20T03:00:00Z","2018-11-20T03:30:00Z",,,,,,,,1,,,1
"2018-11-20T03:30:00Z","2018-11-20T04:00:00Z",,,,,,,,1,,,1
"2018-11-20T04:00:00Z","2018-11-20T04:30:00Z",,,,,,,,1,,,1
"2018-11-20T04:30:00Z","2018-11-20T05:00:00Z",,,,,,,,1,,,1
"2018-11-20T05:00:00Z","2018-11-20T05:30:00Z",,,,,,,,1,,,1
"2018-11-20T05:30:00Z","2018-11-20T06:00:00Z",,,,,,,,1,,,1
"2018-11-20T06:00:00Z","2018-11-20T06:30:00Z",,,,,,,,1,,,1
"2018-11-20T06:30:00Z","2018-11-20T07:00:00Z",,,,,,,,1,,,1
"2018-11-20T07:00:00Z","2018-11-20T07:30:00Z",,,,,,,,1,,,1
"2018-11-20T07:30:00Z","2018-11-20T08:00:00Z",,,,,,,,1,,,1
"2018-11-20T08:00:00Z","2018-11-20T08:30:00Z",,,,,,,,1,,,1
"2018-11-20T08:30:00Z","2018-11-20T09:00:00Z",,,,,,,,1,,,1
"2018-11-20T09:00:00Z","2018-11-20T09:30:00Z",,,,,,,,1,,,1
"2018-11-20T09:30:00Z","2018-11-20T10:00:00Z",,,,,,,,1,,,1
"2018-11-20T10:00:00Z","2018-11-20T10:30:00Z",,,,,,,,1,,,1
"2018-11-20T10:30:00Z","2018-11-20T11:00:00Z",,,,,,,,1,,,1
"2018-11-20T11:00:00Z","2018-11-20T11:30:00Z",,,,,,,,1,,,1
"2018-11-20T11:30:00Z","2018-11-20T12:00:00Z",,,,,,,,1,,,1
"2018-11-20T12:00:00Z","2018-11-20T12:30:00Z",,,,,,,,1,,,1
"2018-11-20T12:30:00Z","2018-11-20T13:00:00Z",,,,,,,,1,,,1
"2018-11-20T13:00:00Z","2018-11-20T13:30:00Z",,,,,,,,1,,,1
"2018-11-20T13:30:00Z","2018-11-20T14:00:00Z",,,,,,,,1,,,1
"2018-11-20T14:00:00Z","2018-11-20T14:30:00Z",,,,,,,,1,,,1
"2018-11-20T14:30:00Z","2018-11-20T15:00:00Z",,,,,,,,1,,,1
"2018-11-20T15:00:00Z","2018-11-20T15:30:00Z",,,,,,,,1,,,1
"2018-11-20T15:30:00Z","2018-11-20T16:00:00Z",,,,,,,,1,,,1
"2018-11-20T16:00:00Z","2018-11-20T16:30:00Z",,,,,,,,1,,,1
"2018-11-20T16:30:00Z","2018-11-20T17:00:00Z",,,,,,,,1,,,1
"2018-11-20T17:00:00Z","2018-11-20T17:30:00Z",,,,,,,,1,,,1
"2018-11-20T17:30:00Z","2018-11-20T18:00:00Z",,,,,,,,1,,,1
"2018-11-20T18:00:00Z","2018-11-20T18:30:00Z",,,,,,,,1,,,1
"2018-11-20T18:30:00Z","2018-11-20T19:00:00Z",,,,,,,,1,,,1
"2018-11-20T19:00:00Z","2018-11-20T19:30:00Z",,,,,,,,1,,,1
"2018-11-20T19:30:00Z","2018-11-20T20:00:00Z",,,,,,,,1,,,1
"2018-11-20T20:00:00Z","2018-11-20T20:30:00Z",,,,,,,,1,,,1
"2018-11-20T20:30:00Z","2018-11-20T21:00:00Z",,,,,,,,1,,,1
"2018-11-20T21:00:00Z","2018-11-20T21:30:00Z",,,,,,,,1,,,1
"2018-11-20T21:30:00Z","2018-11-20T22:00:00Z",,,,,,,,1,,,1
"2018-11-20T22:00:00Z","2018-11-20T22:30:00Z",,,,,,,,1,,,1
"2018-11-20T22:30:00Z","2018-11-20T23:00:00Z",,,,,,,,1,,,1
"2018-11-20T23:00:00Z","2018-11-20T23:30:00Z",,,,,,,,1,,,1
"2018-11-20T23:30:00Z","2018-11-21T00:00:00Z",,,,,,,,1,,,1
"2018-11-21T00:00:00Z","2018-11-21T00:30:00Z",,,,,,,,1,,,1
"2018-11-21T00:30:00Z","2018-11-21T01:00:00Z",,,,,,,,1,,,1
"2018-11-21T01:00:00Z","2018-11-21T01:30:00Z",,,,,,,,1,,,1
"2018-11-21T01:30:00Z","2018-11-21T02:00:00Z",,,,,,,,1,,,1
"2018-11-21T02:00:00Z","2018-11-21T02:30:00Z",,,,,,,,1,,,1
"2018-11-21T02:30:00Z","2018-11-21T03:00:00Z",,,,,,,,1,,,1
"2018-11-21T03:00:00Z","2018-11-21T03:30:00Z",,,,,,,,1,,,1
"2018-11-21T03:30:00Z","2018-11-21T04:00:00Z",,,,,,,,1,,,1
"2018-11-21T04:00:00Z","2018-11-21T04:30:00Z",,,,,,,,1,,,1
"2018-11-21T04:30:00Z","2018-11-21T05:00:00Z",,,,,,,,1,,,1
"2018-11-21T05:00:00Z","2018-11-21T05:30:00Z",,,,,,,,1,,,1
"2018-11-21T05:30:00Z","2018-11-21T06:00:00Z",,,,,,,,1,,,1
"2018-11-21T06:00:00Z","2018-11-21T06:30:00Z",,,,,,,,1,,,1
"2018-11-21T06:30:00Z","2018-11-21T07:00:00Z",,,,,,,,1,,,1
"2018-11-21T07:00:00Z","2018-11-21T07:30:00Z",,,,,,,,1,,,1
"2018-11-21T07:30:00Z","2018-11-21T08:00:00Z",,,,,,,,1,,,1
"2018-11-21T08:00:00Z","2018-11-21T08:30:00Z",,,,,,,,1,,,1
"2018-11-21T08:30:00Z","2018-11-21T09:00:00Z",,,,,,,,1,,,1
"2018-11-21T09:00:00Z","2018-11-21T09:30:00Z",,,,,,,,1,,,1
"2018-11-21T09:30:00Z","2018-11-21T10:00:00Z",,,,,,,,1,,,1
"2018-11-21T10:00:00Z","2018-11-21T10:30:00Z",,,,,,,,1,,,1
"2018-11-21T10:30:00Z","2018-11-21T11:00:00Z",,,,,,,,1,,,1
"2018-11-21T11:00:00Z","2018-11-21T11:30:00Z",,,,,,,,1,,,1
"2018-11-21T11:30:00Z","2018-11-21T12:00:00Z",,,,,,,,1,,,1
"2018-11-21T12:00:00Z","2018-11-21T12:30:00Z",,,,,,,,1,,,1
"2018-11-21T12:30:00Z","2018-11-21T13:00:00Z",,,,,,,,1,,,1
"2018-11-21T13:00:00Z","2018-11-21T13:30:00Z",,,,,,,,1,,,1
"2018-11-21T13:30:00Z","2018-11-21T14:00:00Z",,,,,,,,1,,,1
"2018-11-21T14:00:00Z","2018-11-21T14:30:00Z",,,,,,,,1,,,1
"2018-11-21T14:30:00Z","2018-11-21T15:00:00Z",,,,,,,,1,,,1
"2018-11-21T15:00:00Z","2018-11-21T15:30:00Z",,,,,,,,1,,,1
"2018-11-21T15:30:00Z","2018-11-21T16:00:00Z",,,,,,,,1,,,1
"2018-11-21T16:00:00Z","2018-11-21T16:30:00Z",,,,,,,,1,,,1
"2018-11-21T16:30:00Z","2018-11-21T17:00:00Z",,,,,,,,1,,,1
"2018-11-21T17:00:00Z","2018-11-21T17:30:00Z",,,,,,,,1,,,1
"2018-11-21T17:30:00Z","2018-11-21T18:00:00Z",,,,,,,,1,,,1
"2018-11-21T18:00:00Z","2018-11-21T18:30:00Z",,,,,,,,1,,,1
"2018-11-21T18:30:00Z","2018-11-21T19:00:00Z",,,,,,,,1,,,1
"2018-11-21T19:00:00Z","2018-11-21T19:30:00Z",,,,,,,,1,,,1
"2018-11-21T19:30:00Z","2018-11-21T20:00:00Z",,,,,,,,1,,,1
"2018-11-21T20:00:00Z","2018-11-21T20:30:00Z",,,,,,,,1,,,1
"2018-11-21T20:30:00Z","2018-11-21T21:00:00Z",,,,,,,,1,,,1
"2018-11-21T21:00:00Z","2018-11-21T21:30:00Z",,,,,,,,1,,,1
"2018-11-21T21:30:00Z","2018-11-21T22:00:00Z",,,,,,,,1,,,1
"2018-11-21T22:00:00Z","2018-11-21T22:30:00Z",,,,,,,,1,,,1
"2018-11-21T22:30:00Z","2018-11-21T23:00:00Z",,,,,,,,1,,,1
"2018-11-21T23:00:00Z","2018-11-21T23:30:00Z",,,,,,,,1,,,1
"2018-11-21T23:30:00Z","2018-11-22T00:00:00Z",,,,,,,,1,,,1
"2018-11-22T00:00:00Z","2018-11-22T00:30:00Z",,,,,,,,1,,,1
"2018-11-22T00:30:00Z","2018-11-22T01:00:00Z",,,,,,,,1,,,1
"2018-11-22T01:00:00Z","2018-11-22T01:30:00Z",,,,,,,,1,,,1
"2018-11-22T01:30:00Z","2018-11-22T02:00:00Z",,,,,,,,1,,,1
"2018-11-22T02:00:00Z","2018-11-22T02:30:00Z",,,,,,,,1,,,1
"2018-11-22T02:30:00Z","2018-11-22T03:00:00Z",,,,,,,,1,,,1
"2018-11-22T03:00:00Z","2018-11-22T03:30:00Z",,,,,,,,1,,,1
"2018-11-22T03:30:00Z","2018-11-22T04:00:00Z",,,,,,,,1,,,1
"2018-11-22T04:00:00Z","2018-11-22T04:30:00Z",,,,,,,,1,,,1
"2018-11-22T04:30:00Z","2018-11-22T05:00:00Z",,,,,,,,1,,,1
"2018-11-22T05:00:00Z","2018-11-22T05:30:00Z",,,,,,,,1,,,1
"2018-11-22T05:30:00Z","2018-11-22T06:00:00Z",,,,,,,,1,,,1
"2018-11-22T06:00:00Z","2018-11-22T06:30:00Z",,,,,,,,1,,,1
"2018-11-22T06:30:00Z","2018-11-22T07:00:00Z",,,,,,,,1,,,1
"2018-11-22T07:00:00Z","2018-11-22T07:30:00Z",,,,,,,,1,,,1
"2018-11-22T07:30:00Z","2018-11-22T08:00:00Z",,,,,,,,1,,,1
"2018-11-22T08:00:00Z","2018-11-22T08:30:00Z",,,,,,,,1,,,1
"2018-11-22T08:30:00Z","2018-11-22T09:00:00Z",,,,,,,,1,,,1
"2018-11-22T09:00:00Z","2018-11-22T09:30:00Z",,,,,,,,1,,,1
"2018-11-22T09:30:00Z","2018-11-22T10:00:00Z",,,,,,,,1,,,1
"2018-11-22T10:00:00Z","2018-11-22T10:30:00Z",,,,,,,,1,,,1
"2018-11-22T10:30:00Z","2018-11-22T11:00:00Z",,,,,,,,1,,,1
"2018-11-22T11:00:00Z","2018-11-22T11:30:00Z",,,,,,,,1,,,1
"2018-11-22T11:30:00Z","2018-11-22T12:00:00Z",,,,,,,,1,,,1
"2018-11-22T12:00:00Z","2018-11-22T12:30:00Z",,,,,,,,1,,,1
"2018-11-22T12:30:00Z","2018-11-22T13:00:00Z",,,,,,,,1,,,1
"2018-11-22T13:00:00Z","2018-11-22T13:30:00Z",,,,,,,,1,,,1
"2018-11-22T13:30:00Z","2018-11-22T14:00:00Z",,,,,,,,1,,,1
"2018-11-22T14:00:00Z","2018-11-22T14:30:00Z",,,,,,,,1,,,1
"2018-11-22T14:30:00Z","2018-11-22T15:00:00Z",,,,,,,,1,,,1
"2018-11-22T15:00:00Z","2018-11-22T15:30:00Z",,,,,,,,1,,,1
"2018-11-22T15:30:00Z","2018-11-22T16:00:00Z",,,,,,,,1,,,1
"2018-11-22T16:00:00Z","2018-11-22T16:30:00Z",,,,,,,,1,,,1
"2018-11-22T16:30:00Z","2018-11-22T17:00:00Z",,,,,,,,1,,,1
"2018-11-22T17:00:00Z","2018-11-22T17:30:00Z",,,,,,,,1,,,1
"2018-11-22T17:30:00Z","2018-11-22T18:00:00Z",,,,,,,,1,,,1
"2018-11-22T18:00:00Z","2018-11-22T18:30:00Z",,,,,,,,1,,,1
"2018-11-22T18:30:00Z","2018-11-22T19:00:00Z",,,,,,,,1,,,1
"2018-11-22T19:00:00Z","2018-11-22T19:30:00Z",,,,,,,,1,,,1
"2018-11-22T19:30:00Z","2018-11-22T20:00:00Z",,,,,,,,1,,,1
"2018-11-22T20:00:00Z","2018-11-22T20:30:00Z",,,,,,,,1,,,1
"2018-11-22T20:30:00Z","2018-11-22T21:00:00Z",,,,,,,,1,,,1
"2018-11-22T21:00:00Z","2018-11-22T21:30:00Z",,,,,,,,1,,,1
"2018-11-22T21:30:00Z","2018-11-22T22:00:00Z",,,,,,,,1,,,1
"2018-11-22T22:00:00Z","2018-11-22T22:30:00Z",,,,,,,,1,,,1
"2018-11-22T22:30:00Z","2018-11-22T23:00:00Z",,,,,,,,1,,,1
"2018-11-22T23:00:00Z","2018-11-22T23:30:00Z",,,,,,,,1,,,1
"2018-11-22T23:30:00Z","2018-11-23T00:00:00Z",,,,,,,,1,,,1
"2018-11-23T00:00:00Z","2018-11-23T00:30:00Z",,,,,,,,1,,,1
"2018-11-23T00:30:00Z","2018-11-23T01:00:00Z",,,,,,,,1,,,1
"2018-11-23T01:00:00Z","2018-11-23T01:30:00Z",,,,,,,,1,,,1
"2018-11-23T01:30:00Z","2018-11-23T02:00:00Z",,,,,,,,1,,,1
"2018-11-23T02:00:00Z","2018-11-23T02:30:00Z",,,,,,,,1,,,1
"2018-11-23T02:30:00Z","2018-11-23T03:00:00Z",,,,,,,,1,,,1
"2018-11-23T03:00:00Z","2018-11-23T03:30:00Z",,,,,,,,1,,,1
"2018-11-23T03:30:00Z","2018-11-23T04:00:00Z",,,,,,,,1,,,1
"2018-11-23T04:00:00Z","2018-11-23T04:30:00Z",,,,,,,,1,,,1
"2018-11-23T04:30:00Z","2018-11-23T05:00:00Z",,,,,,,,1,,,1
"2018-11-23T05:00:00Z","2018-11-23T05:30:00Z",,,,,,,,1,,,1
"2018-11-23T05:30:00Z","2018-11-23T06:00:00Z",,,,,,,,1,,,1
"2018-11-23T06:00:00Z","2018-11-23T06:30:00Z",,,,,,,,1,,,1
"2018-11-23T06:30:00Z","2018-11-23T07:00:00Z",,,,,,,,1,,,1
"2018-11-23T07:00:00Z","2018-11-23T07:30:00Z",,,,,,,,1,,,1
"2018-11-23T07:30:00Z","2018-11-23T08:00:00Z",,,,,,,,1,,,1
"2018-11-23T08:00:00Z","2018-11-23T08:30:00Z",,,,,,,,1,,,1
"2018-11-23T08:30:00Z","2018-11-23T09:00:00Z",,,,,,,,1,,,1
"2018-11-23T09:00:00Z","2018-11-23T09:30:00Z",,,,,,,,1,,,1
"2018-11-23T09:30:00Z","2018-11-23T10:00:00Z",,,,,,,,1,,,1
"2018-11-23T10:00:00Z","2018-11-23T10:30:00Z",,,,,,,,1,,,1
"2018-11-23T10:30:00Z","2018-11-23T11:00:00Z",,,,,,,,1,,,1
"2018-11-23T11:00:00Z","2018-11-23T11:30:00Z",,,,,,,,1,,,1
"2018-11-23T11:30:00Z","2018-11-23T12:00:00Z",,,,,,,,1,,,1
"2018-11-23T12:00:00Z","2018-11-23T12:30:00Z",,,,,,,,1,,,1
"2018-11-23T12:30:00Z","2018-11-23T13:00:00Z",,,,,,,,1,,,1
"2018-11-23T13:00:00Z","2018-11-23T13:30:00Z",,,,,,,,1,,,1
"2018-11-23T13:30:00Z","2018-11-23T14:00:00Z",,,,,,,,1,,,1
"2018-11-23T14:00:00Z","2018-11-23T14:30:00Z",,,,,,,,1,,,1
"2018-11-23T14:30:00Z","2018-11-23T15:00:00Z",,,,,,,,1,,,1
"2018-11-23T15:00:00Z","2018-11-23T15:30:00Z",,,,,,,,1,,,1
"2018-11-23T15:30:00Z","2018-11-23T16:00:00Z",,,,,,,,1,,,1
"2018-11-23T16:00:00Z","2018-11-23T16:30:00Z",,,,,,,,1,,,1
"2018-11-23T16:30:00Z","2018-11-23T17:00:00Z",,,,,,,,1,,,1
"2018-11-23T17:00:00Z","2018-11-23T17:30:00Z",,,,,,,,1,,,1
"2018-11-23T17:30:00Z","2018-11-23T18:00:00Z",,,,,,,,1,,,1
"2018-11-23T18:00:00Z","2018-11-23T18:30:00Z",,,,,,,,1,,,1
"2018-11-23T18:30:00Z","2018-11-23T19:00:00Z",,,,,,,,1,,,1
"2018-11-23T19:00:00Z","2018-11-23T19:30:00Z",,,,,,,,1,,,1
"2018-11-23T19:30:00Z","2018-11-23T20:00:00Z",,,,,,,,1,,,1
"2018-11-23T20:00:00Z","2018-11-23T20:30:00Z",,,,,,,,1,,,1
"2018-11-23T20:30:00Z","2018-11-23T21:00:00Z",,,,,,,,1,,,1
"2018-11-23T21:00:00Z","2018-11-23T21:30:00Z",,,,,,,,1,,,1
"2018-11-23T21:30:00Z","2018-11-23T22:00:00Z",,,,,,,,1,,,1
"2018-11-23T22:00:00Z","2018-11-23T22:30:00Z",,,,,,,,1,,,1
"2018-11-23T22:30:00Z","2018-11-23T23:00:00Z",,,,,,,,1,,,1
"2018-11-23T23:00:00Z","2018-11-23T23:30:00Z",,,,,,,,1,,,1
"2018-11-23T23:30:00Z","2018-11-24T00:00:00Z",,,,,,,,1,,,1
"2018-11-24T00:00:00Z","2018-11-24T00:30:00Z",,,,,,,,1,,,1
"2018-11-24T00:30:00Z","2018-11-24T01:00:00Z",,,,,,,,1,,,1
"2018-11-24T01:00:00Z","2018-11-24T01:30:00Z",,,,,,,,1,,,1
"2018-11-24T01:30:00Z","2018-11-24T02:00:00Z",,,,,,,,1,,,1
"2018-11-24T02:00:00Z","2018-11-24T02:30:00Z",,,,,,,,1,,,1
"2018-11-24T02:30:00Z","2018-11-24T03:00:00Z",,,,,,,,1,,,1
"2018-11-24T03:00:00Z","2018-11-24T03:30:00Z",,,,,,,,1,,,1
"2018-11-24T03:30:00Z","2018-11-24T04:00:00Z",,,,,,,,1,,,1
"2018-11-24T04:00:00Z","2018-11-24T04:30:00Z",,,,,,,,1,,,1
"2018-11-24T04:30:00Z","2018-11-24T05:00:00Z",,,,,,,,1,,,1
"2018-11-24T05:00:00Z","2018-11-24T05:30:00Z",,,,,,,,1,,,1
"2018-11-24T05:30:00Z","2018-11-24T06:00:00Z",,,,,,,,1,,,1
"2018-11-24T06:00:00Z","2018-11-24T06:30:00Z",,,,,,,,1,,,1
"2018-11-24T06:30:00Z","2018-11-24T07:00:00Z",,,,,,,,1,,,1
"2018-11-24T07:00:00Z","2018-11-24T07:30:00Z",,,,,,,,1,,,1
"2018-11-24T07:30:00Z","2018-11-24T08:00:00Z",,,,,,,,1,,,1
"2018-11-24T08:00:00Z","2018-11-24T08:30:00Z",,,,,,,,1,,,1
"2018-11-24T08:30:00Z","2018-11-24T09:00:00Z",,,,,,,,1,,,1
"2018-11-24T09:00:00Z","2018-11-24T09:30:00Z",,,,,,,,1,,,1
"2018-11-24T09:30:00Z","2018-11-24T10:00:00Z",,,,,,,,1,,,1
"2018-11-24T10:00:00Z","2018-11-24T10:30:00Z",,,,,,,,1,,,1
"2018-11-24T10:30:00Z","2018-11-24T11:00:00Z",,,,,,,,1,,,1
"2018-11-24T11:00:00Z","2018-11-24T11:30:00Z",,,,,,,,1,,,1
"2018-11-24T11:30:00Z","2018-11-24T12:00:00Z",,,,,,,,1,,,1
"2018-11-24T12:00:00Z","2018-11-24T12:30:00Z",,,,,,,,1,,,1
"2018-11-24T12:30:00Z","2018-11-24T13:00:00Z",,,,,,,,1,,,1
"2018-11-24T13:00:00Z","2018-11-24T13:30:00Z",,,,,,,,1,,,1
"2018-11-24T13:30:00Z","2018-11-24T14:00:00Z",,,,,,,,1,,,1
"2018-11-24T14:00:00Z","2018-11-24T14:30:00Z",,,,,,,,1,,,1
"2018-11-24T14:30:00Z","2018-11-24T15:00:00Z",,,,,,,,1,,,1
"2018-11-24T15:00:00Z","2018-11-24T15:30:00Z",,,,,,,,1,,,1
"2018-11-24T15:30:00Z","2018-11-24T16:00:00Z",,,,,,,,1,,,1
"2018-11-24T16:00:00Z","2018-11-24T16:30:00Z",,,,,,,,1,,,1
"2018-11-24T16:30:00Z","2018-11-24T17:00:00Z",,,,,,,,1,,,1
"2018-11-24T17:00:00Z","2018-11-24T17:30:00Z",,,,,,,,1,,,1
"2018-11-24T17:30:00Z","2018-11-24T18:00:00Z",,,,,,,,1,,,1
"2018-11-24T18:00:00Z","2018-11-24T18:30:00Z",,,,,,,,1,,,1
"2018-11-24T18:30:00Z","2018-11-24T19:00:00Z",,,,,,,,1,,,1
"2018-11-24T19:00:00Z","2018-11-24T19:30:00Z",,,,,,,,1,,,1
"2018-11-24T19:30:00Z","2018-11-24T20:00:00Z",,,,,,,,1,,,1
"2018-11-24T20:00:00Z","2018-11-24T20:30:00Z",,,,,,,,1,,,1
"2018-11-24T20:30:00Z","2018-11-24T21:00:00Z",,,,,,,,1,,,1
"2018-11-24T21:00:00Z","2018-11-24T21:30:00Z",,,,,,,,1,,,1
"2018-11-24T21:30:00Z","2018-11-24T22:00:00Z",,,,,,,,1,,,1
"2018-11-24T22:00:00Z","2018-11-24T22:30:00Z",,,,,,,,1,,,1
"2018-11-24T22:30:00Z","2018-11-24T23:00:00Z",,,,,,,,1,,,1
"2018-11-24T23:00:00Z","2018-11-24T23:30:00Z",,,,,,,,1,,,1
"2018-11-24T23:30:00Z","2018-11-25T00:00:00Z",,,,,,,,1,,,1
"2018-11-25T00:00:00Z","2018-11-25T00:30:00Z",,,,,,,,1,,,1
"2018-11-25T00:30:00Z","2018-11-25T01:00:00Z",,,,,,,,1,,,1
"2018-11-25T01:00:00Z","2018-11-25T01:30:00Z",,,,,,,,1,,,1
"2018-11-25T01:30:00Z","2018-11-25T02:00:00Z",,,,,,,,1,,,1
"2018-11-25T02:00:00Z","2018-11-25T02:30:00Z",,,,,,,,1,,,1
"2018-11-25T02:30:00Z","2018-11-25T03:00:00Z",,,,,,,,1,,,1
"2018-11-25T03:00:00Z","2018-11-25T03:30:00Z",,,,,,,,1,,,1
"2018-11-25T03:30:00Z","2018-11-25T04:00:00Z",,,,,,,,1,,,1
"2018-11-25T04:00:00Z","2018-11-25T04:30:00Z",,,,,,,,1,,,1
"2018-11-25T04:30:00Z","2018-11-25T05:00:00Z",,,,,,,,1,,,1
"2018-11-25T05:00:00Z","2018-11-25T05:30:00Z",,,,,,,,1,,,1
"2018-11-25T05:30:00Z","2018-11-25T06:00:00Z",,,,,,,,1,,,1
"2018-11-25T06:00:00Z","2018-11-25T06:30:00Z",,,,,,,,1,,,1
"2018-11-25T06:30:00Z","2018-11-25T07:00:00Z",,,,,,,,1,,,1
"2018-11-25T07:00:00Z","2018-11-25T07:30:00Z",,,,,,,,1,,,1
"2018-11-25T07:30:00Z","2018-11-25T08:00:00Z",,,,,,,,1,,,1
"2018-11-25T08:00:00Z","2018-11-25T08:30:00Z",,,,,,,,1,,,1
"2018-11-25T08:30:00Z","2018-11-25T09:00:00Z",,,,,,,,1,,,1
"2018-11-25T09:00:00Z","2018-11-25T09:30:00Z",,,,,,,,1,,,1
"2018-11-25T09:30:00Z","2018-11-25T10:00:00Z",,,,,,,,1,,,1
"2018-11-25T10:00:00Z","2018-11-25T10:30:00Z",,,,,,,,1,,,1
"2018-11-25T10:30:00Z","2018-11-25T11:00:00Z",,,,,,,,1,,,1
"2018-11-25T11:00:00Z","2018-11-25T11:30:00Z",,,,,,,,1,,,1
"2018-11-25T11:30:00Z","2018-11-25T12:00:00Z",,,,,,,,1,,,1
"2018-11-25T12:00:00Z","2018-11-25T12:30:00Z",,,,,,,,1,,,1
"2018-11-25T12:30:00Z","2018-11-25T13:00:00Z",,,,,,,,1,,,1
"2018-11-25T13:00:00Z","2018-11-25T13:30:00Z",,,,,,,,1,,,1
"2018-11-25T13:30:00Z","2018-11-25T14:00:00Z",,,,,,,,1,,,1
"2018-11-25T14:00:00Z","2018-11-25T14:30:00Z",,,,,,,,1,,,1
"2018-11-25T14:30:00Z","2018-11-25T15:00:00Z",,,,,,,,1,,,1
"2018-11-25T15:00:00Z","2018-11-25T15:30:00Z",,,,,,,,1,,,1
"2018-11-25T15:30:00Z","2018-11-25T16:00:00Z",,,,,,,,1,,,1
"2018-11-25T16:00:00Z","2018-11-25T16:30:00Z",,,,,,,,1,,,1
"2018-11-25T16:30:00Z","2018-11-25T17:00:00Z",,,,,,,,1,,,1
"2018-11-25T17:00:00Z","2018-11-25T17:30:00Z",,,,,,,,1,,,1
"2018-11-25T17:30:00Z","2018-11-25T18:00:00Z",,,,,,,,1,,,1
"2018-11-25T18:00:00Z","2018-11-25T18:30:00Z",,,,,,,,1,,,1
"2018-11-25T18:30:00Z","2018-11-25T19:00:00Z",,,,,,,,1,,,1
"2018-11-25T19:00:00Z","2018-11-25T19:30:00Z",,,,,,,,1,,,1
"2018-11-25T19:30:00Z","2018-11-25T20:00:00Z",,,,,,,,1,,,1
"2018-11-25T20:00:00Z","2018-11-25T20:30:00Z",,,,,,,,1,,,1
"2018-11-25T20:30:00Z","2018-11-25T21:00:00Z",,,,,,,,1,,,1
"2018-11-25T21:00:00Z","2018-11-25T21:30:00Z",,,,,,,,1,,,1
"2018-11-25T21:30:00Z","2018-11-25T22:00:00Z",,,,,,,,1,,,1
"2018-11-25T22:00:00Z","2018-11-25T22:30:00Z",,,,,,,,1,,,1
"2018-11-25T22:30:00Z","2018-11-25T23:00:00Z",,,,,,,,1,,,1
"2018-11-25T23:00:00Z","2018-11-25T23:30:00Z",,,,,,,,1,,,1
"2018-11-25T23:30:00Z","2018-11-26T00:00:00Z",,,,,,,,1,,,1
"2018-11-26T00:00:00Z","2018-11-26T00:30:00Z",,,,,,,,1,,,1
"2018-11-26T00:30:00Z","2018-11-26T01:00:00Z",,,,,,,,1,,,1
"2018-11-26T01:00:00Z","2018-11-26T01:30:00Z",,,,,,,,1,,,1
"2018-11-26T01:30:00Z","2018-11-26T02:00:00Z",,,,,,,,1,,,1
"2018-11-26T02:00:00Z","2018-11-26T02:30:00Z",,,,,,,,1,,,1
"2018-11-26T02:30:00Z","2018-11-26T03:00:00Z",,,,,,,,1,,,1
"2018-11-26T03:00:00Z","2018-11-26T03:30:00Z",,,,,,,,1,,,1
"2018-11-26T03:30:00Z","2018-11-26T04:00:00Z",,,,,,,,1,,,1
"2018-11-26T04:00:00Z","2018-11-26T04:30:00Z",,,,,,,,1,,,1
"2018-11-26T04:30:00Z","2018-11-26T05:00:00Z",,,,,,,,1,,,1
"2018-11-26T05:00:00Z","2018-11-26T05:30:00Z",,,,,,,,1,,,1
"2018-11-26T05:30:00Z","2018-11-26T06:00:00Z",,,,,,,,1,,,1
"2018-11-26T06:00:00Z","2018-11-26T06:30:00Z",,,,,,,,1,,,1
"2018-11-26T06:30:00Z","2018-11-26T07:00:00Z",,,,,,,,1,,,1
"2018-11-26T07:00:00Z","2018-11-26T07:30:00Z",,,,,,,,1,,,1
"2018-11-26T07:30:00Z","2018-11-26T08:00:00Z",,,,,,,,1,,,1
"2018-11-26T08:00:00Z","2018-11-26T08:30:00Z",,,,,,,,1,,,1
"2018-11-26T08:30:00Z","2018-11-26T09:00:00Z",,,,,,,,1,,,1
"2018-11-26T09:00:00Z","2018-11-26T09:30:00Z",,,,,,,,1,,,1
"2018-11-26T09:30:00Z","2018-11-26T10:00:00Z",,,,,,,,1,,,1
"2018-11-26T10:00:00Z","2018-11-26T10:30:00Z",,,,,,,,1,,,1
"2018-11-26T10:30:00Z","2018-11-26T11:00:00Z",,,,,,,,1,,,1
"2018-11-26T11:00:00Z","2018-11-26T11:30:00Z",,,,,,,,1,,,1
"2018-11-26T11:30:00Z","2018-11-26T12:00:00Z",,,,,,,,1,,,1
"2018-11-26T12:00:00Z","2018-11-26T12:30:00Z",,,,,,,,1,,,1
"2018-11-26T12:30:00Z","2018-11-26T13:00:00Z",,,,,,,,1,,,1
"2018-11-26T13:00:00Z","2018-11-26T13:30:00Z",,,,,,,,1,,,1
"2018-11-26T13:30:00Z","2018-11-26T14:00:00Z",,,,,,,,1,,,1
"2018-11-26T14:00:00Z","2018-11-26T14:30:00Z",,,,,,,,1,,,1
"2018-11-26T14:30:00Z","2018-11-26T15:00:00Z",,,,,,,,1,,,1
"2018-11-26T15:00:00Z","2018-11-26T15:30:00Z",,,,,,,,1,,,1
"2018-11-26T15:30:00Z","2018-11-26T16:00:00Z",,,,,,,,1,,,1
"2018-11-26T16:00:00Z","2018-11-26T16:30:00Z",,,,,,,,1,,,1
"2018-11-26T16:30:00Z","2018-11-26T17:00:00Z",,,,,,,,1,,,1
"2018-11-26T17:00:00Z","2018-11-26T17:30:00Z",,,,,,,,1,,,1
"2018-11-26T17:30:00Z","2018-11-26T18:00:00Z",,,,,,,,1,,,1
"2018-11-26T18:00:00Z","2018-11-26T18:30:00Z",,,,,,,,1,,,1
"2018-11-26T18:30:00Z","2018-11-26T19:00:00Z",,,,,,,,1,,,1
"2018-11-26T19:00:00Z","2018-11-26T19:30:00Z",,,,,,,,1,,,1
"2018-11-26T19:30:00Z","2018-11-26T20:00:00Z",,,,,,,,1,,,1
"2018-11-26T20:00:00Z","2018-11-26T20:30:00Z",,,,,,,,1,,,1
"2018-11-26T20:30:00Z","2018-11-26T21:00:00Z",,,,,,,,1,,,1
"2018-11-26T21:00:00Z","2018-11-26T21:30:00Z",,,,,,,,1,,,1
"2018-11-26T21:30:00Z","2018-11-26T22:00:00Z",,,,,,,,1,,,1
"2018-11-26T22:00:00Z","2018-11-26T22:30:00Z",,,,,,,,1,,,1
"2018-11-26T22:30:00Z","2018-11-26T23:00:00Z",,,,,,,,1,,,1
"2018-11-26T23:00:00Z","2018-11-26T23:30:00Z",,,,,,,,1,,,1
"2018-11-26T23:30:00Z","2018-11-27T00:00:00Z",,,,,,,,1,,,1
"2018-11-27T00:00:00Z","2018-11-27T00:30:00Z",,,,,,,,1,,,1
"2018-11-27T00:30:00Z","2018-11-27T01:00:00Z",,,,,,,,1,,,1
"2018-11-27T01:00:00Z","2018-11-27T01:30:00Z",,,,,,,,1,,,1
"2018-11-27T01:30:00Z","2018-11-27T02:00:00Z",,,,,,,,1,,,1
"2018-11-27T02:00:00Z","2018-11-27T02:30:00Z",,,,,,,,1,,,1
"2018-11-27T02:30:00Z","2018-11-27T03:00:00Z",,,,,,,,1,,,1
"2018-11-27T03:00:00Z","2018-11-27T03:30:00Z",,,,,,,,1,,,1
"2018-11-27T03:30:00Z","2018-11-27T04:00:00Z",,,,,,,,1,,,1
"2018-11-27T04:00:00Z","2018-11-27T04:30:00Z",,,,,,,,1,,,1
"2018-11-27T04:30:00Z","2018-11-27T05:00:00Z",,,,,,,,1,,,1
"2018-11-27T05:00:00Z","2018-11-27T05:30:00Z",,,,,,,,1,,,1
"2018-11-27T05:30:00Z","2018-11-27T06:00:00Z",,,,,,,,1,,,1
"2018-11-27T06:00:00Z","2018-11-27T06:30:00Z",,,,,,,,1,,,1
"2018-11-27T06:30:00Z","2018-11-27T07:00:00Z",,,,,,,,1,,,1
"2018-11-27T07:00:00Z","2018-11-27T07:30:00Z",,,,,,,,1,,,1
"2018-11-27T07:30:00Z","2018-11-27T08:00:00Z",,,,,,,,1,,,1
"2018-11-27T08:00:00Z","2018-11-27T08:30:00Z",,,,,,,,1,,,1
"2018-11-27T08:30:00Z","2018-11-27T09:00:00Z",,,,,,,,1,,,1
"2018-11-27T09:00:00Z","2018-11-27T09:30:00Z",,,,,,,,1,,,1
"2018-11-27T09:30:00Z","2018-11-27T10:00:00Z",,,,,,,,1,,,1
"2018-11-27T10:00:00Z","2018-11-27T10:30:00Z",,,,,,,,1,,,1
"2018-11-27T10:30:00Z","2018-11-27T11:00:00Z",,,,,,,,1,,,1
"2018-11-27T11:00:00Z","2018-11-27T11:30:00Z",,,,,,,,1,,,1
"2018-11-27T11:30:00Z","2018-11-27T12:00:00Z",,,,,,,,1,,,1
"2018-11-27T12:00:00Z","2018-11-27T12:30:00Z",,,,,,,,1,,,1
"2018-11-27T12:30:00Z","2018-11-27T13:00:00Z",,,,,,,,1,,,1
"2018-11-27T13:00:00Z","2018-11-27T13:30:00Z",,,,,,,,1,,,1
"2018-11-27T13:30:00Z","2018-11-27T14:00:00Z",,,,,,,,1,,,1
"2018-11-27T14:00:00Z","2018-11-27T14:30:00Z",,,,,,,,1,,,1
"2018-11-27T14:30:00Z","2018-11-27T15:00:00Z",,,,,,,,1,,,1
"2018-11-27T15:00:00Z","2018-11-27T15:30:00Z",,,,,,,,1,,,1
"2018-11-27T15:30:00Z","2018-11-27T16:00:00Z",,,,,,,,1,,,1
"2018-11-27T16:00:00Z","2018-11-27T16:30:00Z",,,,,,,,1,,,1
"2018-11-27T16:30:00Z","2018-11-27T17:00:00Z",,,,,,,,1,,,1
"2018-11-27T17:00:00Z","2018-11-27T17:30:00Z",,,,,,,,1,,,1
"2018-11-27T17:30:00Z","2018-11-27T18:00:00Z",,,,,,,,1,,,1
"2018-11-27T18:00:00Z","2018-11-27T18:30:00Z",,,,,,,,1,,,1
"2018-11-27T18:30:00Z","2018-11-27T19:00:00Z",,,,,,,,1,,,1
"2018-11-27T19:00:00Z","2018-11-27T19:30:00Z",,,,,,,,1,,,1
"2018-11-27T19:30:00Z","2018-11-27T20:00:00Z",,,,,,,,1,,,1
"2018-11-27T20:00:00Z","2018-11-27T20:30:00Z",,,,,,,,1,,,1
"2018-11-27T20:30:00Z","2018-11-27T21:00:00Z",,,,,,,,1,,,1
"2018-11-27T21:00:00Z","2018-11-27T21:30:00Z",,,,,,,,1,,,1
"2018-11-27T21:30:00Z","2018-11-27T22:00:00Z",,,,,,,,1,,,1
"2018-11-27T22:00:00Z","2018-11-27T22:30:00Z",,,,,,,,1,,,1
"2018-11-27T22:30:00Z","2018-11-27T23:00:00Z",,,,,,,,1,,,1
"2018-11-27T23:00:00Z","2018-11-27T23:30:00Z",,,,,,,,1,,,1
"2018-11-27T23:30:00Z","2018-11-28T00:00:00Z",,,,,,,,1,,,1
"2018-11-28T00:00:00Z","2018-11-28T00:30:00Z",,,,,,,,1,,,1
"2018-11-28T00:30:00Z","2018-11-28T01:00:00Z",,,,,,,,1,,,1
"2018-11-28T01:00:00Z","2018-11-28T01:30:00Z",,,,,,,,1,,,1
"2018-11-28T01:30:00Z","2018-11-28T02:00:00Z",,,,,,,,1,,,1
"2018-11-28T02:00:00Z","2018-11-28T02:30:00Z",,,,,,,,1,,,1
"2018-11-28T02:30:00Z","2018-11-28T03:00:00Z",,,,,,,,1,,,1
"2018-11-28T03:00:00Z","2018-11-28T03:30:00Z",,,,,,,,1,,,1
"2018-11-28T03:30:00Z","2018-11-28T04:00:00Z",,,,,,,,1,,,1
"2018-11-28T04:00:00Z","2018-11-28T04:30:00Z",,,,,,,,1,,,1
"2018-11-28T04:30:00Z","2018-11-28T05:00:00Z",,,,,,,,1,,,1
"2018-11-28T05:00:00Z","2018-11-28T05:30:00Z",,,,,,,,1,,,1
"2018-11-28T05:30:00Z","2018-11-28T06:00:00Z",,,,,,,,1,,,1
"2018-11-28T06:00:00Z","2018-11-28T06:30:00Z",,,,,,,,1,,,1
"2018-11-28T06:30:00Z","2018-11-28T07:00:00Z",,,,,,,,1,,,1
"2018-11-28T07:00:00Z","2018-11-28T07:30:00Z",,,,,,,,1,,,1
"2018-11-28T07:30:00Z","2018-11-28T08:00:00Z",,,,,,,,1,,,1
"2018-11-28T08:00:00Z","2018-11-28T08:30:00Z",,,,,,,,1,,,1
"2018-11-28T08:30:00Z","2018-11-28T09:00:00Z",,,,,,,,1,,,1
"2018-11-28T09:00:00Z","2018-11-28T09:30:00Z",,,,,,,,1,,,1
"2018-11-28T09:30:00Z","2018-11-28T10:00:00Z",,,,,,,,1,,,1
"2018-11-28T10:00:00Z","2018-11-28T10:30:00Z",,,,,,,,1,,,1
"2018-11-28T10:30:00Z","2018-11-28T11:00:00Z",,,,,,,,1,,,1
"2018-11-28T11:00:00Z","2018-11-28T11:30:00Z",,,,,,,,1,,,1
"2018-11-28T11:30:00Z","2018-11-28T12:00:00Z",,,,,,,,1,,,1
"2018-11-28T12:00:00Z","2018-11-28T12:30:00Z",,,,,,,,1,,,1
"2018-11-28T12:30:00Z","2018-11-28T13:00:00Z",,,,,,,,1,,,1
"2018-11-28T13:00:00Z","2018-11-28T13:30:00Z",,,,,,,,1,,,1
"2018-11-28T13:30:00Z","2018-11-28T14:00:00Z",,,,,,,,1,,,1
"2018-11-28T14:00:00Z","2018-11-28T14:30:00Z",,,,,,,,1,,,1
"2018-11-28T14:30:00Z","2018-11-28T15:00:00Z",,,,,,,,1,,,1
"2018-11-28T15:00:00Z","2018-11-28T15:30:00Z",,,,,,,,1,,,1
"2018-11-28T15:30:00Z","2018-11-28T16:00:00Z",,,,,,,,1,,,1
"2018-11-28T16:00:00Z","2018-11-28T16:30:00Z",,,,,,,,1,,,1
"2018-11-28T16:30:00Z","2018-11-28T17:00:00Z",,,,,,,,1,,,1
"2018-11-28T17:00:00Z","2018-11-28T17:30:00Z",,,,,,,,1,,,1
"2018-11-28T17:30:00Z","2018-11-28T18:00:00Z",,,,,,,,1,,,1
"2018-11-28T18:00:00Z","2018-11-28T18:30:00Z",,,,,,,,1,,,1
"2018-11-28T18:30:00Z","2018-11-28T19:00:00Z",,,,,,,,1,,,1
"2018-11-28T19:00:00Z","2018-11-28T19:30:00Z",,,,,,,,1,,,1
"2018-11-28T19:30:00Z","2018-11-28T20:00:00Z",,,,,,,,1,,,1
"2018-11-28T20:00:00Z","2018-11-28T20:30:00Z",,,,,,,,1,,,1
"2018-11-28T20:30:00Z","2018-11-28T21:00:00Z",,,,,,,,1,,,1
"2018-11-28T21:00:00Z","2018-11-28T21:30:00Z",,,,,,,,1,,,1
"2018-11-28T21:30:00Z","2018-11-28T22:00:00Z",,,,,,,,1,,,1
"2018-11-28T22:00:00Z","2018-11-28T22:30:00Z",,,,,,,,1,,,1
"2018-11-28T22:30:00Z","2018-11-28T23:00:00Z",,,,,,,,1,,,1
"2018-11-28T23:00:00Z","2018-11-28T23:30:00Z",,,,,,,,1,,,1
"2018-11-28T23:30:00Z","2018-11-29T00:00:00Z",,,,,,,,1,,,1
"2018-11-29T00:00:00Z","2018-11-29T00:30:00Z",,,,,,,,1,,,1
"2018-11-29T00:30:00Z","2018-11-29T01:00:00Z",,,,,,,,1,,,1
"2018-11-29T01:00:00Z","2018-11-29T01:30:00Z",,,,,,,,1,,,1
"2018-11-29T01:30:00Z","2018-11-29T02:00:00Z",,,,,,,,1,,,1
"2018-11-29T02:00:00Z","2018-11-29T02:30:00Z",,,,,,,,1,,,1
"2018-11-29T02:30:00Z","2018-11-29T03:00:00Z",,,,,,,,1,,,1
"2018-11-29T03:00:00Z","2018-11-29T03:30:00Z",,,,,,,,1,,,1
"2018-11-29T03:30:00Z","2018-11-29T04:00:00Z",,,,,,,,1,,,1
"2018-11-29T04:00:00Z","2018-11-29T04:30:00Z",,,,,,,,1,,,1
"2018-11-29T04:30:00Z","2018-11-29T05:00:00Z",,,,,,,,1,,,1
"2018-11-29T05:00:00Z","2018-11-29T05:30:00Z",,,,,,,,1,,,1
"2018-11-29T05:30:00Z","2018-11-29T06:00:00Z",,,,,,,,1,,,1
"2018-11-29T06:00:00Z","2018-11-29T06:30:00Z",,,,,,,,1,,,1
"2018-11-29T06:30:00Z","2018-11-29T07:00:00Z",,,,,,,,1,,,1
"2018-11-29T07:00:00Z","2018-11-29T07:30:00Z",,,,,,,,1,,,1
"2018-11-29T07:30:00Z","2018-11-29T08:00:00Z",,,,,,,,1,,,1
"2018-11-29T08:00:00Z","2018-11-29T08:30:00Z",,,,,,,,1,,,1
"2018-11-29T08:30:00Z","2018-11-29T09:00:00Z",,,,,,,,1,,,1
"2018-11-29T09:00:00Z","2018-11-29T09:30:00Z",,,,,,,,1,,,1
"2018-11-29T09:30:00Z","2018-11-29T10:00:00Z",,,,,,,,1,,,1
"2018-11-29T10:00:00Z","2018-11-29T10:30:00Z",,,,,,,,1,,,1
"2018-11-29T10:30:00Z","2018-11-29T11:00:00Z",,,,,,,,1,,,1
"2018-11-29T11:00:00Z","2018-11-29T11:30:00Z",,,,,,,,1,,,1
"2018-11-29T11:30:00Z","2018-11-29T12:00:00Z",,,,,,,,1,,,1
"2018-11-29T12:00:00Z","2018-11-29T12:30:00Z",,,,,,,,1,,,1
"2018-11-29T12:30:00Z","2018-11-29T13:00:00Z",,,,,,,,1,,,1
"2018-11-29T13:00:00Z","2018-11-29T13:30:00Z",,,,,,,,1,,,1
"2018-11-29T13:30:00Z","2018-11-29T14:00:00Z",,,,,,,,1,,,1
"2018-11-29T14:00:00Z","2018-11-29T14:30:00Z",,,,,,,,1,,,1
"2018-11-29T14:30:00Z","2018-11-29T15:00:00Z",,,,,,,,1,,,1
"2018-11-29T15:00:00Z","2018-11-29T15:30:00Z",,,,,,,,1,,,1
"2018-11-29T15:30:00Z","2018-11-29T16:00:00Z",,,,,,,,1,,,1
"2018-11-29T16:00:00Z","2018-11-29T16:30:00Z",,,,,,,,1,,,1
"2018-11-29T16:30:00Z","2018-11-29T17:00:00Z",,,,,,,,1,,,1
"2018-11-29T17:00:00Z","2018-11-29T17:30:00Z",,,,,,,,1,,,1
"2018-11-29T17:30:00Z","2018-11-29T18:00:00Z",,,,,,,,1,,,1
"2018-11-29T18:00:00Z","2018-11-29T18:30:00Z",,,,,,,,1,,,1
"2018-11-29T18:30:00Z","2018-11-29T19:00:00Z",,,,,,,,1,,,1
"2018-11-29T19:00:00Z","2018-11-29T19:30:00Z",,,,,,,,1,,,1
"2018-11-29T19:30:00Z","2018-11-29T20:00:00Z",,,,,,,,1,,,1
"2018-11-29T20:00:00Z","2018-11-29T20:30:00Z",,,,,,,,1,,,1
"2018-11-29T20:30:00Z","2018-11-29T21:00:00Z",,,,,,,,1,,,1
"2018-11-29T21:00:00Z","2018-11-29T21:30:00Z",,,,,,,,1,,,1
"2018-11-29T21:30:00Z","2018-11-29T22:00:00Z",,,,,,,,1,,,1
"2018-11-29T22:00:00Z","2018-11-29T22:30:00Z",,,,,,,,1,,,1
"2018-11-29T22:30:00Z","2018-11-29T23:00:00Z",,,,,,,,1,,,1
"2018-11-29T23:00:00Z","2018-11-29T23:30:00Z",,,,,,,,1,,,1
"2018-11-29T23:30:00Z","2018-11-30T00:00:00Z",,,,,,,,1,,,1
"2018-11-30T00:00:00Z","2018-11-30T00:30:00Z",,,,,,,,1,,,1
"2018-11-30T00:30:00Z","2018-11-30T01:00:00Z",,,,,,,,1,,,1
"2018-11-30T01:00:00Z","2018-11-30T01:30:00Z",,,,,,,,1,,,1
"2018-11-30T01:30:00Z","2018-11-30T02:00:00Z",,,,,,,,1,,,1
"2018-11-30T02:00:00Z","2018-11-30T02:30:00Z",,,,,,,,1,,,1
"2018-11-30T02:30:00Z","2018-11-30T03:00:00Z",,,,,,,,1,,,1
"2018-11-30T03:00:00Z","2018-11-30T03:30:00Z",,,,,,,,1,,,1
"2018-11-30T03:30:00Z","2018-11-30T04:00:00Z",,,,,,,,1,,,1
"2018-11-30T04:00:00Z","2018-11-30T04:30:00Z",,,,,,,,1,,,1
"2018-11-30T04:30:00Z","2018-11-30T05:00:00Z",,,,,,,,1,,,1
"2018-11-30T05:00:00Z","2018-11-30T05:30:00Z",,,,,,,,1,,,1
"2018-11-30T05:30:00Z","2018-11-30T06:00:00Z",,,,,,,,1,,,1
"2018-11-30T06:00:00Z","2018-11-30T06:30:00Z",,,,,,,,1,,,1
"2018-11-30T06:30:00Z","2018-11-30T07:00:00Z",,,,,,,,1,,,1
"2018-11-30T07:00:00Z","2018-11-30T07:30:00Z",,,,,,,,1,,,1
"2018-11-30T07:30:00Z","2018-11-30T08:00:00Z",,,,,,,,1,,,1
"2018-11-30T08:00:00Z","2018-11-30T08:30:00Z",,,,,,,,1,,,1
"2018-11-30T08:30:00Z","2018-11-30T09:00:00Z",,,,,,,,1,,,1
"2018-11-30T09:00:00Z","2018-11-30T09:30:00Z",,,,,,,,1,,,1
"2018-11-30T09:30:00Z","2018-11-30T10:00:00Z",,,,,,,,1,,,1
"2018-11-30T10:00:00Z","2018-11-30T10:30:00Z",,,,,,,,1,,,1
"2018-11-30T10:30:00Z","2018-11-30T11:00:00Z",,,,,,,,1,,,1
"2018-11-30T11:00:00Z","2018-11-30T11:30:00Z",,,,,,,,1,,,1
"2018-11-30T11:30:00Z","2018-11-30T12:00:00Z",,,,,,,,1,,,1
"2018-11-30T12:00:00Z","2018-11-30T12:30:00Z",,,,,,,,1,,,1
"2018-11-30T12:30:00Z","2018-11-30T13:00:00Z",,,,,,,,1,,,1
"2018-11-30T13:00:00Z","2018-11-30T13:30:00Z",,,,,,,,1,,,1
"2018-11-30T13:30:00Z","2018-11-30T14:00:00Z",,,,,,,,1,,,1
"2018-11-30T14:00:00Z","2018-11-30T14:30:00Z",,,,,,,,1,,,1
"2018-11-30T14:30:00Z","2018-11-30T15:00:00Z",,,,,,,,1,,,1
"2018-11-30T15:00:00Z","2018-11-30T15:30:00Z",,,,,,,,1,,,1
"2018-11-30T15:30:00Z","2018-11-30T16:00:00Z",,,,,,,,1,,,1
"2018-11-30T16:00:00Z","2018-11-30T16:30:00Z",,,,,,,,1,,,1
"2018-11-30T16:30:00Z","2018-11-30T17:00:00Z",,,,,,,,1,,,1
"2018-11-30T17:00:00Z","2018-11-30T17:30:00Z",,,,,,,,1,,,1
"2018-11-30T17:30:00Z","2018-11-30T18:00:00Z",,,,,,,,1,,,1
"2018-11-30T18:00:00Z","2018-11-30T18:30:00Z",,,,,,,,1,,,1
"2018-11-30T18:30:00Z","2018-11-30T19:00:00Z",,,,,,,,1,,,1
"2018-11-30T19:00:00Z","2018-11-30T19:30:00Z",,,,,,,,1,,,1
"2018-11-30T19:30:00Z","2018-11-30T20:00:00Z",,,,,,,,1,,,1
"2018-11-30T20:00:00Z","2018-11-30T20:30:00Z",,,,,,,,1,,,1
"2018-11-30T20:30:00Z","2018-11-30T21:00:00Z",,,,,,,,1,,,1
"2018-11-30T21:00:00Z","2018-11-30T21:30:00Z",,,,,,,,1,,,1
"2018-11-30T21:30:00Z","2018-11-30T22:00:00Z",,,,,,,,1,,,1
"2018-11-30T22:00:00Z","2018-11-30T22:30:00Z",,,,,,,,1,,,1
"2018-11-30T22:30:00Z","2018-11-30T23:00:00Z",,,,,,,,1,,,1
"2018-11-30T23:00:00Z","2018-11-30T23:30:00Z",,,,,,,,1,,,1
"2018-11-30T23:30:00Z","2018-12-01T00:00:00Z",,,,,,,,1,,,1
