startDateTime,endDateTime,tempRHMean,tempRHMinimum,tempRHMaximum,tempRHVariance,tempRHNumPts,tempRHExpUncert,tempRHStdErMean,tempRHFinalQF
"2018-11-01T00:00:00Z","2018-11-01T00:30:00Z",-0.527,-0.826,-0.049,0.049,30,2.201,0.041,0
"2018-11-01T00:30:00Z","2018-11-01T01:00:00Z",-1.064,-1.276,-0.899,0.007,30,2.200,0.016,0
"2018-11-01T01:00:00Z","2018-11-01T01:30:00Z",-1.507,-1.782,-1.327,0.015,30,2.200,0.023,0
"2018-11-01T01:30:00Z","2018-11-01T02:00:00Z",-1.733,-1.834,-1.584,0.003,30,2.200,0.011,0
"2018-11-01T02:00:00Z","2018-11-01T02:30:00Z",-1.778,-2.234,-1.489,0.029,30,2.201,0.031,0
"2018-11-01T02:30:00Z","2018-11-01T03:00:00Z",-1.934,-2.347,-1.481,0.083,30,2.203,0.053,0
"2018-11-01T03:00:00Z","2018-11-01T03:30:00Z",-1.545,-1.753,-1.347,0.010,30,2.200,0.019,0
"2018-11-01T03:30:00Z","2018-11-01T04:00:00Z",-1.908,-2.116,-1.700,0.016,30,2.200,0.023,0
"2018-11-01T04:00:00Z","2018-11-01T04:30:00Z",-2.161,-2.375,-2.028,0.008,30,2.200,0.016,0
"2018-11-01T04:30:00Z","2018-11-01T05:00:00Z",-2.394,-2.548,-2.242,0.006,30,2.200,0.014,0
"2018-11-01T05:00:00Z","2018-11-01T05:30:00Z",-2.561,-2.652,-2.362,0.006,30,2.200,0.014,0
"2018-11-01T05:30:00Z","2018-11-01T06:00:00Z",-2.776,-2.868,-2.645,0.004,30,2.200,0.012,0
"2018-11-01T06:00:00Z","2018-11-01T06:30:00Z",-2.916,-3.099,-2.693,0.015,30,2.200,0.023,0
"2018-11-01T06:30:00Z","2018-11-01T07:00:00Z",-3.072,-3.280,-2.781,0.021,30,2.201,0.027,0
"2018-11-01T07:00:00Z","2018-11-01T07:30:00Z",-3.352,-3.446,-3.216,0.004,30,2.200,0.011,0
"2018-11-01T07:30:00Z","2018-11-01T08:00:00Z",-3.321,-3.460,-3.164,0.008,30,2.200,0.017,0
"2018-11-01T08:00:00Z","2018-11-01T08:30:00Z",-3.344,-3.537,-3.186,0.011,30,2.200,0.019,0
"2018-11-01T08:30:00Z","2018-11-01T09:00:00Z",-3.394,-3.751,-3.194,0.025,30,2.201,0.029,0
"2018-11-01T09:00:00Z","2018-11-01T09:30:00Z",-3.441,-3.615,-3.213,0.009,30,2.200,0.018,0
"2018-11-01T09:30:00Z","2018-11-01T10:00:00Z",-3.584,-3.822,-3.314,0.015,30,2.200,0.022,0
"2018-11-01T10:00:00Z","2018-11-01T10:30:00Z",-3.968,-4.164,-3.631,0.029,30,2.201,0.031,0
"2018-11-01T10:30:00Z","2018-11-01T11:00:00Z",-3.971,-4.153,-3.790,0.007,30,2.200,0.015,0
"2018-11-01T11:00:00Z","2018-11-01T11:30:00Z",-3.925,-4.166,-3.640,0.019,30,2.201,0.025,0
"2018-11-01T11:30:00Z","2018-11-01T12:00:00Z",-3.926,-4.112,-3.671,0.014,30,2.200,0.022,0
"2018-11-01T12:00:00Z","2018-11-01T12:30:00Z",-4.025,-4.209,-3.842,0.013,30,2.200,0.021,0
"2018-11-01T12:30:00Z","2018-11-01T13:00:00Z",-4.022,-4.307,-3.609,0.034,30,2.201,0.034,0
"2018-11-01T13:00:00Z","2018-11-01T13:30:00Z",-3.337,-3.655,-2.780,0.061,30,2.202,0.045,0
"2018-11-01T13:30:00Z","2018-11-01T14:00:00Z",-2.133,-2.731,-1.716,0.076,30,2.202,0.050,0
"2018-11-01T14:00:00Z","2018-11-01T14:30:00Z",-1.468,-1.742,-1.002,0.056,30,2.202,0.043,0
"2018-11-01T14:30:00Z","2018-11-01T15:00:00Z",-0.821,-1.116,-0.515,0.032,30,2.201,0.032,0
"2018-11-01T15:00:00Z","2018-11-01T15:30:00Z",-0.200,-0.495,0.157,0.022,30,2.201,0.027,0
"2018-11-01T15:30:00Z","2018-11-01T16:00:00Z",0.361,0.129,0.630,0.023,30,2.201,0.028,0
"2018-11-01T16:00:00Z","2018-11-01T16:30:00Z",0.967,0.670,1.185,0.021,30,2.201,0.026,0
"2018-11-01T16:30:00Z","2018-11-01T17:00:00Z",1.211,1.085,1.365,0.005,30,2.200,0.013,0
"2018-11-01T17:00:00Z","2018-11-01T17:30:00Z",1.363,1.249,1.555,0.007,30,2.200,0.015,0
"2018-11-01T17:30:00Z","2018-11-01T18:00:00Z",1.485,1.298,1.667,0.008,30,2.200,0.017,0
"2018-11-01T18:00:00Z","2018-11-01T18:30:00Z",1.466,1.321,1.583,0.004,30,2.200,0.011,0
"2018-11-01T18:30:00Z","2018-11-01T19:00:00Z",1.779,1.511,2.115,0.031,30,2.201,0.032,0
"2018-11-01T19:00:00Z","2018-11-01T19:30:00Z",2.231,1.967,3.103,0.095,30,2.203,0.056,0
"2018-11-01T19:30:00Z","2018-11-01T20:00:00Z",2.751,2.380,3.398,0.100,30,2.203,0.058,0
"2018-11-01T20:00:00Z","2018-11-01T20:30:00Z",2.852,2.298,3.449,0.123,30,2.204,0.064,0
"2018-11-01T20:30:00Z","2018-11-01T21:00:00Z",3.083,2.823,3.390,0.013,30,2.200,0.021,0
"2018-11-01T21:00:00Z","2018-11-01T21:30:00Z",3.351,3.090,3.762,0.036,30,2.201,0.034,0
"2018-11-01T21:30:00Z","2018-11-01T22:00:00Z",3.202,2.893,3.513,0.035,30,2.201,0.034,0
"2018-11-01T22:00:00Z","2018-11-01T22:30:00Z",2.518,2.015,2.941,0.050,30,2.202,0.041,0
"2018-11-01T22:30:00Z","2018-11-01T23:00:00Z",1.363,0.408,2.301,0.312,30,2.209,0.102,0
"2018-11-01T23:00:00Z","2018-11-01T23:30:00Z",0.693,0.172,1.129,0.078,30,2.202,0.051,0
"2018-11-01T23:30:00Z","2018-11-02T00:00:00Z",-0.411,-0.989,0.140,0.139,30,2.204,0.068,0
"2018-11-02T00:00:00Z","2018-11-02T00:30:00Z",-1.131,-1.313,-0.999,0.009,30,2.200,0.017,0
"2018-11-02T00:30:00Z","2018-11-02T01:00:00Z",-1.566,-1.689,-1.361,0.006,30,2.200,0.014,0
"2018-11-02T01:00:00Z","2018-11-02T01:30:00Z",-1.714,-1.986,-1.511,0.023,30,2.201,0.028,0
"2018-11-02T01:30:00Z","2018-11-02T02:00:00Z",-1.872,-2.009,-1.745,0.004,30,2.200,0.012,0
"2018-11-02T02:00:00Z","2018-11-02T02:30:00Z",-1.843,-1.956,-1.688,0.004,30,2.200,0.012,0
"2018-11-02T02:30:00Z","2018-11-02T03:00:00Z",-1.992,-2.207,-1.779,0.012,30,2.200,0.020,0
"2018-11-02T03:00:00Z","2018-11-02T03:30:00Z",-2.042,-2.198,-1.860,0.014,30,2.200,0.021,0
"2018-11-02T03:30:00Z","2018-11-02T04:00:00Z",-2.270,-2.427,-2.171,0.005,30,2.200,0.013,0
"2018-11-02T04:00:00Z","2018-11-02T04:30:00Z",-2.424,-2.673,-2.145,0.023,30,2.201,0.028,0
"2018-11-02T04:30:00Z","2018-11-02T05:00:00Z",-2.607,-2.766,-2.506,0.004,30,2.200,0.012,0
"2018-11-02T05:00:00Z","2018-11-02T05:30:00Z",-2.662,-2.793,-2.447,0.010,30,2.200,0.018,0
"2018-11-02T05:30:00Z","2018-11-02T06:00:00Z",-2.893,-3.151,-2.538,0.029,30,2.201,0.031,0
"2018-11-02T06:00:00Z","2018-11-02T06:30:00Z",-2.825,-3.013,-2.628,0.014,30,2.200,0.021,0
"2018-11-02T06:30:00Z","2018-11-02T07:00:00Z",-2.940,-3.082,-2.740,0.008,30,2.200,0.017,0
"2018-11-02T07:00:00Z","2018-11-02T07:30:00Z",-3.080,-3.194,-2.964,0.004,30,2.200,0.011,0
"2018-11-02T07:30:00Z","2018-11-02T08:00:00Z",-2.895,-3.078,-2.454,0.030,30,2.201,0.032,0
"2018-11-02T08:00:00Z","2018-11-02T08:30:00Z",-2.372,-2.584,-2.165,0.019,30,2.201,0.025,0
"2018-11-02T08:30:00Z","2018-11-02T09:00:00Z",-2.109,-2.220,-1.969,0.004,30,2.200,0.012,0
"2018-11-02T09:00:00Z","2018-11-02T09:30:00Z",-1.991,-2.090,-1.815,0.007,30,2.200,0.015,0
"2018-11-02T09:30:00Z","2018-11-02T10:00:00Z",-1.576,-1.799,-1.407,0.011,30,2.200,0.019,0
"2018-11-02T10:00:00Z","2018-11-02T10:30:00Z",-1.343,-1.461,-1.213,0.003,30,2.200,0.011,0
"2018-11-02T10:30:00Z","2018-11-02T11:00:00Z",-1.153,-1.238,-1.075,0.002,30,2.200,0.009,0
"2018-11-02T11:00:00Z","2018-11-02T11:30:00Z",-1.305,-1.527,-1.119,0.017,30,2.201,0.024,0
"2018-11-02T11:30:00Z","2018-11-02T12:00:00Z",-0.989,-1.165,-0.885,0.005,30,2.200,0.012,0
"2018-11-02T12:00:00Z","2018-11-02T12:30:00Z",-1.384,-1.711,-0.866,0.069,30,2.202,0.048,0
"2018-11-02T12:30:00Z","2018-11-02T13:00:00Z",-1.613,-1.725,-1.481,0.005,30,2.200,0.013,0
"2018-11-02T13:00:00Z","2018-11-02T13:30:00Z",-1.381,-1.530,-1.195,0.010,30,2.200,0.018,0
"2018-11-02T13:30:00Z","2018-11-02T14:00:00Z",-1.184,-1.486,-0.806,0.034,30,2.201,0.034,0
"2018-11-02T14:00:00Z","2018-11-02T14:30:00Z",-0.237,-0.736,0.193,0.100,30,2.203,0.058,0
"2018-11-02T14:30:00Z","2018-11-02T15:00:00Z",0.275,0.120,0.700,0.026,30,2.201,0.029,0
"2018-11-02T15:00:00Z","2018-11-02T15:30:00Z",0.676,0.434,0.848,0.015,30,2.200,0.022,0
"2018-11-02T15:30:00Z","2018-11-02T16:00:00Z",1.105,0.823,1.361,0.026,30,2.201,0.030,0
"2018-11-02T16:00:00Z","2018-11-02T16:30:00Z",1.338,1.162,1.637,0.022,18,2.201,0.035,1
"2018-11-02T16:30:00Z","2018-11-02T17:00:00Z",,,,,,,,1
"2018-11-02T17:00:00Z","2018-11-02T17:30:00Z",,,,,,,,1
"2018-11-02T17:30:00Z","2018-11-02T18:00:00Z",,,,,,,,1
"2018-11-02T18:00:00Z","2018-11-02T18:30:00Z",,,,,,,,1
"2018-11-02T18:30:00Z","2018-11-02T19:00:00Z",,,,,,,,1
"2018-11-02T19:00:00Z","2018-11-02T19:30:00Z",,,,,,,,1
"2018-11-02T19:30:00Z","2018-11-02T20:00:00Z",,,,,,,,1
"2018-11-02T20:00:00Z","2018-11-02T20:30:00Z",,,,,,,,1
"2018-11-02T20:30:00Z","2018-11-02T21:00:00Z",,,,,,,,1
"2018-11-02T21:00:00Z","2018-11-02T21:30:00Z",,,,,,,,1
"2018-11-02T21:30:00Z","2018-11-02T22:00:00Z",,,,,,,,1
"2018-11-02T22:00:00Z","2018-11-02T22:30:00Z",,,,,,,,1
"2018-11-02T22:30:00Z","2018-11-02T23:00:00Z",,,,,,,,1
"2018-11-02T23:00:00Z","2018-11-02T23:30:00Z",,,,,,,,1
"2018-11-02T23:30:00Z","2018-11-03T00:00:00Z",,,,,,,,1
"2018-11-03T00:00:00Z","2018-11-03T00:30:00Z",,,,,,,,1
"2018-11-03T00:30:00Z","2018-11-03T01:00:00Z",,,,,,,,1
"2018-11-03T01:00:00Z","2018-11-03T01:30:00Z",,,,,,,,1
"2018-11-03T01:30:00Z","2018-11-03T02:00:00Z",,,,,,,,1
"2018-11-03T02:00:00Z","2018-11-03T02:30:00Z",,,,,,,,1
"2018-11-03T02:30:00Z","2018-11-03T03:00:00Z",,,,,,,,1
"2018-11-03T03:00:00Z","2018-11-03T03:30:00Z",,,,,,,,1
"2018-11-03T03:30:00Z","2018-11-03T04:00:00Z",,,,,,,,1
"2018-11-03T04:00:00Z","2018-11-03T04:30:00Z",,,,,,,,1
"2018-11-03T04:30:00Z","2018-11-03T05:00:00Z",,,,,,,,1
"2018-11-03T05:00:00Z","2018-11-03T05:30:00Z",,,,,,,,1
"2018-11-03T05:30:00Z","2018-11-03T06:00:00Z",,,,,,,,1
"2018-11-03T06:00:00Z","2018-11-03T06:30:00Z",,,,,,,,1
"2018-11-03T06:30:00Z","2018-11-03T07:00:00Z",,,,,,,,1
"2018-11-03T07:00:00Z","2018-11-03T07:30:00Z",,,,,,,,1
"2018-11-03T07:30:00Z","2018-11-03T08:00:00Z",,,,,,,,1
"2018-11-03T08:00:00Z","2018-11-03T08:30:00Z",,,,,,,,1
"2018-11-03T08:30:00Z","2018-11-03T09:00:00Z",,,,,,,,1
"2018-11-03T09:00:00Z","2018-11-03T09:30:00Z",,,,,,,,1
"2018-11-03T09:30:00Z","2018-11-03T10:00:00Z",,,,,,,,1
"2018-11-03T10:00:00Z","2018-11-03T10:30:00Z",,,,,,,,1
"2018-11-03T10:30:00Z","2018-11-03T11:00:00Z",,,,,,,,1
"2018-11-03T11:00:00Z","2018-11-03T11:30:00Z",,,,,,,,1
"2018-11-03T11:30:00Z","2018-11-03T12:00:00Z",,,,,,,,1
"2018-11-03T12:00:00Z","2018-11-03T12:30:00Z",,,,,,,,1
"2018-11-03T12:30:00Z","2018-11-03T13:00:00Z",,,,,,,,1
"2018-11-03T13:00:00Z","2018-11-03T13:30:00Z",,,,,,,,1
"2018-11-03T13:30:00Z","2018-11-03T14:00:00Z",,,,,,,,1
"2018-11-03T14:00:00Z","2018-11-03T14:30:00Z",,,,,,,,1
"2018-11-03T14:30:00Z","2018-11-03T15:00:00Z",,,,,,,,1
"2018-11-03T15:00:00Z","2018-11-03T15:30:00Z",,,,,,,,1
"2018-11-03T15:30:00Z","2018-11-03T16:00:00Z",,,,,,,,1
"2018-11-03T16:00:00Z","2018-11-03T16:30:00Z",,,,,,,,1
"2018-11-03T16:30:00Z","2018-11-03T17:00:00Z",,,,,,,,1
"2018-11-03T17:00:00Z","2018-11-03T17:30:00Z",,,,,,,,1
"2018-11-03T17:30:00Z","2018-11-03T18:00:00Z",,,,,,,,1
"2018-11-03T18:00:00Z","2018-11-03T18:30:00Z",,,,,,,,1
"2018-11-03T18:30:00Z","2018-11-03T19:00:00Z",,,,,,,,1
"2018-11-03T19:00:00Z","2018-11-03T19:30:00Z",,,,,,,,1
"2018-11-03T19:30:00Z","2018-11-03T20:00:00Z",,,,,,,,1
"2018-11-03T20:00:00Z","2018-11-03T20:30:00Z",,,,,,,,1
"2018-11-03T20:30:00Z","2018-11-03T21:00:00Z",,,,,,,,1
"2018-11-03T21:00:00Z","2018-11-03T21:30:00Z",,,,,,,,1
"2018-11-03T21:30:00Z","2018-11-03T22:00:00Z",,,,,,,,1
"2018-11-03T22:00:00Z","2018-11-03T22:30:00Z",,,,,,,,1
"2018-11-03T22:30:00Z","2018-11-03T23:00:00Z",,,,,,,,1
"2018-11-03T23:00:00Z","2018-11-03T23:30:00Z",,,,,,,,1
"2018-11-03T23:30:00Z","2018-11-04T00:00:00Z",,,,,,,,1
"2018-11-04T00:00:00Z","2018-11-04T00:30:00Z",,,,,,,,1
"2018-11-04T00:30:00Z","2018-11-04T01:00:00Z",,,,,,,,1
"2018-11-04T01:00:00Z","2018-11-04T01:30:00Z",,,,,,,,1
"2018-11-04T01:30:00Z","2018-11-04T02:00:00Z",,,,,,,,1
"2018-11-04T02:00:00Z","2018-11-04T02:30:00Z",,,,,,,,1
"2018-11-04T02:30:00Z","2018-11-04T03:00:00Z",,,,,,,,1
"2018-11-04T03:00:00Z","2018-11-04T03:30:00Z",,,,,,,,1
"2018-11-04T03:30:00Z","2018-11-04T04:00:00Z",,,,,,,,1
"2018-11-04T04:00:00Z","2018-11-04T04:30:00Z",,,,,,,,1
"2018-11-04T04:30:00Z","2018-11-04T05:00:00Z",,,,,,,,1
"2018-11-04T05:00:00Z","2018-11-04T05:30:00Z",,,,,,,,1
"2018-11-04T05:30:00Z","2018-11-04T06:00:00Z",,,,,,,,1
"2018-11-04T06:00:00Z","2018-11-04T06:30:00Z",,,,,,,,1
"2018-11-04T06:30:00Z","2018-11-04T07:00:00Z",,,,,,,,1
"2018-11-04T07:00:00Z","2018-11-04T07:30:00Z",,,,,,,,1
"2018-11-04T07:30:00Z","2018-11-04T08:00:00Z",,,,,,,,1
"2018-11-04T08:00:00Z","2018-11-04T08:30:00Z",,,,,,,,1
"2018-11-04T08:30:00Z","2018-11-04T09:00:00Z",,,,,,,,1
"2018-11-04T09:00:00Z","2018-11-04T09:30:00Z",,,,,,,,1
"2018-11-04T09:30:00Z","2018-11-04T10:00:00Z",,,,,,,,1
"2018-11-04T10:00:00Z","2018-11-04T10:30:00Z",,,,,,,,1
"2018-11-04T10:30:00Z","2018-11-04T11:00:00Z",,,,,,,,1
"2018-11-04T11:00:00Z","2018-11-04T11:30:00Z",,,,,,,,1
"2018-11-04T11:30:00Z","2018-11-04T12:00:00Z",,,,,,,,1
"2018-11-04T12:00:00Z","2018-11-04T12:30:00Z",,,,,,,,1
"2018-11-04T12:30:00Z","2018-11-04T13:00:00Z",,,,,,,,1
"2018-11-04T13:00:00Z","2018-11-04T13:30:00Z",,,,,,,,1
"2018-11-04T13:30:00Z","2018-11-04T14:00:00Z",,,,,,,,1
"2018-11-04T14:00:00Z","2018-11-04T14:30:00Z",,,,,,,,1
"2018-11-04T14:30:00Z","2018-11-04T15:00:00Z",,,,,,,,1
"2018-11-04T15:00:00Z","2018-11-04T15:30:00Z",,,,,,,,1
"2018-11-04T15:30:00Z","2018-11-04T16:00:00Z",,,,,,,,1
"2018-11-04T16:00:00Z","2018-11-04T16:30:00Z",,,,,,,,1
"2018-11-04T16:30:00Z","2018-11-04T17:00:00Z",,,,,,,,1
"2018-11-04T17:00:00Z","2018-11-04T17:30:00Z",,,,,,,,1
"2018-11-04T17:30:00Z","2018-11-04T18:00:00Z",,,,,,,,1
"2018-11-04T18:00:00Z","2018-11-04T18:30:00Z",,,,,,,,1
"2018-11-04T18:30:00Z","2018-11-04T19:00:00Z",,,,,,,,1
"2018-11-04T19:00:00Z","2018-11-04T19:30:00Z",,,,,,,,1
"2018-11-04T19:30:00Z","2018-11-04T20:00:00Z",,,,,,,,1
"2018-11-04T20:00:00Z","2018-11-04T20:30:00Z",,,,,,,,1
"2018-11-04T20:30:00Z","2018-11-04T21:00:00Z",,,,,,,,1
"2018-11-04T21:00:00Z","2018-11-04T21:30:00Z",,,,,,,,1
"2018-11-04T21:30:00Z","2018-11-04T22:00:00Z",,,,,,,,1
"2018-11-04T22:00:00Z","2018-11-04T22:30:00Z",,,,,,,,1
"2018-11-04T22:30:00Z","2018-11-04T23:00:00Z",,,,,,,,1
"2018-11-04T23:00:00Z","2018-11-04T23:30:00Z",,,,,,,,1
"2018-11-04T23:30:00Z","2018-11-05T00:00:00Z",,,,,,,,1
"2018-11-05T00:00:00Z","2018-11-05T00:30:00Z",,,,,,,,1
"2018-11-05T00:30:00Z","2018-11-05T01:00:00Z",,,,,,,,1
"2018-11-05T01:00:00Z","2018-11-05T01:30:00Z",,,,,,,,1
"2018-11-05T01:30:00Z","2018-11-05T02:00:00Z",,,,,,,,1
"2018-11-05T02:00:00Z","2018-11-05T02:30:00Z",,,,,,,,1
"2018-11-05T02:30:00Z","2018-11-05T03:00:00Z",,,,,,,,1
"2018-11-05T03:00:00Z","2018-11-05T03:30:00Z",,,,,,,,1
"2018-11-05T03:30:00Z","2018-11-05T04:00:00Z",,,,,,,,1
"2018-11-05T04:00:00Z","2018-11-05T04:30:00Z",,,,,,,,1
"2018-11-05T04:30:00Z","2018-11-05T05:00:00Z",,,,,,,,1
"2018-11-05T05:00:00Z","2018-11-05T05:30:00Z",,,,,,,,1
"2018-11-05T05:30:00Z","2018-11-05T06:00:00Z",,,,,,,,1
"2018-11-05T06:00:00Z","2018-11-05T06:30:00Z",,,,,,,,1
"2018-11-05T06:30:00Z","2018-11-05T07:00:00Z",,,,,,,,1
"2018-11-05T07:00:00Z","2018-11-05T07:30:00Z",,,,,,,,1
"2018-11-05T07:30:00Z","2018-11-05T08:00:00Z",,,,,,,,1
"2018-11-05T08:00:00Z","2018-11-05T08:30:00Z",,,,,,,,1
"2018-11-05T08:30:00Z","2018-11-05T09:00:00Z",,,,,,,,1
"2018-11-05T09:00:00Z","2018-11-05T09:30:00Z",,,,,,,,1
"2018-11-05T09:30:00Z","2018-11-05T10:00:00Z",,,,,,,,1
"2018-11-05T10:00:00Z","2018-11-05T10:30:00Z",,,,,,,,1
"2018-11-05T10:30:00Z","2018-11-05T11:00:00Z",,,,,,,,1
"2018-11-05T11:00:00Z","2018-11-05T11:30:00Z",,,,,,,,1
"2018-11-05T11:30:00Z","2018-11-05T12:00:00Z",,,,,,,,1
"2018-11-05T12:00:00Z","2018-11-05T12:30:00Z",,,,,,,,1
"2018-11-05T12:30:00Z","2018-11-05T13:00:00Z",,,,,,,,1
"2018-11-05T13:00:00Z","2018-11-05T13:30:00Z",,,,,,,,1
"2018-11-05T13:30:00Z","2018-11-05T14:00:00Z",,,,,,,,1
"2018-11-05T14:00:00Z","2018-11-05T14:30:00Z",,,,,,,,1
"2018-11-05T14:30:00Z","2018-11-05T15:00:00Z",,,,,,,,1
"2018-11-05T15:00:00Z","2018-11-05T15:30:00Z",,,,,,,,1
"2018-11-05T15:30:00Z","2018-11-05T16:00:00Z",,,,,,,,1
"2018-11-05T16:00:00Z","2018-11-05T16:30:00Z",,,,,,,,1
"2018-11-05T16:30:00Z","2018-11-05T17:00:00Z",,,,,,,,1
"2018-11-05T17:00:00Z","2018-11-05T17:30:00Z",,,,,,,,1
"2018-11-05T17:30:00Z","2018-11-05T18:00:00Z",,,,,,,,1
"2018-11-05T18:00:00Z","2018-11-05T18:30:00Z",,,,,,,,1
"2018-11-05T18:30:00Z","2018-11-05T19:00:00Z",,,,,,,,1
"2018-11-05T19:00:00Z","2018-11-05T19:30:00Z",,,,,,,,1
"2018-11-05T19:30:00Z","2018-11-05T20:00:00Z",,,,,,,,1
"2018-11-05T20:00:00Z","2018-11-05T20:30:00Z",,,,,,,,1
"2018-11-05T20:30:00Z","2018-11-05T21:00:00Z",,,,,,,,1
"2018-11-05T21:00:00Z","2018-11-05T21:30:00Z",,,,,,,,1
"2018-11-05T21:30:00Z","2018-11-05T22:00:00Z",,,,,,,,1
"2018-11-05T22:00:00Z","2018-11-05T22:30:00Z",,,,,,,,1
"2018-11-05T22:30:00Z","2018-11-05T23:00:00Z",,,,,,,,1
"2018-11-05T23:00:00Z","2018-11-05T23:30:00Z",,,,,,,,1
"2018-11-05T23:30:00Z","2018-11-06T00:00:00Z",,,,,,,,1
"2018-11-06T00:00:00Z","2018-11-06T00:30:00Z",,,,,,,,1
"2018-11-06T00:30:00Z","2018-11-06T01:00:00Z",,,,,,,,1
"2018-11-06T01:00:00Z","2018-11-06T01:30:00Z",,,,,,,,1
"2018-11-06T01:30:00Z","2018-11-06T02:00:00Z",,,,,,,,1
"2018-11-06T02:00:00Z","2018-11-06T02:30:00Z",,,,,,,,1
"2018-11-06T02:30:00Z","2018-11-06T03:00:00Z",,,,,,,,1
"2018-11-06T03:00:00Z","2018-11-06T03:30:00Z",,,,,,,,1
"2018-11-06T03:30:00Z","2018-11-06T04:00:00Z",,,,,,,,1
"2018-11-06T04:00:00Z","2018-11-06T04:30:00Z",,,,,,,,1
"2018-11-06T04:30:00Z","2018-11-06T05:00:00Z",,,,,,,,1
"2018-11-06T05:00:00Z","2018-11-06T05:30:00Z",,,,,,,,1
"2018-11-06T05:30:00Z","2018-11-06T06:00:00Z",,,,,,,,1
"2018-11-06T06:00:00Z","2018-11-06T06:30:00Z",,,,,,,,1
"2018-11-06T06:30:00Z","2018-11-06T07:00:00Z",,,,,,,,1
"2018-11-06T07:00:00Z","2018-11-06T07:30:00Z",,,,,,,,1
"2018-11-06T07:30:00Z","2018-11-06T08:00:00Z",,,,,,,,1
"2018-11-06T08:00:00Z","2018-11-06T08:30:00Z",,,,,,,,1
"2018-11-06T08:30:00Z","2018-11-06T09:00:00Z",,,,,,,,1
"2018-11-06T09:00:00Z","2018-11-06T09:30:00Z",,,,,,,,1
"2018-11-06T09:30:00Z","2018-11-06T10:00:00Z",,,,,,,,1
"2018-11-06T10:00:00Z","2018-11-06T10:30:00Z",,,,,,,,1
"2018-11-06T10:30:00Z","2018-11-06T11:00:00Z",,,,,,,,1
"2018-11-06T11:00:00Z","2018-11-06T11:30:00Z",,,,,,,,1
"2018-11-06T11:30:00Z","2018-11-06T12:00:00Z",,,,,,,,1
"2018-11-06T12:00:00Z","2018-11-06T12:30:00Z",,,,,,,,1
"2018-11-06T12:30:00Z","2018-11-06T13:00:00Z",,,,,,,,1
"2018-11-06T13:00:00Z","2018-11-06T13:30:00Z",,,,,,,,1
"2018-11-06T13:30:00Z","2018-11-06T14:00:00Z",,,,,,,,1
"2018-11-06T14:00:00Z","2018-11-06T14:30:00Z",,,,,,,,1
"2018-11-06T14:30:00Z","2018-11-06T15:00:00Z",,,,,,,,1
"2018-11-06T15:00:00Z","2018-11-06T15:30:00Z",,,,,,,,1
"2018-11-06T15:30:00Z","2018-11-06T16:00:00Z",,,,,,,,1
"2018-11-06T16:00:00Z","2018-11-06T16:30:00Z",,,,,,,,1
"2018-11-06T16:30:00Z","2018-11-06T17:00:00Z",,,,,,,,1
"2018-11-06T17:00:00Z","2018-11-06T17:30:00Z",,,,,,,,1
"2018-11-06T17:30:00Z","2018-11-06T18:00:00Z",,,,,,,,1
"2018-11-06T18:00:00Z","2018-11-06T18:30:00Z",,,,,,,,1
"2018-11-06T18:30:00Z","2018-11-06T19:00:00Z",,,,,,,,1
"2018-11-06T19:00:00Z","2018-11-06T19:30:00Z",,,,,,,,1
"2018-11-06T19:30:00Z","2018-11-06T20:00:00Z",,,,,,,,1
"2018-11-06T20:00:00Z","2018-11-06T20:30:00Z",,,,,,,,1
"2018-11-06T20:30:00Z","2018-11-06T21:00:00Z",,,,,,,,1
"2018-11-06T21:00:00Z","2018-11-06T21:30:00Z",,,,,,,,1
"2018-11-06T21:30:00Z","2018-11-06T22:00:00Z",,,,,,,,1
"2018-11-06T22:00:00Z","2018-11-06T22:30:00Z",,,,,,,,1
"2018-11-06T22:30:00Z","2018-11-06T23:00:00Z",,,,,,,,1
"2018-11-06T23:00:00Z","2018-11-06T23:30:00Z",,,,,,,,1
"2018-11-06T23:30:00Z","2018-11-07T00:00:00Z",,,,,,,,1
"2018-11-07T00:00:00Z","2018-11-07T00:30:00Z",,,,,,,,1
"2018-11-07T00:30:00Z","2018-11-07T01:00:00Z",,,,,,,,1
"2018-11-07T01:00:00Z","2018-11-07T01:30:00Z",,,,,,,,1
"2018-11-07T01:30:00Z","2018-11-07T02:00:00Z",,,,,,,,1
"2018-11-07T02:00:00Z","2018-11-07T02:30:00Z",,,,,,,,1
"2018-11-07T02:30:00Z","2018-11-07T03:00:00Z",,,,,,,,1
"2018-11-07T03:00:00Z","2018-11-07T03:30:00Z",,,,,,,,1
"2018-11-07T03:30:00Z","2018-11-07T04:00:00Z",,,,,,,,1
"2018-11-07T04:00:00Z","2018-11-07T04:30:00Z",,,,,,,,1
"2018-11-07T04:30:00Z","2018-11-07T05:00:00Z",,,,,,,,1
"2018-11-07T05:00:00Z","2018-11-07T05:30:00Z",,,,,,,,1
"2018-11-07T05:30:00Z","2018-11-07T06:00:00Z",,,,,,,,1
"2018-11-07T06:00:00Z","2018-11-07T06:30:00Z",,,,,,,,1
"2018-11-07T06:30:00Z","2018-11-07T07:00:00Z",,,,,,,,1
"2018-11-07T07:00:00Z","2018-11-07T07:30:00Z",,,,,,,,1
"2018-11-07T07:30:00Z","2018-11-07T08:00:00Z",,,,,,,,1
"2018-11-07T08:00:00Z","2018-11-07T08:30:00Z",,,,,,,,1
"2018-11-07T08:30:00Z","2018-11-07T09:00:00Z",,,,,,,,1
"2018-11-07T09:00:00Z","2018-11-07T09:30:00Z",,,,,,,,1
"2018-11-07T09:30:00Z","2018-11-07T10:00:00Z",,,,,,,,1
"2018-11-07T10:00:00Z","2018-11-07T10:30:00Z",,,,,,,,1
"2018-11-07T10:30:00Z","2018-11-07T11:00:00Z",,,,,,,,1
"2018-11-07T11:00:00Z","2018-11-07T11:30:00Z",,,,,,,,1
"2018-11-07T11:30:00Z","2018-11-07T12:00:00Z",,,,,,,,1
"2018-11-07T12:00:00Z","2018-11-07T12:30:00Z",,,,,,,,1
"2018-11-07T12:30:00Z","2018-11-07T13:00:00Z",,,,,,,,1
"2018-11-07T13:00:00Z","2018-11-07T13:30:00Z",,,,,,,,1
"2018-11-07T13:30:00Z","2018-11-07T14:00:00Z",,,,,,,,1
"2018-11-07T14:00:00Z","2018-11-07T14:30:00Z",,,,,,,,1
"2018-11-07T14:30:00Z","2018-11-07T15:00:00Z",,,,,,,,1
"2018-11-07T15:00:00Z","2018-11-07T15:30:00Z",,,,,,,,1
"2018-11-07T15:30:00Z","2018-11-07T16:00:00Z",,,,,,,,1
"2018-11-07T16:00:00Z","2018-11-07T16:30:00Z",,,,,,,,1
"2018-11-07T16:30:00Z","2018-11-07T17:00:00Z",,,,,,,,1
"2018-11-07T17:00:00Z","2018-11-07T17:30:00Z",,,,,,,,1
"2018-11-07T17:30:00Z","2018-11-07T18:00:00Z",,,,,,,,1
"2018-11-07T18:00:00Z","2018-11-07T18:30:00Z",,,,,,,,1
"2018-11-07T18:30:00Z","2018-11-07T19:00:00Z",,,,,,,,1
"2018-11-07T19:00:00Z","2018-11-07T19:30:00Z",,,,,,,,1
"2018-11-07T19:30:00Z","2018-11-07T20:00:00Z",,,,,,,,1
"2018-11-07T20:00:00Z","2018-11-07T20:30:00Z",,,,,,,,1
"2018-11-07T20:30:00Z","2018-11-07T21:00:00Z",,,,,,,,1
"2018-11-07T21:00:00Z","2018-11-07T21:30:00Z",,,,,,,,1
"2018-11-07T21:30:00Z","2018-11-07T22:00:00Z",,,,,,,,1
"2018-11-07T22:00:00Z","2018-11-07T22:30:00Z",,,,,,,,1
"2018-11-07T22:30:00Z","2018-11-07T23:00:00Z",,,,,,,,1
"2018-11-07T23:00:00Z","2018-11-07T23:30:00Z",,,,,,,,1
"2018-11-07T23:30:00Z","2018-11-08T00:00:00Z",,,,,,,,1
"2018-11-08T00:00:00Z","2018-11-08T00:30:00Z",,,,,,,,1
"2018-11-08T00:30:00Z","2018-11-08T01:00:00Z",,,,,,,,1
"2018-11-08T01:00:00Z","2018-11-08T01:30:00Z",,,,,,,,1
"2018-11-08T01:30:00Z","2018-11-08T02:00:00Z",,,,,,,,1
"2018-11-08T02:00:00Z","2018-11-08T02:30:00Z",,,,,,,,1
"2018-11-08T02:30:00Z","2018-11-08T03:00:00Z",,,,,,,,1
"2018-11-08T03:00:00Z","2018-11-08T03:30:00Z",,,,,,,,1
"2018-11-08T03:30:00Z","2018-11-08T04:00:00Z",,,,,,,,1
"2018-11-08T04:00:00Z","2018-11-08T04:30:00Z",,,,,,,,1
"2018-11-08T04:30:00Z","2018-11-08T05:00:00Z",,,,,,,,1
"2018-11-08T05:00:00Z","2018-11-08T05:30:00Z",,,,,,,,1
"2018-11-08T05:30:00Z","2018-11-08T06:00:00Z",,,,,,,,1
"2018-11-08T06:00:00Z","2018-11-08T06:30:00Z",,,,,,,,1
"2018-11-08T06:30:00Z","2018-11-08T07:00:00Z",,,,,,,,1
"2018-11-08T07:00:00Z","2018-11-08T07:30:00Z",,,,,,,,1
"2018-11-08T07:30:00Z","2018-11-08T08:00:00Z",,,,,,,,1
"2018-11-08T08:00:00Z","2018-11-08T08:30:00Z",,,,,,,,1
"2018-11-08T08:30:00Z","2018-11-08T09:00:00Z",,,,,,,,1
"2018-11-08T09:00:00Z","2018-11-08T09:30:00Z",,,,,,,,1
"2018-11-08T09:30:00Z","2018-11-08T10:00:00Z",,,,,,,,1
"2018-11-08T10:00:00Z","2018-11-08T10:30:00Z",,,,,,,,1
"2018-11-08T10:30:00Z","2018-11-08T11:00:00Z",,,,,,,,1
"2018-11-08T11:00:00Z","2018-11-08T11:30:00Z",,,,,,,,1
"2018-11-08T11:30:00Z","2018-11-08T12:00:00Z",,,,,,,,1
"2018-11-08T12:00:00Z","2018-11-08T12:30:00Z",,,,,,,,1
"2018-11-08T12:30:00Z","2018-11-08T13:00:00Z",,,,,,,,1
"2018-11-08T13:00:00Z","2018-11-08T13:30:00Z",,,,,,,,1
"2018-11-08T13:30:00Z","2018-11-08T14:00:00Z",,,,,,,,1
"2018-11-08T14:00:00Z","2018-11-08T14:30:00Z",,,,,,,,1
"2018-11-08T14:30:00Z","2018-11-08T15:00:00Z",,,,,,,,1
"2018-11-08T15:00:00Z","2018-11-08T15:30:00Z",,,,,,,,1
"2018-11-08T15:30:00Z","2018-11-08T16:00:00Z",,,,,,,,1
"2018-11-08T16:00:00Z","2018-11-08T16:30:00Z",,,,,,,,1
"2018-11-08T16:30:00Z","2018-11-08T17:00:00Z",,,,,,,,1
"2018-11-08T17:00:00Z","2018-11-08T17:30:00Z",,,,,,,,1
"2018-11-08T17:30:00Z","2018-11-08T18:00:00Z",,,,,,,,1
"2018-11-08T18:00:00Z","2018-11-08T18:30:00Z",,,,,,,,1
"2018-11-08T18:30:00Z","2018-11-08T19:00:00Z",,,,,,,,1
"2018-11-08T19:00:00Z","2018-11-08T19:30:00Z",,,,,,,,1
"2018-11-08T19:30:00Z","2018-11-08T20:00:00Z",,,,,,,,1
"2018-11-08T20:00:00Z","2018-11-08T20:30:00Z",,,,,,,,1
"2018-11-08T20:30:00Z","2018-11-08T21:00:00Z",,,,,,,,1
"2018-11-08T21:00:00Z","2018-11-08T21:30:00Z",,,,,,,,1
"2018-11-08T21:30:00Z","2018-11-08T22:00:00Z",,,,,,,,1
"2018-11-08T22:00:00Z","2018-11-08T22:30:00Z",,,,,,,,1
"2018-11-08T22:30:00Z","2018-11-08T23:00:00Z",,,,,,,,1
"2018-11-08T23:00:00Z","2018-11-08T23:30:00Z",,,,,,,,1
"2018-11-08T23:30:00Z","2018-11-09T00:00:00Z",,,,,,,,1
"2018-11-09T00:00:00Z","2018-11-09T00:30:00Z",,,,,,,,1
"2018-11-09T00:30:00Z","2018-11-09T01:00:00Z",,,,,,,,1
"2018-11-09T01:00:00Z","2018-11-09T01:30:00Z",,,,,,,,1
"2018-11-09T01:30:00Z","2018-11-09T02:00:00Z",,,,,,,,1
"2018-11-09T02:00:00Z","2018-11-09T02:30:00Z",,,,,,,,1
"2018-11-09T02:30:00Z","2018-11-09T03:00:00Z",,,,,,,,1
"2018-11-09T03:00:00Z","2018-11-09T03:30:00Z",,,,,,,,1
"2018-11-09T03:30:00Z","2018-11-09T04:00:00Z",,,,,,,,1
"2018-11-09T04:00:00Z","2018-11-09T04:30:00Z",,,,,,,,1
"2018-11-09T04:30:00Z","2018-11-09T05:00:00Z",,,,,,,,1
"2018-11-09T05:00:00Z","2018-11-09T05:30:00Z",,,,,,,,1
"2018-11-09T05:30:00Z","2018-11-09T06:00:00Z",,,,,,,,1
"2018-11-09T06:00:00Z","2018-11-09T06:30:00Z",,,,,,,,1
"2018-11-09T06:30:00Z","2018-11-09T07:00:00Z",,,,,,,,1
"2018-11-09T07:00:00Z","2018-11-09T07:30:00Z",,,,,,,,1
"2018-11-09T07:30:00Z","2018-11-09T08:00:00Z",,,,,,,,1
"2018-11-09T08:00:00Z","2018-11-09T08:30:00Z",,,,,,,,1
"2018-11-09T08:30:00Z","2018-11-09T09:00:00Z",,,,,,,,1
"2018-11-09T09:00:00Z","2018-11-09T09:30:00Z",,,,,,,,1
"2018-11-09T09:30:00Z","2018-11-09T10:00:00Z",,,,,,,,1
"2018-11-09T10:00:00Z","2018-11-09T10:30:00Z",,,,,,,,1
"2018-11-09T10:30:00Z","2018-11-09T11:00:00Z",,,,,,,,1
"2018-11-09T11:00:00Z","2018-11-09T11:30:00Z",,,,,,,,1
"2018-11-09T11:30:00Z","2018-11-09T12:00:00Z",,,,,,,,1
"2018-11-09T12:00:00Z","2018-11-09T12:30:00Z",,,,,,,,1
"2018-11-09T12:30:00Z","2018-11-09T13:00:00Z",,,,,,,,1
"2018-11-09T13:00:00Z","2018-11-09T13:30:00Z",,,,,,,,1
"2018-11-09T13:30:00Z","2018-11-09T14:00:00Z",,,,,,,,1
"2018-11-09T14:00:00Z","2018-11-09T14:30:00Z",,,,,,,,1
"2018-11-09T14:30:00Z","2018-11-09T15:00:00Z",,,,,,,,1
"2018-11-09T15:00:00Z","2018-11-09T15:30:00Z",,,,,,,,1
"2018-11-09T15:30:00Z","2018-11-09T16:00:00Z",,,,,,,,1
"2018-11-09T16:00:00Z","2018-11-09T16:30:00Z",,,,,,,,1
"2018-11-09T16:30:00Z","2018-11-09T17:00:00Z",,,,,,,,1
"2018-11-09T17:00:00Z","2018-11-09T17:30:00Z",,,,,,,,1
"2018-11-09T17:30:00Z","2018-11-09T18:00:00Z",,,,,,,,1
"2018-11-09T18:00:00Z","2018-11-09T18:30:00Z",,,,,,,,1
"2018-11-09T18:30:00Z","2018-11-09T19:00:00Z",,,,,,,,1
"2018-11-09T19:00:00Z","2018-11-09T19:30:00Z",,,,,,,,1
"2018-11-09T19:30:00Z","2018-11-09T20:00:00Z",,,,,,,,1
"2018-11-09T20:00:00Z","2018-11-09T20:30:00Z",,,,,,,,1
"2018-11-09T20:30:00Z","2018-11-09T21:00:00Z",,,,,,,,1
"2018-11-09T21:00:00Z","2018-11-09T21:30:00Z",,,,,,,,1
"2018-11-09T21:30:00Z","2018-11-09T22:00:00Z",,,,,,,,1
"2018-11-09T22:00:00Z","2018-11-09T22:30:00Z",,,,,,,,1
"2018-11-09T22:30:00Z","2018-11-09T23:00:00Z",,,,,,,,1
"2018-11-09T23:00:00Z","2018-11-09T23:30:00Z",,,,,,,,1
"2018-11-09T23:30:00Z","2018-11-10T00:00:00Z",,,,,,,,1
"2018-11-10T00:00:00Z","2018-11-10T00:30:00Z",,,,,,,,1
"2018-11-10T00:30:00Z","2018-11-10T01:00:00Z",,,,,,,,1
"2018-11-10T01:00:00Z","2018-11-10T01:30:00Z",,,,,,,,1
"2018-11-10T01:30:00Z","2018-11-10T02:00:00Z",,,,,,,,1
"2018-11-10T02:00:00Z","2018-11-10T02:30:00Z",,,,,,,,1
"2018-11-10T02:30:00Z","2018-11-10T03:00:00Z",,,,,,,,1
"2018-11-10T03:00:00Z","2018-11-10T03:30:00Z",,,,,,,,1
"2018-11-10T03:30:00Z","2018-11-10T04:00:00Z",,,,,,,,1
"2018-11-10T04:00:00Z","2018-11-10T04:30:00Z",,,,,,,,1
"2018-11-10T04:30:00Z","2018-11-10T05:00:00Z",,,,,,,,1
"2018-11-10T05:00:00Z","2018-11-10T05:30:00Z",,,,,,,,1
"2018-11-10T05:30:00Z","2018-11-10T06:00:00Z",,,,,,,,1
"2018-11-10T06:00:00Z","2018-11-10T06:30:00Z",,,,,,,,1
"2018-11-10T06:30:00Z","2018-11-10T07:00:00Z",,,,,,,,1
"2018-11-10T07:00:00Z","2018-11-10T07:30:00Z",,,,,,,,1
"2018-11-10T07:30:00Z","2018-11-10T08:00:00Z",,,,,,,,1
"2018-11-10T08:00:00Z","2018-11-10T08:30:00Z",,,,,,,,1
"2018-11-10T08:30:00Z","2018-11-10T09:00:00Z",,,,,,,,1
"2018-11-10T09:00:00Z","2018-11-10T09:30:00Z",,,,,,,,1
"2018-11-10T09:30:00Z","2018-11-10T10:00:00Z",,,,,,,,1
"2018-11-10T10:00:00Z","2018-11-10T10:30:00Z",,,,,,,,1
"2018-11-10T10:30:00Z","2018-11-10T11:00:00Z",,,,,,,,1
"2018-11-10T11:00:00Z","2018-11-10T11:30:00Z",,,,,,,,1
"2018-11-10T11:30:00Z","2018-11-10T12:00:00Z",,,,,,,,1
"2018-11-10T12:00:00Z","2018-11-10T12:30:00Z",,,,,,,,1
"2018-11-10T12:30:00Z","2018-11-10T13:00:00Z",,,,,,,,1
"2018-11-10T13:00:00Z","2018-11-10T13:30:00Z",,,,,,,,1
"2018-11-10T13:30:00Z","2018-11-10T14:00:00Z",,,,,,,,1
"2018-11-10T14:00:00Z","2018-11-10T14:30:00Z",,,,,,,,1
"2018-11-10T14:30:00Z","2018-11-10T15:00:00Z",,,,,,,,1
"2018-11-10T15:00:00Z","2018-11-10T15:30:00Z",,,,,,,,1
"2018-11-10T15:30:00Z","2018-11-10T16:00:00Z",,,,,,,,1
"2018-11-10T16:00:00Z","2018-11-10T16:30:00Z",,,,,,,,1
"2018-11-10T16:30:00Z","2018-11-10T17:00:00Z",,,,,,,,1
"2018-11-10T17:00:00Z","2018-11-10T17:30:00Z",,,,,,,,1
"2018-11-10T17:30:00Z","2018-11-10T18:00:00Z",,,,,,,,1
"2018-11-10T18:00:00Z","2018-11-10T18:30:00Z",,,,,,,,1
"2018-11-10T18:30:00Z","2018-11-10T19:00:00Z",,,,,,,,1
"2018-11-10T19:00:00Z","2018-11-10T19:30:00Z",,,,,,,,1
"2018-11-10T19:30:00Z","2018-11-10T20:00:00Z",,,,,,,,1
"2018-11-10T20:00:00Z","2018-11-10T20:30:00Z",,,,,,,,1
"2018-11-10T20:30:00Z","2018-11-10T21:00:00Z",,,,,,,,1
"2018-11-10T21:00:00Z","2018-11-10T21:30:00Z",,,,,,,,1
"2018-11-10T21:30:00Z","2018-11-10T22:00:00Z",,,,,,,,1
"2018-11-10T22:00:00Z","2018-11-10T22:30:00Z",,,,,,,,1
"2018-11-10T22:30:00Z","2018-11-10T23:00:00Z",,,,,,,,1
"2018-11-10T23:00:00Z","2018-11-10T23:30:00Z",,,,,,,,1
"2018-11-10T23:30:00Z","2018-11-11T00:00:00Z",,,,,,,,1
"2018-11-11T00:00:00Z","2018-11-11T00:30:00Z",,,,,,,,1
"2018-11-11T00:30:00Z","2018-11-11T01:00:00Z",,,,,,,,1
"2018-11-11T01:00:00Z","2018-11-11T01:30:00Z",,,,,,,,1
"2018-11-11T01:30:00Z","2018-11-11T02:00:00Z",,,,,,,,1
"2018-11-11T02:00:00Z","2018-11-11T02:30:00Z",,,,,,,,1
"2018-11-11T02:30:00Z","2018-11-11T03:00:00Z",,,,,,,,1
"2018-11-11T03:00:00Z","2018-11-11T03:30:00Z",,,,,,,,1
"2018-11-11T03:30:00Z","2018-11-11T04:00:00Z",,,,,,,,1
"2018-11-11T04:00:00Z","2018-11-11T04:30:00Z",,,,,,,,1
"2018-11-11T04:30:00Z","2018-11-11T05:00:00Z",,,,,,,,1
"2018-11-11T05:00:00Z","2018-11-11T05:30:00Z",,,,,,,,1
"2018-11-11T05:30:00Z","2018-11-11T06:00:00Z",,,,,,,,1
"2018-11-11T06:00:00Z","2018-11-11T06:30:00Z",,,,,,,,1
"2018-11-11T06:30:00Z","2018-11-11T07:00:00Z",,,,,,,,1
"2018-11-11T07:00:00Z","2018-11-11T07:30:00Z",,,,,,,,1
"2018-11-11T07:30:00Z","2018-11-11T08:00:00Z",,,,,,,,1
"2018-11-11T08:00:00Z","2018-11-11T08:30:00Z",,,,,,,,1
"2018-11-11T08:30:00Z","2018-11-11T09:00:00Z",,,,,,,,1
"2018-11-11T09:00:00Z","2018-11-11T09:30:00Z",,,,,,,,1
"2018-11-11T09:30:00Z","2018-11-11T10:00:00Z",,,,,,,,1
"2018-11-11T10:00:00Z","2018-11-11T10:30:00Z",,,,,,,,1
"2018-11-11T10:30:00Z","2018-11-11T11:00:00Z",,,,,,,,1
"2018-11-11T11:00:00Z","2018-11-11T11:30:00Z",,,,,,,,1
"2018-11-11T11:30:00Z","2018-11-11T12:00:00Z",,,,,,,,1
"2018-11-11T12:00:00Z","2018-11-11T12:30:00Z",,,,,,,,1
"2018-11-11T12:30:00Z","2018-11-11T13:00:00Z",,,,,,,,1
"2018-11-11T13:00:00Z","2018-11-11T13:30:00Z",,,,,,,,1
"2018-11-11T13:30:00Z","2018-11-11T14:00:00Z",,,,,,,,1
"2018-11-11T14:00:00Z","2018-11-11T14:30:00Z",,,,,,,,1
"2018-11-11T14:30:00Z","2018-11-11T15:00:00Z",,,,,,,,1
"2018-11-11T15:00:00Z","2018-11-11T15:30:00Z",,,,,,,,1
"2018-11-11T15:30:00Z","2018-11-11T16:00:00Z",,,,,,,,1
"2018-11-11T16:00:00Z","2018-11-11T16:30:00Z",,,,,,,,1
"2018-11-11T16:30:00Z","2018-11-11T17:00:00Z",,,,,,,,1
"2018-11-11T17:00:00Z","2018-11-11T17:30:00Z",,,,,,,,1
"2018-11-11T17:30:00Z","2018-11-11T18:00:00Z",,,,,,,,1
"2018-11-11T18:00:00Z","2018-11-11T18:30:00Z",,,,,,,,1
"2018-11-11T18:30:00Z","2018-11-11T19:00:00Z",,,,,,,,1
"2018-11-11T19:00:00Z","2018-11-11T19:30:00Z",,,,,,,,1
"2018-11-11T19:30:00Z","2018-11-11T20:00:00Z",,,,,,,,1
"2018-11-11T20:00:00Z","2018-11-11T20:30:00Z",,,,,,,,1
"2018-11-11T20:30:00Z","2018-11-11T21:00:00Z",,,,,,,,1
"2018-11-11T21:00:00Z","2018-11-11T21:30:00Z",,,,,,,,1
"2018-11-11T21:30:00Z","2018-11-11T22:00:00Z",,,,,,,,1
"2018-11-11T22:00:00Z","2018-11-11T22:30:00Z",,,,,,,,1
"2018-11-11T22:30:00Z","2018-11-11T23:00:00Z",,,,,,,,1
"2018-11-11T23:00:00Z","2018-11-11T23:30:00Z",,,,,,,,1
"2018-11-11T23:30:00Z","2018-11-12T00:00:00Z",,,,,,,,1
"2018-11-12T00:00:00Z","2018-11-12T00:30:00Z",,,,,,,,1
"2018-11-12T00:30:00Z","2018-11-12T01:00:00Z",,,,,,,,1
"2018-11-12T01:00:00Z","2018-11-12T01:30:00Z",,,,,,,,1
"2018-11-12T01:30:00Z","2018-11-12T02:00:00Z",,,,,,,,1
"2018-11-12T02:00:00Z","2018-11-12T02:30:00Z",,,,,,,,1
"2018-11-12T02:30:00Z","2018-11-12T03:00:00Z",,,,,,,,1
"2018-11-12T03:00:00Z","2018-11-12T03:30:00Z",,,,,,,,1
"2018-11-12T03:30:00Z","2018-11-12T04:00:00Z",,,,,,,,1
"2018-11-12T04:00:00Z","2018-11-12T04:30:00Z",,,,,,,,1
"2018-11-12T04:30:00Z","2018-11-12T05:00:00Z",,,,,,,,1
"2018-11-12T05:00:00Z","2018-11-12T05:30:00Z",,,,,,,,1
"2018-11-12T05:30:00Z","2018-11-12T06:00:00Z",,,,,,,,1
"2018-11-12T06:00:00Z","2018-11-12T06:30:00Z",,,,,,,,1
"2018-11-12T06:30:00Z","2018-11-12T07:00:00Z",,,,,,,,1
"2018-11-12T07:00:00Z","2018-11-12T07:30:00Z",,,,,,,,1
"2018-11-12T07:30:00Z","2018-11-12T08:00:00Z",,,,,,,,1
"2018-11-12T08:00:00Z","2018-11-12T08:30:00Z",,,,,,,,1
"2018-11-12T08:30:00Z","2018-11-12T09:00:00Z",,,,,,,,1
"2018-11-12T09:00:00Z","2018-11-12T09:30:00Z",,,,,,,,1
"2018-11-12T09:30:00Z","2018-11-12T10:00:00Z",,,,,,,,1
"2018-11-12T10:00:00Z","2018-11-12T10:30:00Z",,,,,,,,1
"2018-11-12T10:30:00Z","2018-11-12T11:00:00Z",,,,,,,,1
"2018-11-12T11:00:00Z","2018-11-12T11:30:00Z",,,,,,,,1
"2018-11-12T11:30:00Z","2018-11-12T12:00:00Z",,,,,,,,1
"2018-11-12T12:00:00Z","2018-11-12T12:30:00Z",,,,,,,,1
"2018-11-12T12:30:00Z","2018-11-12T13:00:00Z",,,,,,,,1
"2018-11-12T13:00:00Z","2018-11-12T13:30:00Z",,,,,,,,1
"2018-11-12T13:30:00Z","2018-11-12T14:00:00Z",,,,,,,,1
"2018-11-12T14:00:00Z","2018-11-12T14:30:00Z",,,,,,,,1
"2018-11-12T14:30:00Z","2018-11-12T15:00:00Z",,,,,,,,1
"2018-11-12T15:00:00Z","2018-11-12T15:30:00Z",,,,,,,,1
"2018-11-12T15:30:00Z","2018-11-12T16:00:00Z",,,,,,,,1
"2018-11-12T16:00:00Z","2018-11-12T16:30:00Z",,,,,,,,1
"2018-11-12T16:30:00Z","2018-11-12T17:00:00Z",,,,,,,,1
"2018-11-12T17:00:00Z","2018-11-12T17:30:00Z",,,,,,,,1
"2018-11-12T17:30:00Z","2018-11-12T18:00:00Z",,,,,,,,1
"2018-11-12T18:00:00Z","2018-11-12T18:30:00Z",,,,,,,,1
"2018-11-12T18:30:00Z","2018-11-12T19:00:00Z",,,,,,,,1
"2018-11-12T19:00:00Z","2018-11-12T19:30:00Z",,,,,,,,1
"2018-11-12T19:30:00Z","2018-11-12T20:00:00Z",,,,,,,,1
"2018-11-12T20:00:00Z","2018-11-12T20:30:00Z",,,,,,,,1
"2018-11-12T20:30:00Z","2018-11-12T21:00:00Z",,,,,,,,1
"2018-11-12T21:00:00Z","2018-11-12T21:30:00Z",,,,,,,,1
"2018-11-12T21:30:00Z","2018-11-12T22:00:00Z",,,,,,,,1
"2018-11-12T22:00:00Z","2018-11-12T22:30:00Z",,,,,,,,1
"2018-11-12T22:30:00Z","2018-11-12T23:00:00Z",,,,,,,,1
"2018-11-12T23:00:00Z","2018-11-12T23:30:00Z",,,,,,,,1
"2018-11-12T23:30:00Z","2018-11-13T00:00:00Z",,,,,,,,1
"2018-11-13T00:00:00Z","2018-11-13T00:30:00Z",,,,,,,,1
"2018-11-13T00:30:00Z","2018-11-13T01:00:00Z",,,,,,,,1
"2018-11-13T01:00:00Z","2018-11-13T01:30:00Z",,,,,,,,1
"2018-11-13T01:30:00Z","2018-11-13T02:00:00Z",,,,,,,,1
"2018-11-13T02:00:00Z","2018-11-13T02:30:00Z",,,,,,,,1
"2018-11-13T02:30:00Z","2018-11-13T03:00:00Z",,,,,,,,1
"2018-11-13T03:00:00Z","2018-11-13T03:30:00Z",,,,,,,,1
"2018-11-13T03:30:00Z","2018-11-13T04:00:00Z",,,,,,,,1
"2018-11-13T04:00:00Z","2018-11-13T04:30:00Z",,,,,,,,1
"2018-11-13T04:30:00Z","2018-11-13T05:00:00Z",,,,,,,,1
"2018-11-13T05:00:00Z","2018-11-13T05:30:00Z",,,,,,,,1
"2018-11-13T05:30:00Z","2018-11-13T06:00:00Z",,,,,,,,1
"2018-11-13T06:00:00Z","2018-11-13T06:30:00Z",,,,,,,,1
"2018-11-13T06:30:00Z","2018-11-13T07:00:00Z",,,,,,,,1
"2018-11-13T07:00:00Z","2018-11-13T07:30:00Z",,,,,,,,1
"2018-11-13T07:30:00Z","2018-11-13T08:00:00Z",,,,,,,,1
"2018-11-13T08:00:00Z","2018-11-13T08:30:00Z",,,,,,,,1
"2018-11-13T08:30:00Z","2018-11-13T09:00:00Z",,,,,,,,1
"2018-11-13T09:00:00Z","2018-11-13T09:30:00Z",,,,,,,,1
"2018-11-13T09:30:00Z","2018-11-13T10:00:00Z",,,,,,,,1
"2018-11-13T10:00:00Z","2018-11-13T10:30:00Z",,,,,,,,1
"2018-11-13T10:30:00Z","2018-11-13T11:00:00Z",,,,,,,,1
"2018-11-13T11:00:00Z","2018-11-13T11:30:00Z",,,,,,,,1
"2018-11-13T11:30:00Z","2018-11-13T12:00:00Z",,,,,,,,1
"2018-11-13T12:00:00Z","2018-11-13T12:30:00Z",,,,,,,,1
"2018-11-13T12:30:00Z","2018-11-13T13:00:00Z",,,,,,,,1
"2018-11-13T13:00:00Z","2018-11-13T13:30:00Z",,,,,,,,1
"2018-11-13T13:30:00Z","2018-11-13T14:00:00Z",,,,,,,,1
"2018-11-13T14:00:00Z","2018-11-13T14:30:00Z",,,,,,,,1
"2018-11-13T14:30:00Z","2018-11-13T15:00:00Z",,,,,,,,1
"2018-11-13T15:00:00Z","2018-11-13T15:30:00Z",,,,,,,,1
"2018-11-13T15:30:00Z","2018-11-13T16:00:00Z",,,,,,,,1
"2018-11-13T16:00:00Z","2018-11-13T16:30:00Z",,,,,,,,1
"2018-11-13T16:30:00Z","2018-11-13T17:00:00Z",,,,,,,,1
"2018-11-13T17:00:00Z","2018-11-13T17:30:00Z",,,,,,,,1
"2018-11-13T17:30:00Z","2018-11-13T18:00:00Z",,,,,,,,1
"2018-11-13T18:00:00Z","2018-11-13T18:30:00Z",,,,,,,,1
"2018-11-13T18:30:00Z","2018-11-13T19:00:00Z",,,,,,,,1
"2018-11-13T19:00:00Z","2018-11-13T19:30:00Z",,,,,,,,1
"2018-11-13T19:30:00Z","2018-11-13T20:00:00Z",,,,,,,,1
"2018-11-13T20:00:00Z","2018-11-13T20:30:00Z",,,,,,,,1
"2018-11-13T20:30:00Z","2018-11-13T21:00:00Z",,,,,,,,1
"2018-11-13T21:00:00Z","2018-11-13T21:30:00Z",,,,,,,,1
"2018-11-13T21:30:00Z","2018-11-13T22:00:00Z",,,,,,,,1
"2018-11-13T22:00:00Z","2018-11-13T22:30:00Z",,,,,,,,1
"2018-11-13T22:30:00Z","2018-11-13T23:00:00Z",,,,,,,,1
"2018-11-13T23:00:00Z","2018-11-13T23:30:00Z",,,,,,,,1
"2018-11-13T23:30:00Z","2018-11-14T00:00:00Z",,,,,,,,1
"2018-11-14T00:00:00Z","2018-11-14T00:30:00Z",,,,,,,,1
"2018-11-14T00:30:00Z","2018-11-14T01:00:00Z",,,,,,,,1
"2018-11-14T01:00:00Z","2018-11-14T01:30:00Z",,,,,,,,1
"2018-11-14T01:30:00Z","2018-11-14T02:00:00Z",,,,,,,,1
"2018-11-14T02:00:00Z","2018-11-14T02:30:00Z",,,,,,,,1
"2018-11-14T02:30:00Z","2018-11-14T03:00:00Z",,,,,,,,1
"2018-11-14T03:00:00Z","2018-11-14T03:30:00Z",,,,,,,,1
"2018-11-14T03:30:00Z","2018-11-14T04:00:00Z",,,,,,,,1
"2018-11-14T04:00:00Z","2018-11-14T04:30:00Z",,,,,,,,1
"2018-11-14T04:30:00Z","2018-11-14T05:00:00Z",,,,,,,,1
"2018-11-14T05:00:00Z","2018-11-14T05:30:00Z",,,,,,,,1
"2018-11-14T05:30:00Z","2018-11-14T06:00:00Z",,,,,,,,1
"2018-11-14T06:00:00Z","2018-11-14T06:30:00Z",,,,,,,,1
"2018-11-14T06:30:00Z","2018-11-14T07:00:00Z",,,,,,,,1
"2018-11-14T07:00:00Z","2018-11-14T07:30:00Z",,,,,,,,1
"2018-11-14T07:30:00Z","2018-11-14T08:00:00Z",,,,,,,,1
"2018-11-14T08:00:00Z","2018-11-14T08:30:00Z",,,,,,,,1
"2018-11-14T08:30:00Z","2018-11-14T09:00:00Z",,,,,,,,1
"2018-11-14T09:00:00Z","2018-11-14T09:30:00Z",,,,,,,,1
"2018-11-14T09:30:00Z","2018-11-14T10:00:00Z",,,,,,,,1
"2018-11-14T10:00:00Z","2018-11-14T10:30:00Z",,,,,,,,1
"2018-11-14T10:30:00Z","2018-11-14T11:00:00Z",,,,,,,,1
"2018-11-14T11:00:00Z","2018-11-14T11:30:00Z",,,,,,,,1
"2018-11-14T11:30:00Z","2018-11-14T12:00:00Z",,,,,,,,1
"2018-11-14T12:00:00Z","2018-11-14T12:30:00Z",,,,,,,,1
"2018-11-14T12:30:00Z","2018-11-14T13:00:00Z",,,,,,,,1
"2018-11-14T13:00:00Z","2018-11-14T13:30:00Z",,,,,,,,1
"2018-11-14T13:30:00Z","2018-11-14T14:00:00Z",,,,,,,,1
"2018-11-14T14:00:00Z","2018-11-14T14:30:00Z",,,,,,,,1
"2018-11-14T14:30:00Z","2018-11-14T15:00:00Z",,,,,,,,1
"2018-11-14T15:00:00Z","2018-11-14T15:30:00Z",,,,,,,,1
"2018-11-14T15:30:00Z","2018-11-14T16:00:00Z",,,,,,,,1
"2018-11-14T16:00:00Z","2018-11-14T16:30:00Z",,,,,,,,1
"2018-11-14T16:30:00Z","2018-11-14T17:00:00Z",,,,,,,,1
"2018-11-14T17:00:00Z","2018-11-14T17:30:00Z",,,,,,,,1
"2018-11-14T17:30:00Z","2018-11-14T18:00:00Z",,,,,,,,1
"2018-11-14T18:00:00Z","2018-11-14T18:30:00Z",,,,,,,,1
"2018-11-14T18:30:00Z","2018-11-14T19:00:00Z",,,,,,,,1
"2018-11-14T19:00:00Z","2018-11-14T19:30:00Z",,,,,,,,1
"2018-11-14T19:30:00Z","2018-11-14T20:00:00Z",,,,,,,,1
"2018-11-14T20:00:00Z","2018-11-14T20:30:00Z",,,,,,,,1
"2018-11-14T20:30:00Z","2018-11-14T21:00:00Z",,,,,,,,1
"2018-11-14T21:00:00Z","2018-11-14T21:30:00Z",,,,,,,,1
"2018-11-14T21:30:00Z","2018-11-14T22:00:00Z",,,,,,,,1
"2018-11-14T22:00:00Z","2018-11-14T22:30:00Z",,,,,,,,1
"2018-11-14T22:30:00Z","2018-11-14T23:00:00Z",,,,,,,,1
"2018-11-14T23:00:00Z","2018-11-14T23:30:00Z",,,,,,,,1
"2018-11-14T23:30:00Z","2018-11-15T00:00:00Z",,,,,,,,1
"2018-11-15T00:00:00Z","2018-11-15T00:30:00Z",,,,,,,,1
"2018-11-15T00:30:00Z","2018-11-15T01:00:00Z",,,,,,,,1
"2018-11-15T01:00:00Z","2018-11-15T01:30:00Z",,,,,,,,1
"2018-11-15T01:30:00Z","2018-11-15T02:00:00Z",,,,,,,,1
"2018-11-15T02:00:00Z","2018-11-15T02:30:00Z",,,,,,,,1
"2018-11-15T02:30:00Z","2018-11-15T03:00:00Z",,,,,,,,1
"2018-11-15T03:00:00Z","2018-11-15T03:30:00Z",,,,,,,,1
"2018-11-15T03:30:00Z","2018-11-15T04:00:00Z",,,,,,,,1
"2018-11-15T04:00:00Z","2018-11-15T04:30:00Z",,,,,,,,1
"2018-11-15T04:30:00Z","2018-11-15T05:00:00Z",,,,,,,,1
"2018-11-15T05:00:00Z","2018-11-15T05:30:00Z",,,,,,,,1
"2018-11-15T05:30:00Z","2018-11-15T06:00:00Z",,,,,,,,1
"2018-11-15T06:00:00Z","2018-11-15T06:30:00Z",,,,,,,,1
"2018-11-15T06:30:00Z","2018-11-15T07:00:00Z",,,,,,,,1
"2018-11-15T07:00:00Z","2018-11-15T07:30:00Z",,,,,,,,1
"2018-11-15T07:30:00Z","2018-11-15T08:00:00Z",,,,,,,,1
"2018-11-15T08:00:00Z","2018-11-15T08:30:00Z",,,,,,,,1
"2018-11-15T08:30:00Z","2018-11-15T09:00:00Z",,,,,,,,1
"2018-11-15T09:00:00Z","2018-11-15T09:30:00Z",,,,,,,,1
"2018-11-15T09:30:00Z","2018-11-15T10:00:00Z",,,,,,,,1
"2018-11-15T10:00:00Z","2018-11-15T10:30:00Z",,,,,,,,1
"2018-11-15T10:30:00Z","2018-11-15T11:00:00Z",,,,,,,,1
"2018-11-15T11:00:00Z","2018-11-15T11:30:00Z",,,,,,,,1
"2018-11-15T11:30:00Z","2018-11-15T12:00:00Z",,,,,,,,1
"2018-11-15T12:00:00Z","2018-11-15T12:30:00Z",,,,,,,,1
"2018-11-15T12:30:00Z","2018-11-15T13:00:00Z",,,,,,,,1
"2018-11-15T13:00:00Z","2018-11-15T13:30:00Z",,,,,,,,1
"2018-11-15T13:30:00Z","2018-11-15T14:00:00Z",,,,,,,,1
"2018-11-15T14:00:00Z","2018-11-15T14:30:00Z",,,,,,,,1
"2018-11-15T14:30:00Z","2018-11-15T15:00:00Z",,,,,,,,1
"2018-11-15T15:00:00Z","2018-11-15T15:30:00Z",,,,,,,,1
"2018-11-15T15:30:00Z","2018-11-15T16:00:00Z",,,,,,,,1
"2018-11-15T16:00:00Z","2018-11-15T16:30:00Z",,,,,,,,1
"2018-11-15T16:30:00Z","2018-11-15T17:00:00Z",,,,,,,,1
"2018-11-15T17:00:00Z","2018-11-15T17:30:00Z",,,,,,,,1
"2018-11-15T17:30:00Z","2018-11-15T18:00:00Z",,,,,,,,1
"2018-11-15T18:00:00Z","2018-11-15T18:30:00Z",,,,,,,,1
"2018-11-15T18:30:00Z","2018-11-15T19:00:00Z",,,,,,,,1
"2018-11-15T19:00:00Z","2018-11-15T19:30:00Z",,,,,,,,1
"2018-11-15T19:30:00Z","2018-11-15T20:00:00Z",,,,,,,,1
"2018-11-15T20:00:00Z","2018-11-15T20:30:00Z",,,,,,,,1
"2018-11-15T20:30:00Z","2018-11-15T21:00:00Z",,,,,,,,1
"2018-11-15T21:00:00Z","2018-11-15T21:30:00Z",,,,,,,,1
"2018-11-15T21:30:00Z","2018-11-15T22:00:00Z",,,,,,,,1
"2018-11-15T22:00:00Z","2018-11-15T22:30:00Z",,,,,,,,1
"2018-11-15T22:30:00Z","2018-11-15T23:00:00Z",,,,,,,,1
"2018-11-15T23:00:00Z","2018-11-15T23:30:00Z",,,,,,,,1
"2018-11-15T23:30:00Z","2018-11-16T00:00:00Z",,,,,,,,1
"2018-11-16T00:00:00Z","2018-11-16T00:30:00Z",,,,,,,,1
"2018-11-16T00:30:00Z","2018-11-16T01:00:00Z",,,,,,,,1
"2018-11-16T01:00:00Z","2018-11-16T01:30:00Z",,,,,,,,1
"2018-11-16T01:30:00Z","2018-11-16T02:00:00Z",,,,,,,,1
"2018-11-16T02:00:00Z","2018-11-16T02:30:00Z",,,,,,,,1
"2018-11-16T02:30:00Z","2018-11-16T03:00:00Z",,,,,,,,1
"2018-11-16T03:00:00Z","2018-11-16T03:30:00Z",,,,,,,,1
"2018-11-16T03:30:00Z","2018-11-16T04:00:00Z",,,,,,,,1
"2018-11-16T04:00:00Z","2018-11-16T04:30:00Z",,,,,,,,1
"2018-11-16T04:30:00Z","2018-11-16T05:00:00Z",,,,,,,,1
"2018-11-16T05:00:00Z","2018-11-16T05:30:00Z",,,,,,,,1
"2018-11-16T05:30:00Z","2018-11-16T06:00:00Z",,,,,,,,1
"2018-11-16T06:00:00Z","2018-11-16T06:30:00Z",,,,,,,,1
"2018-11-16T06:30:00Z","2018-11-16T07:00:00Z",,,,,,,,1
"2018-11-16T07:00:00Z","2018-11-16T07:30:00Z",,,,,,,,1
"2018-11-16T07:30:00Z","2018-11-16T08:00:00Z",,,,,,,,1
"2018-11-16T08:00:00Z","2018-11-16T08:30:00Z",,,,,,,,1
"2018-11-16T08:30:00Z","2018-11-16T09:00:00Z",,,,,,,,1
"2018-11-16T09:00:00Z","2018-11-16T09:30:00Z",,,,,,,,1
"2018-11-16T09:30:00Z","2018-11-16T10:00:00Z",,,,,,,,1
"2018-11-16T10:00:00Z","2018-11-16T10:30:00Z",,,,,,,,1
"2018-11-16T10:30:00Z","2018-11-16T11:00:00Z",,,,,,,,1
"2018-11-16T11:00:00Z","2018-11-16T11:30:00Z",,,,,,,,1
"2018-11-16T11:30:00Z","2018-11-16T12:00:00Z",,,,,,,,1
"2018-11-16T12:00:00Z","2018-11-16T12:30:00Z",,,,,,,,1
"2018-11-16T12:30:00Z","2018-11-16T13:00:00Z",,,,,,,,1
"2018-11-16T13:00:00Z","2018-11-16T13:30:00Z",,,,,,,,1
"2018-11-16T13:30:00Z","2018-11-16T14:00:00Z",,,,,,,,1
"2018-11-16T14:00:00Z","2018-11-16T14:30:00Z",,,,,,,,1
"2018-11-16T14:30:00Z","2018-11-16T15:00:00Z",,,,,,,,1
"2018-11-16T15:00:00Z","2018-11-16T15:30:00Z",,,,,,,,1
"2018-11-16T15:30:00Z","2018-11-16T16:00:00Z",,,,,,,,1
"2018-11-16T16:00:00Z","2018-11-16T16:30:00Z",,,,,,,,1
"2018-11-16T16:30:00Z","2018-11-16T17:00:00Z",,,,,,,,1
"2018-11-16T17:00:00Z","2018-11-16T17:30:00Z",,,,,,,,1
"2018-11-16T17:30:00Z","2018-11-16T18:00:00Z",,,,,,,,1
"2018-11-16T18:00:00Z","2018-11-16T18:30:00Z",,,,,,,,1
"2018-11-16T18:30:00Z","2018-11-16T19:00:00Z",,,,,,,,1
"2018-11-16T19:00:00Z","2018-11-16T19:30:00Z",,,,,,,,1
"2018-11-16T19:30:00Z","2018-11-16T20:00:00Z",,,,,,,,1
"2018-11-16T20:00:00Z","2018-11-16T20:30:00Z",,,,,,,,1
"2018-11-16T20:30:00Z","2018-11-16T21:00:00Z",,,,,,,,1
"2018-11-16T21:00:00Z","2018-11-16T21:30:00Z",,,,,,,,1
"2018-11-16T21:30:00Z","2018-11-16T22:00:00Z",,,,,,,,1
"2018-11-16T22:00:00Z","2018-11-16T22:30:00Z",,,,,,,,1
"2018-11-16T22:30:00Z","2018-11-16T23:00:00Z",,,,,,,,1
"2018-11-16T23:00:00Z","2018-11-16T23:30:00Z",,,,,,,,1
"2018-11-16T23:30:00Z","2018-11-17T00:00:00Z",,,,,,,,1
"2018-11-17T00:00:00Z","2018-11-17T00:30:00Z",,,,,,,,1
"2018-11-17T00:30:00Z","2018-11-17T01:00:00Z",,,,,,,,1
"2018-11-17T01:00:00Z","2018-11-17T01:30:00Z",,,,,,,,1
"2018-11-17T01:30:00Z","2018-11-17T02:00:00Z",,,,,,,,1
"2018-11-17T02:00:00Z","2018-11-17T02:30:00Z",,,,,,,,1
"2018-11-17T02:30:00Z","2018-11-17T03:00:00Z",,,,,,,,1
"2018-11-17T03:00:00Z","2018-11-17T03:30:00Z",,,,,,,,1
"2018-11-17T03:30:00Z","2018-11-17T04:00:00Z",,,,,,,,1
"2018-11-17T04:00:00Z","2018-11-17T04:30:00Z",,,,,,,,1
"2018-11-17T04:30:00Z","2018-11-17T05:00:00Z",,,,,,,,1
"2018-11-17T05:00:00Z","2018-11-17T05:30:00Z",,,,,,,,1
"2018-11-17T05:30:00Z","2018-11-17T06:00:00Z",,,,,,,,1
"2018-11-17T06:00:00Z","2018-11-17T06:30:00Z",,,,,,,,1
"2018-11-17T06:30:00Z","2018-11-17T07:00:00Z",,,,,,,,1
"2018-11-17T07:00:00Z","2018-11-17T07:30:00Z",,,,,,,,1
"2018-11-17T07:30:00Z","2018-11-17T08:00:00Z",,,,,,,,1
"2018-11-17T08:00:00Z","2018-11-17T08:30:00Z",,,,,,,,1
"2018-11-17T08:30:00Z","2018-11-17T09:00:00Z",,,,,,,,1
"2018-11-17T09:00:00Z","2018-11-17T09:30:00Z",,,,,,,,1
"2018-11-17T09:30:00Z","2018-11-17T10:00:00Z",,,,,,,,1
"2018-11-17T10:00:00Z","2018-11-17T10:30:00Z",,,,,,,,1
"2018-11-17T10:30:00Z","2018-11-17T11:00:00Z",,,,,,,,1
"2018-11-17T11:00:00Z","2018-11-17T11:30:00Z",,,,,,,,1
"2018-11-17T11:30:00Z","2018-11-17T12:00:00Z",,,,,,,,1
"2018-11-17T12:00:00Z","2018-11-17T12:30:00Z",,,,,,,,1
"2018-11-17T12:30:00Z","2018-11-17T13:00:00Z",,,,,,,,1
"2018-11-17T13:00:00Z","2018-11-17T13:30:00Z",,,,,,,,1
"2018-11-17T13:30:00Z","2018-11-17T14:00:00Z",,,,,,,,1
"2018-11-17T14:00:00Z","2018-11-17T14:30:00Z",,,,,,,,1
"2018-11-17T14:30:00Z","2018-11-17T15:00:00Z",,,,,,,,1
"2018-11-17T15:00:00Z","2018-11-17T15:30:00Z",,,,,,,,1
"2018-11-17T15:30:00Z","2018-11-17T16:00:00Z",,,,,,,,1
"2018-11-17T16:00:00Z","2018-11-17T16:30:00Z",,,,,,,,1
"2018-11-17T16:30:00Z","2018-11-17T17:00:00Z",,,,,,,,1
"2018-11-17T17:00:00Z","2018-11-17T17:30:00Z",,,,,,,,1
"2018-11-17T17:30:00Z","2018-11-17T18:00:00Z",,,,,,,,1
"2018-11-17T18:00:00Z","2018-11-17T18:30:00Z",,,,,,,,1
"2018-11-17T18:30:00Z","2018-11-17T19:00:00Z",,,,,,,,1
"2018-11-17T19:00:00Z","2018-11-17T19:30:00Z",,,,,,,,1
"2018-11-17T19:30:00Z","2018-11-17T20:00:00Z",,,,,,,,1
"2018-11-17T20:00:00Z","2018-11-17T20:30:00Z",,,,,,,,1
"2018-11-17T20:30:00Z","2018-11-17T21:00:00Z",,,,,,,,1
"2018-11-17T21:00:00Z","2018-11-17T21:30:00Z",,,,,,,,1
"2018-11-17T21:30:00Z","2018-11-17T22:00:00Z",,,,,,,,1
"2018-11-17T22:00:00Z","2018-11-17T22:30:00Z",,,,,,,,1
"2018-11-17T22:30:00Z","2018-11-17T23:00:00Z",,,,,,,,1
"2018-11-17T23:00:00Z","2018-11-17T23:30:00Z",,,,,,,,1
"2018-11-17T23:30:00Z","2018-11-18T00:00:00Z",,,,,,,,1
"2018-11-18T00:00:00Z","2018-11-18T00:30:00Z",,,,,,,,1
"2018-11-18T00:30:00Z","2018-11-18T01:00:00Z",,,,,,,,1
"2018-11-18T01:00:00Z","2018-11-18T01:30:00Z",,,,,,,,1
"2018-11-18T01:30:00Z","2018-11-18T02:00:00Z",,,,,,,,1
"2018-11-18T02:00:00Z","2018-11-18T02:30:00Z",,,,,,,,1
"2018-11-18T02:30:00Z","2018-11-18T03:00:00Z",,,,,,,,1
"2018-11-18T03:00:00Z","2018-11-18T03:30:00Z",,,,,,,,1
"2018-11-18T03:30:00Z","2018-11-18T04:00:00Z",,,,,,,,1
"2018-11-18T04:00:00Z","2018-11-18T04:30:00Z",,,,,,,,1
"2018-11-18T04:30:00Z","2018-11-18T05:00:00Z",,,,,,,,1
"2018-11-18T05:00:00Z","2018-11-18T05:30:00Z",,,,,,,,1
"2018-11-18T05:30:00Z","2018-11-18T06:00:00Z",,,,,,,,1
"2018-11-18T06:00:00Z","2018-11-18T06:30:00Z",,,,,,,,1
"2018-11-18T06:30:00Z","2018-11-18T07:00:00Z",,,,,,,,1
"2018-11-18T07:00:00Z","2018-11-18T07:30:00Z",,,,,,,,1
"2018-11-18T07:30:00Z","2018-11-18T08:00:00Z",,,,,,,,1
"2018-11-18T08:00:00Z","2018-11-18T08:30:00Z",,,,,,,,1
"2018-11-18T08:30:00Z","2018-11-18T09:00:00Z",,,,,,,,1
"2018-11-18T09:00:00Z","2018-11-18T09:30:00Z",,,,,,,,1
"2018-11-18T09:30:00Z","2018-11-18T10:00:00Z",,,,,,,,1
"2018-11-18T10:00:00Z","2018-11-18T10:30:00Z",,,,,,,,1
"2018-11-18T10:30:00Z","2018-11-18T11:00:00Z",,,,,,,,1
"2018-11-18T11:00:00Z","2018-11-18T11:30:00Z",,,,,,,,1
"2018-11-18T11:30:00Z","2018-11-18T12:00:00Z",,,,,,,,1
"2018-11-18T12:00:00Z","2018-11-18T12:30:00Z",,,,,,,,1
"2018-11-18T12:30:00Z","2018-11-18T13:00:00Z",,,,,,,,1
"2018-11-18T13:00:00Z","2018-11-18T13:30:00Z",,,,,,,,1
"2018-11-18T13:30:00Z","2018-11-18T14:00:00Z",,,,,,,,1
"2018-11-18T14:00:00Z","2018-11-18T14:30:00Z",,,,,,,,1
"2018-11-18T14:30:00Z","2018-11-18T15:00:00Z",,,,,,,,1
"2018-11-18T15:00:00Z","2018-11-18T15:30:00Z",,,,,,,,1
"2018-11-18T15:30:00Z","2018-11-18T16:00:00Z",,,,,,,,1
"2018-11-18T16:00:00Z","2018-11-18T16:30:00Z",,,,,,,,1
"2018-11-18T16:30:00Z","2018-11-18T17:00:00Z",,,,,,,,1
"2018-11-18T17:00:00Z","2018-11-18T17:30:00Z",,,,,,,,1
"2018-11-18T17:30:00Z","2018-11-18T18:00:00Z",,,,,,,,1
"2018-11-18T18:00:00Z","2018-11-18T18:30:00Z",,,,,,,,1
"2018-11-18T18:30:00Z","2018-11-18T19:00:00Z",,,,,,,,1
"2018-11-18T19:00:00Z","2018-11-18T19:30:00Z",,,,,,,,1
"2018-11-18T19:30:00Z","2018-11-18T20:00:00Z",,,,,,,,1
"2018-11-18T20:00:00Z","2018-11-18T20:30:00Z",,,,,,,,1
"2018-11-18T20:30:00Z","2018-11-18T21:00:00Z",,,,,,,,1
"2018-11-18T21:00:00Z","2018-11-18T21:30:00Z",,,,,,,,1
"2018-11-18T21:30:00Z","2018-11-18T22:00:00Z",,,,,,,,1
"2018-11-18T22:00:00Z","2018-11-18T22:30:00Z",,,,,,,,1
"2018-11-18T22:30:00Z","2018-11-18T23:00:00Z",,,,,,,,1
"2018-11-18T23:00:00Z","2018-11-18T23:30:00Z",,,,,,,,1
"2018-11-18T23:30:00Z","2018-11-19T00:00:00Z",,,,,,,,1
"2018-11-19T00:00:00Z","2018-11-19T00:30:00Z",,,,,,,,1
"2018-11-19T00:30:00Z","2018-11-19T01:00:00Z",,,,,,,,1
"2018-11-19T01:00:00Z","2018-11-19T01:30:00Z",,,,,,,,1
"2018-11-19T01:30:00Z","2018-11-19T02:00:00Z",,,,,,,,1
"2018-11-19T02:00:00Z","2018-11-19T02:30:00Z",,,,,,,,1
"2018-11-19T02:30:00Z","2018-11-19T03:00:00Z",,,,,,,,1
"2018-11-19T03:00:00Z","2018-11-19T03:30:00Z",,,,,,,,1
"2018-11-19T03:30:00Z","2018-11-19T04:00:00Z",,,,,,,,1
"2018-11-19T04:00:00Z","2018-11-19T04:30:00Z",,,,,,,,1
"2018-11-19T04:30:00Z","2018-11-19T05:00:00Z",,,,,,,,1
"2018-11-19T05:00:00Z","2018-11-19T05:30:00Z",,,,,,,,1
"2018-11-19T05:30:00Z","2018-11-19T06:00:00Z",,,,,,,,1
"2018-11-19T06:00:00Z","2018-11-19T06:30:00Z",,,,,,,,1
"2018-11-19T06:30:00Z","2018-11-19T07:00:00Z",,,,,,,,1
"2018-11-19T07:00:00Z","2018-11-19T07:30:00Z",,,,,,,,1
"2018-11-19T07:30:00Z","2018-11-19T08:00:00Z",,,,,,,,1
"2018-11-19T08:00:00Z","2018-11-19T08:30:00Z",,,,,,,,1
"2018-11-19T08:30:00Z","2018-11-19T09:00:00Z",,,,,,,,1
"2018-11-19T09:00:00Z","2018-11-19T09:30:00Z",,,,,,,,1
"2018-11-19T09:30:00Z","2018-11-19T10:00:00Z",,,,,,,,1
"2018-11-19T10:00:00Z","2018-11-19T10:30:00Z",,,,,,,,1
"2018-11-19T10:30:00Z","2018-11-19T11:00:00Z",,,,,,,,1
"2018-11-19T11:00:00Z","2018-11-19T11:30:00Z",,,,,,,,1
"2018-11-19T11:30:00Z","2018-11-19T12:00:00Z",,,,,,,,1
"2018-11-19T12:00:00Z","2018-11-19T12:30:00Z",,,,,,,,1
"2018-11-19T12:30:00Z","2018-11-19T13:00:00Z",,,,,,,,1
"2018-11-19T13:00:00Z","2018-11-19T13:30:00Z",,,,,,,,1
"2018-11-19T13:30:00Z","2018-11-19T14:00:00Z",,,,,,,,1
"2018-11-19T14:00:00Z","2018-11-19T14:30:00Z",,,,,,,,1
"2018-11-19T14:30:00Z","2018-11-19T15:00:00Z",,,,,,,,1
"2018-11-19T15:00:00Z","2018-11-19T15:30:00Z",,,,,,,,1
"2018-11-19T15:30:00Z","2018-11-19T16:00:00Z",,,,,,,,1
"2018-11-19T16:00:00Z","2018-11-19T16:30:00Z",,,,,,,,1
"2018-11-19T16:30:00Z","2018-11-19T17:00:00Z",,,,,,,,1
"2018-11-19T17:00:00Z","2018-11-19T17:30:00Z",,,,,,,,1
"2018-11-19T17:30:00Z","2018-11-19T18:00:00Z",,,,,,,,1
"2018-11-19T18:00:00Z","2018-11-19T18:30:00Z",,,,,,,,1
"2018-11-19T18:30:00Z","2018-11-19T19:00:00Z",,,,,,,,1
"2018-11-19T19:00:00Z","2018-11-19T19:30:00Z",,,,,,,,1
"2018-11-19T19:30:00Z","2018-11-19T20:00:00Z",,,,,,,,1
"2018-11-19T20:00:00Z","2018-11-19T20:30:00Z",,,,,,,,1
"2018-11-19T20:30:00Z","2018-11-19T21:00:00Z",,,,,,,,1
"2018-11-19T21:00:00Z","2018-11-19T21:30:00Z",,,,,,,,1
"2018-11-19T21:30:00Z","2018-11-19T22:00:00Z",,,,,,,,1
"2018-11-19T22:00:00Z","2018-11-19T22:30:00Z",,,,,,,,1
"2018-11-19T22:30:00Z","2018-11-19T23:00:00Z",,,,,,,,1
"2018-11-19T23:00:00Z","2018-11-19T23:30:00Z",,,,,,,,1
"2018-11-19T23:30:00Z","2018-11-20T00:00:00Z",,,,,,,,1
"2018-11-20T00:00:00Z","2018-11-20T00:30:00Z",,,,,,,,1
"2018-11-20T00:30:00Z","2018-11-20T01:00:00Z",,,,,,,,1
"2018-11-20T01:00:00Z","2018-11-20T01:30:00Z",,,,,,,,1
"2018-11-20T01:30:00Z","2018-11-20T02:00:00Z",,,,,,,,1
"2018-11-20T02:00:00Z","2018-11-20T02:30:00Z",,,,,,,,1
"2018-11-20T02:30:00Z","2018-11-20T03:00:00Z",,,,,,,,1
"2018-11-20T03:00:00Z","2018-11-20T03:30:00Z",,,,,,,,1
"2018-11-20T03:30:00Z","2018-11-20T04:00:00Z",,,,,,,,1
"2018-11-20T04:00:00Z","2018-11-20T04:30:00Z",,,,,,,,1
"2018-11-20T04:30:00Z","2018-11-20T05:00:00Z",,,,,,,,1
"2018-11-20T05:00:00Z","2018-11-20T05:30:00Z",,,,,,,,1
"2018-11-20T05:30:00Z","2018-11-20T06:00:00Z",,,,,,,,1
"2018-11-20T06:00:00Z","2018-11-20T06:30:00Z",,,,,,,,1
"2018-11-20T06:30:00Z","2018-11-20T07:00:00Z",,,,,,,,1
"2018-11-20T07:00:00Z","2018-11-20T07:30:00Z",,,,,,,,1
"2018-11-20T07:30:00Z","2018-11-20T08:00:00Z",,,,,,,,1
"2018-11-20T08:00:00Z","2018-11-20T08:30:00Z",,,,,,,,1
"2018-11-20T08:30:00Z","2018-11-20T09:00:00Z",,,,,,,,1
"2018-11-20T09:00:00Z","2018-11-20T09:30:00Z",,,,,,,,1
"2018-11-20T09:30:00Z","2018-11-20T10:00:00Z",,,,,,,,1
"2018-11-20T10:00:00Z","2018-11-20T10:30:00Z",,,,,,,,1
"2018-11-20T10:30:00Z","2018-11-20T11:00:00Z",,,,,,,,1
"2018-11-20T11:00:00Z","2018-11-20T11:30:00Z",,,,,,,,1
"2018-11-20T11:30:00Z","2018-11-20T12:00:00Z",,,,,,,,1
"2018-11-20T12:00:00Z","2018-11-20T12:30:00Z",,,,,,,,1
"2018-11-20T12:30:00Z","2018-11-20T13:00:00Z",,,,,,,,1
"2018-11-20T13:00:00Z","2018-11-20T13:30:00Z",,,,,,,,1
"2018-11-20T13:30:00Z","2018-11-20T14:00:00Z",,,,,,,,1
"2018-11-20T14:00:00Z","2018-11-20T14:30:00Z",,,,,,,,1
"2018-11-20T14:30:00Z","2018-11-20T15:00:00Z",,,,,,,,1
"2018-11-20T15:00:00Z","2018-11-20T15:30:00Z",,,,,,,,1
"2018-11-20T15:30:00Z","2018-11-20T16:00:00Z",,,,,,,,1
"2018-11-20T16:00:00Z","2018-11-20T16:30:00Z",,,,,,,,1
"2018-11-20T16:30:00Z","2018-11-20T17:00:00Z",,,,,,,,1
"2018-11-20T17:00:00Z","2018-11-20T17:30:00Z",,,,,,,,1
"2018-11-20T17:30:00Z","2018-11-20T18:00:00Z",,,,,,,,1
"2018-11-20T18:00:00Z","2018-11-20T18:30:00Z",,,,,,,,1
"2018-11-20T18:30:00Z","2018-11-20T19:00:00Z",,,,,,,,1
"2018-11-20T19:00:00Z","2018-11-20T19:30:00Z",,,,,,,,1
"2018-11-20T19:30:00Z","2018-11-20T20:00:00Z",,,,,,,,1
"2018-11-20T20:00:00Z","2018-11-20T20:30:00Z",,,,,,,,1
"2018-11-20T20:30:00Z","2018-11-20T21:00:00Z",,,,,,,,1
"2018-11-20T21:00:00Z","2018-11-20T21:30:00Z",,,,,,,,1
"2018-11-20T21:30:00Z","2018-11-20T22:00:00Z",,,,,,,,1
"2018-11-20T22:00:00Z","2018-11-20T22:30:00Z",,,,,,,,1
"2018-11-20T22:30:00Z","2018-11-20T23:00:00Z",,,,,,,,1
"2018-11-20T23:00:00Z","2018-11-20T23:30:00Z",,,,,,,,1
"2018-11-20T23:30:00Z","2018-11-21T00:00:00Z",,,,,,,,1
"2018-11-21T00:00:00Z","2018-11-21T00:30:00Z",,,,,,,,1
"2018-11-21T00:30:00Z","2018-11-21T01:00:00Z",,,,,,,,1
"2018-11-21T01:00:00Z","2018-11-21T01:30:00Z",,,,,,,,1
"2018-11-21T01:30:00Z","2018-11-21T02:00:00Z",,,,,,,,1
"2018-11-21T02:00:00Z","2018-11-21T02:30:00Z",,,,,,,,1
"2018-11-21T02:30:00Z","2018-11-21T03:00:00Z",,,,,,,,1
"2018-11-21T03:00:00Z","2018-11-21T03:30:00Z",,,,,,,,1
"2018-11-21T03:30:00Z","2018-11-21T04:00:00Z",,,,,,,,1
"2018-11-21T04:00:00Z","2018-11-21T04:30:00Z",,,,,,,,1
"2018-11-21T04:30:00Z","2018-11-21T05:00:00Z",,,,,,,,1
"2018-11-21T05:00:00Z","2018-11-21T05:30:00Z",,,,,,,,1
"2018-11-21T05:30:00Z","2018-11-21T06:00:00Z",,,,,,,,1
"2018-11-21T06:00:00Z","2018-11-21T06:30:00Z",,,,,,,,1
"2018-11-21T06:30:00Z","2018-11-21T07:00:00Z",,,,,,,,1
"2018-11-21T07:00:00Z","2018-11-21T07:30:00Z",,,,,,,,1
"2018-11-21T07:30:00Z","2018-11-21T08:00:00Z",,,,,,,,1
"2018-11-21T08:00:00Z","2018-11-21T08:30:00Z",,,,,,,,1
"2018-11-21T08:30:00Z","2018-11-21T09:00:00Z",,,,,,,,1
"2018-11-21T09:00:00Z","2018-11-21T09:30:00Z",,,,,,,,1
"2018-11-21T09:30:00Z","2018-11-21T10:00:00Z",,,,,,,,1
"2018-11-21T10:00:00Z","2018-11-21T10:30:00Z",,,,,,,,1
"2018-11-21T10:30:00Z","2018-11-21T11:00:00Z",,,,,,,,1
"2018-11-21T11:00:00Z","2018-11-21T11:30:00Z",,,,,,,,1
"2018-11-21T11:30:00Z","2018-11-21T12:00:00Z",,,,,,,,1
"2018-11-21T12:00:00Z","2018-11-21T12:30:00Z",,,,,,,,1
"2018-11-21T12:30:00Z","2018-11-21T13:00:00Z",,,,,,,,1
"2018-11-21T13:00:00Z","2018-11-21T13:30:00Z",,,,,,,,1
"2018-11-21T13:30:00Z","2018-11-21T14:00:00Z",,,,,,,,1
"2018-11-21T14:00:00Z","2018-11-21T14:30:00Z",,,,,,,,1
"2018-11-21T14:30:00Z","2018-11-21T15:00:00Z",,,,,,,,1
"2018-11-21T15:00:00Z","2018-11-21T15:30:00Z",,,,,,,,1
"2018-11-21T15:30:00Z","2018-11-21T16:00:00Z",,,,,,,,1
"2018-11-21T16:00:00Z","2018-11-21T16:30:00Z",,,,,,,,1
"2018-11-21T16:30:00Z","2018-11-21T17:00:00Z",,,,,,,,1
"2018-11-21T17:00:00Z","2018-11-21T17:30:00Z",,,,,,,,1
"2018-11-21T17:30:00Z","2018-11-21T18:00:00Z",,,,,,,,1
"2018-11-21T18:00:00Z","2018-11-21T18:30:00Z",,,,,,,,1
"2018-11-21T18:30:00Z","2018-11-21T19:00:00Z",,,,,,,,1
"2018-11-21T19:00:00Z","2018-11-21T19:30:00Z",,,,,,,,1
"2018-11-21T19:30:00Z","2018-11-21T20:00:00Z",,,,,,,,1
"2018-11-21T20:00:00Z","2018-11-21T20:30:00Z",,,,,,,,1
"2018-11-21T20:30:00Z","2018-11-21T21:00:00Z",,,,,,,,1
"2018-11-21T21:00:00Z","2018-11-21T21:30:00Z",,,,,,,,1
"2018-11-21T21:30:00Z","2018-11-21T22:00:00Z",,,,,,,,1
"2018-11-21T22:00:00Z","2018-11-21T22:30:00Z",,,,,,,,1
"2018-11-21T22:30:00Z","2018-11-21T23:00:00Z",,,,,,,,1
"2018-11-21T23:00:00Z","2018-11-21T23:30:00Z",,,,,,,,1
"2018-11-21T23:30:00Z","2018-11-22T00:00:00Z",,,,,,,,1
"2018-11-22T00:00:00Z","2018-11-22T00:30:00Z",,,,,,,,1
"2018-11-22T00:30:00Z","2018-11-22T01:00:00Z",,,,,,,,1
"2018-11-22T01:00:00Z","2018-11-22T01:30:00Z",,,,,,,,1
"2018-11-22T01:30:00Z","2018-11-22T02:00:00Z",,,,,,,,1
"2018-11-22T02:00:00Z","2018-11-22T02:30:00Z",,,,,,,,1
"2018-11-22T02:30:00Z","2018-11-22T03:00:00Z",,,,,,,,1
"2018-11-22T03:00:00Z","2018-11-22T03:30:00Z",,,,,,,,1
"2018-11-22T03:30:00Z","2018-11-22T04:00:00Z",,,,,,,,1
"2018-11-22T04:00:00Z","2018-11-22T04:30:00Z",,,,,,,,1
"2018-11-22T04:30:00Z","2018-11-22T05:00:00Z",,,,,,,,1
"2018-11-22T05:00:00Z","2018-11-22T05:30:00Z",,,,,,,,1
"2018-11-22T05:30:00Z","2018-11-22T06:00:00Z",,,,,,,,1
"2018-11-22T06:00:00Z","2018-11-22T06:30:00Z",,,,,,,,1
"2018-11-22T06:30:00Z","2018-11-22T07:00:00Z",,,,,,,,1
"2018-11-22T07:00:00Z","2018-11-22T07:30:00Z",,,,,,,,1
"2018-11-22T07:30:00Z","2018-11-22T08:00:00Z",,,,,,,,1
"2018-11-22T08:00:00Z","2018-11-22T08:30:00Z",,,,,,,,1
"2018-11-22T08:30:00Z","2018-11-22T09:00:00Z",,,,,,,,1
"2018-11-22T09:00:00Z","2018-11-22T09:30:00Z",,,,,,,,1
"2018-11-22T09:30:00Z","2018-11-22T10:00:00Z",,,,,,,,1
"2018-11-22T10:00:00Z","2018-11-22T10:30:00Z",,,,,,,,1
"2018-11-22T10:30:00Z","2018-11-22T11:00:00Z",,,,,,,,1
"2018-11-22T11:00:00Z","2018-11-22T11:30:00Z",,,,,,,,1
"2018-11-22T11:30:00Z","2018-11-22T12:00:00Z",,,,,,,,1
"2018-11-22T12:00:00Z","2018-11-22T12:30:00Z",,,,,,,,1
"2018-11-22T12:30:00Z","2018-11-22T13:00:00Z",,,,,,,,1
"2018-11-22T13:00:00Z","2018-11-22T13:30:00Z",,,,,,,,1
"2018-11-22T13:30:00Z","2018-11-22T14:00:00Z",,,,,,,,1
"2018-11-22T14:00:00Z","2018-11-22T14:30:00Z",,,,,,,,1
"2018-11-22T14:30:00Z","2018-11-22T15:00:00Z",,,,,,,,1
"2018-11-22T15:00:00Z","2018-11-22T15:30:00Z",,,,,,,,1
"2018-11-22T15:30:00Z","2018-11-22T16:00:00Z",,,,,,,,1
"2018-11-22T16:00:00Z","2018-11-22T16:30:00Z",,,,,,,,1
"2018-11-22T16:30:00Z","2018-11-22T17:00:00Z",,,,,,,,1
"2018-11-22T17:00:00Z","2018-11-22T17:30:00Z",,,,,,,,1
"2018-11-22T17:30:00Z","2018-11-22T18:00:00Z",,,,,,,,1
"2018-11-22T18:00:00Z","2018-11-22T18:30:00Z",,,,,,,,1
"2018-11-22T18:30:00Z","2018-11-22T19:00:00Z",,,,,,,,1
"2018-11-22T19:00:00Z","2018-11-22T19:30:00Z",,,,,,,,1
"2018-11-22T19:30:00Z","2018-11-22T20:00:00Z",,,,,,,,1
"2018-11-22T20:00:00Z","2018-11-22T20:30:00Z",,,,,,,,1
"2018-11-22T20:30:00Z","2018-11-22T21:00:00Z",,,,,,,,1
"2018-11-22T21:00:00Z","2018-11-22T21:30:00Z",,,,,,,,1
"2018-11-22T21:30:00Z","2018-11-22T22:00:00Z",,,,,,,,1
"2018-11-22T22:00:00Z","2018-11-22T22:30:00Z",,,,,,,,1
"2018-11-22T22:30:00Z","2018-11-22T23:00:00Z",,,,,,,,1
"2018-11-22T23:00:00Z","2018-11-22T23:30:00Z",,,,,,,,1
"2018-11-22T23:30:00Z","2018-11-23T00:00:00Z",,,,,,,,1
"2018-11-23T00:00:00Z","2018-11-23T00:30:00Z",,,,,,,,1
"2018-11-23T00:30:00Z","2018-11-23T01:00:00Z",,,,,,,,1
"2018-11-23T01:00:00Z","2018-11-23T01:30:00Z",,,,,,,,1
"2018-11-23T01:30:00Z","2018-11-23T02:00:00Z",,,,,,,,1
"2018-11-23T02:00:00Z","2018-11-23T02:30:00Z",,,,,,,,1
"2018-11-23T02:30:00Z","2018-11-23T03:00:00Z",,,,,,,,1
"2018-11-23T03:00:00Z","2018-11-23T03:30:00Z",,,,,,,,1
"2018-11-23T03:30:00Z","2018-11-23T04:00:00Z",,,,,,,,1
"2018-11-23T04:00:00Z","2018-11-23T04:30:00Z",,,,,,,,1
"2018-11-23T04:30:00Z","2018-11-23T05:00:00Z",,,,,,,,1
"2018-11-23T05:00:00Z","2018-11-23T05:30:00Z",,,,,,,,1
"2018-11-23T05:30:00Z","2018-11-23T06:00:00Z",,,,,,,,1
"2018-11-23T06:00:00Z","2018-11-23T06:30:00Z",,,,,,,,1
"2018-11-23T06:30:00Z","2018-11-23T07:00:00Z",,,,,,,,1
"2018-11-23T07:00:00Z","2018-11-23T07:30:00Z",,,,,,,,1
"2018-11-23T07:30:00Z","2018-11-23T08:00:00Z",,,,,,,,1
"2018-11-23T08:00:00Z","2018-11-23T08:30:00Z",,,,,,,,1
"2018-11-23T08:30:00Z","2018-11-23T09:00:00Z",,,,,,,,1
"2018-11-23T09:00:00Z","2018-11-23T09:30:00Z",,,,,,,,1
"2018-11-23T09:30:00Z","2018-11-23T10:00:00Z",,,,,,,,1
"2018-11-23T10:00:00Z","2018-11-23T10:30:00Z",,,,,,,,1
"2018-11-23T10:30:00Z","2018-11-23T11:00:00Z",,,,,,,,1
"2018-11-23T11:00:00Z","2018-11-23T11:30:00Z",,,,,,,,1
"2018-11-23T11:30:00Z","2018-11-23T12:00:00Z",,,,,,,,1
"2018-11-23T12:00:00Z","2018-11-23T12:30:00Z",,,,,,,,1
"2018-11-23T12:30:00Z","2018-11-23T13:00:00Z",,,,,,,,1
"2018-11-23T13:00:00Z","2018-11-23T13:30:00Z",,,,,,,,1
"2018-11-23T13:30:00Z","2018-11-23T14:00:00Z",,,,,,,,1
"2018-11-23T14:00:00Z","2018-11-23T14:30:00Z",,,,,,,,1
"2018-11-23T14:30:00Z","2018-11-23T15:00:00Z",,,,,,,,1
"2018-11-23T15:00:00Z","2018-11-23T15:30:00Z",,,,,,,,1
"2018-11-23T15:30:00Z","2018-11-23T16:00:00Z",,,,,,,,1
"2018-11-23T16:00:00Z","2018-11-23T16:30:00Z",,,,,,,,1
"2018-11-23T16:30:00Z","2018-11-23T17:00:00Z",,,,,,,,1
"2018-11-23T17:00:00Z","2018-11-23T17:30:00Z",,,,,,,,1
"2018-11-23T17:30:00Z","2018-11-23T18:00:00Z",,,,,,,,1
"2018-11-23T18:00:00Z","2018-11-23T18:30:00Z",,,,,,,,1
"2018-11-23T18:30:00Z","2018-11-23T19:00:00Z",,,,,,,,1
"2018-11-23T19:00:00Z","2018-11-23T19:30:00Z",,,,,,,,1
"2018-11-23T19:30:00Z","2018-11-23T20:00:00Z",,,,,,,,1
"2018-11-23T20:00:00Z","2018-11-23T20:30:00Z",,,,,,,,1
"2018-11-23T20:30:00Z","2018-11-23T21:00:00Z",,,,,,,,1
"2018-11-23T21:00:00Z","2018-11-23T21:30:00Z",,,,,,,,1
"2018-11-23T21:30:00Z","2018-11-23T22:00:00Z",,,,,,,,1
"2018-11-23T22:00:00Z","2018-11-23T22:30:00Z",,,,,,,,1
"2018-11-23T22:30:00Z","2018-11-23T23:00:00Z",,,,,,,,1
"2018-11-23T23:00:00Z","2018-11-23T23:30:00Z",,,,,,,,1
"2018-11-23T23:30:00Z","2018-11-24T00:00:00Z",,,,,,,,1
"2018-11-24T00:00:00Z","2018-11-24T00:30:00Z",,,,,,,,1
"2018-11-24T00:30:00Z","2018-11-24T01:00:00Z",,,,,,,,1
"2018-11-24T01:00:00Z","2018-11-24T01:30:00Z",,,,,,,,1
"2018-11-24T01:30:00Z","2018-11-24T02:00:00Z",,,,,,,,1
"2018-11-24T02:00:00Z","2018-11-24T02:30:00Z",,,,,,,,1
"2018-11-24T02:30:00Z","2018-11-24T03:00:00Z",,,,,,,,1
"2018-11-24T03:00:00Z","2018-11-24T03:30:00Z",,,,,,,,1
"2018-11-24T03:30:00Z","2018-11-24T04:00:00Z",,,,,,,,1
"2018-11-24T04:00:00Z","2018-11-24T04:30:00Z",,,,,,,,1
"2018-11-24T04:30:00Z","2018-11-24T05:00:00Z",,,,,,,,1
"2018-11-24T05:00:00Z","2018-11-24T05:30:00Z",,,,,,,,1
"2018-11-24T05:30:00Z","2018-11-24T06:00:00Z",,,,,,,,1
"2018-11-24T06:00:00Z","2018-11-24T06:30:00Z",,,,,,,,1
"2018-11-24T06:30:00Z","2018-11-24T07:00:00Z",,,,,,,,1
"2018-11-24T07:00:00Z","2018-11-24T07:30:00Z",,,,,,,,1
"2018-11-24T07:30:00Z","2018-11-24T08:00:00Z",,,,,,,,1
"2018-11-24T08:00:00Z","2018-11-24T08:30:00Z",,,,,,,,1
"2018-11-24T08:30:00Z","2018-11-24T09:00:00Z",,,,,,,,1
"2018-11-24T09:00:00Z","2018-11-24T09:30:00Z",,,,,,,,1
"2018-11-24T09:30:00Z","2018-11-24T10:00:00Z",,,,,,,,1
"2018-11-24T10:00:00Z","2018-11-24T10:30:00Z",,,,,,,,1
"2018-11-24T10:30:00Z","2018-11-24T11:00:00Z",,,,,,,,1
"2018-11-24T11:00:00Z","2018-11-24T11:30:00Z",,,,,,,,1
"2018-11-24T11:30:00Z","2018-11-24T12:00:00Z",,,,,,,,1
"2018-11-24T12:00:00Z","2018-11-24T12:30:00Z",,,,,,,,1
"2018-11-24T12:30:00Z","2018-11-24T13:00:00Z",,,,,,,,1
"2018-11-24T13:00:00Z","2018-11-24T13:30:00Z",,,,,,,,1
"2018-11-24T13:30:00Z","2018-11-24T14:00:00Z",,,,,,,,1
"2018-11-24T14:00:00Z","2018-11-24T14:30:00Z",,,,,,,,1
"2018-11-24T14:30:00Z","2018-11-24T15:00:00Z",,,,,,,,1
"2018-11-24T15:00:00Z","2018-11-24T15:30:00Z",,,,,,,,1
"2018-11-24T15:30:00Z","2018-11-24T16:00:00Z",,,,,,,,1
"2018-11-24T16:00:00Z","2018-11-24T16:30:00Z",,,,,,,,1
"2018-11-24T16:30:00Z","2018-11-24T17:00:00Z",,,,,,,,1
"2018-11-24T17:00:00Z","2018-11-24T17:30:00Z",,,,,,,,1
"2018-11-24T17:30:00Z","2018-11-24T18:00:00Z",,,,,,,,1
"2018-11-24T18:00:00Z","2018-11-24T18:30:00Z",,,,,,,,1
"2018-11-24T18:30:00Z","2018-11-24T19:00:00Z",,,,,,,,1
"2018-11-24T19:00:00Z","2018-11-24T19:30:00Z",,,,,,,,1
"2018-11-24T19:30:00Z","2018-11-24T20:00:00Z",,,,,,,,1
"2018-11-24T20:00:00Z","2018-11-24T20:30:00Z",,,,,,,,1
"2018-11-24T20:30:00Z","2018-11-24T21:00:00Z",,,,,,,,1
"2018-11-24T21:00:00Z","2018-11-24T21:30:00Z",,,,,,,,1
"2018-11-24T21:30:00Z","2018-11-24T22:00:00Z",,,,,,,,1
"2018-11-24T22:00:00Z","2018-11-24T22:30:00Z",,,,,,,,1
"2018-11-24T22:30:00Z","2018-11-24T23:00:00Z",,,,,,,,1
"2018-11-24T23:00:00Z","2018-11-24T23:30:00Z",,,,,,,,1
"2018-11-24T23:30:00Z","2018-11-25T00:00:00Z",,,,,,,,1
"2018-11-25T00:00:00Z","2018-11-25T00:30:00Z",,,,,,,,1
"2018-11-25T00:30:00Z","2018-11-25T01:00:00Z",,,,,,,,1
"2018-11-25T01:00:00Z","2018-11-25T01:30:00Z",,,,,,,,1
"2018-11-25T01:30:00Z","2018-11-25T02:00:00Z",,,,,,,,1
"2018-11-25T02:00:00Z","2018-11-25T02:30:00Z",,,,,,,,1
"2018-11-25T02:30:00Z","2018-11-25T03:00:00Z",,,,,,,,1
"2018-11-25T03:00:00Z","2018-11-25T03:30:00Z",,,,,,,,1
"2018-11-25T03:30:00Z","2018-11-25T04:00:00Z",,,,,,,,1
"2018-11-25T04:00:00Z","2018-11-25T04:30:00Z",,,,,,,,1
"2018-11-25T04:30:00Z","2018-11-25T05:00:00Z",,,,,,,,1
"2018-11-25T05:00:00Z","2018-11-25T05:30:00Z",,,,,,,,1
"2018-11-25T05:30:00Z","2018-11-25T06:00:00Z",,,,,,,,1
"2018-11-25T06:00:00Z","2018-11-25T06:30:00Z",,,,,,,,1
"2018-11-25T06:30:00Z","2018-11-25T07:00:00Z",,,,,,,,1
"2018-11-25T07:00:00Z","2018-11-25T07:30:00Z",,,,,,,,1
"2018-11-25T07:30:00Z","2018-11-25T08:00:00Z",,,,,,,,1
"2018-11-25T08:00:00Z","2018-11-25T08:30:00Z",,,,,,,,1
"2018-11-25T08:30:00Z","2018-11-25T09:00:00Z",,,,,,,,1
"2018-11-25T09:00:00Z","2018-11-25T09:30:00Z",,,,,,,,1
"2018-11-25T09:30:00Z","2018-11-25T10:00:00Z",,,,,,,,1
"2018-11-25T10:00:00Z","2018-11-25T10:30:00Z",,,,,,,,1
"2018-11-25T10:30:00Z","2018-11-25T11:00:00Z",,,,,,,,1
"2018-11-25T11:00:00Z","2018-11-25T11:30:00Z",,,,,,,,1
"2018-11-25T11:30:00Z","2018-11-25T12:00:00Z",,,,,,,,1
"2018-11-25T12:00:00Z","2018-11-25T12:30:00Z",,,,,,,,1
"2018-11-25T12:30:00Z","2018-11-25T13:00:00Z",,,,,,,,1
"2018-11-25T13:00:00Z","2018-11-25T13:30:00Z",,,,,,,,1
"2018-11-25T13:30:00Z","2018-11-25T14:00:00Z",,,,,,,,1
"2018-11-25T14:00:00Z","2018-11-25T14:30:00Z",,,,,,,,1
"2018-11-25T14:30:00Z","2018-11-25T15:00:00Z",,,,,,,,1
"2018-11-25T15:00:00Z","2018-11-25T15:30:00Z",,,,,,,,1
"2018-11-25T15:30:00Z","2018-11-25T16:00:00Z",,,,,,,,1
"2018-11-25T16:00:00Z","2018-11-25T16:30:00Z",,,,,,,,1
"2018-11-25T16:30:00Z","2018-11-25T17:00:00Z",,,,,,,,1
"2018-11-25T17:00:00Z","2018-11-25T17:30:00Z",,,,,,,,1
"2018-11-25T17:30:00Z","2018-11-25T18:00:00Z",,,,,,,,1
"2018-11-25T18:00:00Z","2018-11-25T18:30:00Z",,,,,,,,1
"2018-11-25T18:30:00Z","2018-11-25T19:00:00Z",,,,,,,,1
"2018-11-25T19:00:00Z","2018-11-25T19:30:00Z",,,,,,,,1
"2018-11-25T19:30:00Z","2018-11-25T20:00:00Z",,,,,,,,1
"2018-11-25T20:00:00Z","2018-11-25T20:30:00Z",,,,,,,,1
"2018-11-25T20:30:00Z","2018-11-25T21:00:00Z",,,,,,,,1
"2018-11-25T21:00:00Z","2018-11-25T21:30:00Z",,,,,,,,1
"2018-11-25T21:30:00Z","2018-11-25T22:00:00Z",,,,,,,,1
"2018-11-25T22:00:00Z","2018-11-25T22:30:00Z",,,,,,,,1
"2018-11-25T22:30:00Z","2018-11-25T23:00:00Z",,,,,,,,1
"2018-11-25T23:00:00Z","2018-11-25T23:30:00Z",,,,,,,,1
"2018-11-25T23:30:00Z","2018-11-26T00:00:00Z",,,,,,,,1
"2018-11-26T00:00:00Z","2018-11-26T00:30:00Z",,,,,,,,1
"2018-11-26T00:30:00Z","2018-11-26T01:00:00Z",,,,,,,,1
"2018-11-26T01:00:00Z","2018-11-26T01:30:00Z",,,,,,,,1
"2018-11-26T01:30:00Z","2018-11-26T02:00:00Z",,,,,,,,1
"2018-11-26T02:00:00Z","2018-11-26T02:30:00Z",,,,,,,,1
"2018-11-26T02:30:00Z","2018-11-26T03:00:00Z",,,,,,,,1
"2018-11-26T03:00:00Z","2018-11-26T03:30:00Z",,,,,,,,1
"2018-11-26T03:30:00Z","2018-11-26T04:00:00Z",,,,,,,,1
"2018-11-26T04:00:00Z","2018-11-26T04:30:00Z",,,,,,,,1
"2018-11-26T04:30:00Z","2018-11-26T05:00:00Z",,,,,,,,1
"2018-11-26T05:00:00Z","2018-11-26T05:30:00Z",,,,,,,,1
"2018-11-26T05:30:00Z","2018-11-26T06:00:00Z",,,,,,,,1
"2018-11-26T06:00:00Z","2018-11-26T06:30:00Z",,,,,,,,1
"2018-11-26T06:30:00Z","2018-11-26T07:00:00Z",,,,,,,,1
"2018-11-26T07:00:00Z","2018-11-26T07:30:00Z",,,,,,,,1
"2018-11-26T07:30:00Z","2018-11-26T08:00:00Z",,,,,,,,1
"2018-11-26T08:00:00Z","2018-11-26T08:30:00Z",,,,,,,,1
"2018-11-26T08:30:00Z","2018-11-26T09:00:00Z",,,,,,,,1
"2018-11-26T09:00:00Z","2018-11-26T09:30:00Z",,,,,,,,1
"2018-11-26T09:30:00Z","2018-11-26T10:00:00Z",,,,,,,,1
"2018-11-26T10:00:00Z","2018-11-26T10:30:00Z",,,,,,,,1
"2018-11-26T10:30:00Z","2018-11-26T11:00:00Z",,,,,,,,1
"2018-11-26T11:00:00Z","2018-11-26T11:30:00Z",,,,,,,,1
"2018-11-26T11:30:00Z","2018-11-26T12:00:00Z",,,,,,,,1
"2018-11-26T12:00:00Z","2018-11-26T12:30:00Z",,,,,,,,1
"2018-11-26T12:30:00Z","2018-11-26T13:00:00Z",,,,,,,,1
"2018-11-26T13:00:00Z","2018-11-26T13:30:00Z",,,,,,,,1
"2018-11-26T13:30:00Z","2018-11-26T14:00:00Z",,,,,,,,1
"2018-11-26T14:00:00Z","2018-11-26T14:30:00Z",,,,,,,,1
"2018-11-26T14:30:00Z","2018-11-26T15:00:00Z",,,,,,,,1
"2018-11-26T15:00:00Z","2018-11-26T15:30:00Z",,,,,,,,1
"2018-11-26T15:30:00Z","2018-11-26T16:00:00Z",,,,,,,,1
"2018-11-26T16:00:00Z","2018-11-26T16:30:00Z",,,,,,,,1
"2018-11-26T16:30:00Z","2018-11-26T17:00:00Z",,,,,,,,1
"2018-11-26T17:00:00Z","2018-11-26T17:30:00Z",,,,,,,,1
"2018-11-26T17:30:00Z","2018-11-26T18:00:00Z",,,,,,,,1
"2018-11-26T18:00:00Z","2018-11-26T18:30:00Z",,,,,,,,1
"2018-11-26T18:30:00Z","2018-11-26T19:00:00Z",,,,,,,,1
"2018-11-26T19:00:00Z","2018-11-26T19:30:00Z",,,,,,,,1
"2018-11-26T19:30:00Z","2018-11-26T20:00:00Z",,,,,,,,1
"2018-11-26T20:00:00Z","2018-11-26T20:30:00Z",,,,,,,,1
"2018-11-26T20:30:00Z","2018-11-26T21:00:00Z",,,,,,,,1
"2018-11-26T21:00:00Z","2018-11-26T21:30:00Z",,,,,,,,1
"2018-11-26T21:30:00Z","2018-11-26T22:00:00Z",,,,,,,,1
"2018-11-26T22:00:00Z","2018-11-26T22:30:00Z",,,,,,,,1
"2018-11-26T22:30:00Z","2018-11-26T23:00:00Z",,,,,,,,1
"2018-11-26T23:00:00Z","2018-11-26T23:30:00Z",,,,,,,,1
"2018-11-26T23:30:00Z","2018-11-27T00:00:00Z",,,,,,,,1
"2018-11-27T00:00:00Z","2018-11-27T00:30:00Z",,,,,,,,1
"2018-11-27T00:30:00Z","2018-11-27T01:00:00Z",,,,,,,,1
"2018-11-27T01:00:00Z","2018-11-27T01:30:00Z",,,,,,,,1
"2018-11-27T01:30:00Z","2018-11-27T02:00:00Z",,,,,,,,1
"2018-11-27T02:00:00Z","2018-11-27T02:30:00Z",,,,,,,,1
"2018-11-27T02:30:00Z","2018-11-27T03:00:00Z",,,,,,,,1
"2018-11-27T03:00:00Z","2018-11-27T03:30:00Z",,,,,,,,1
"2018-11-27T03:30:00Z","2018-11-27T04:00:00Z",,,,,,,,1
"2018-11-27T04:00:00Z","2018-11-27T04:30:00Z",,,,,,,,1
"2018-11-27T04:30:00Z","2018-11-27T05:00:00Z",,,,,,,,1
"2018-11-27T05:00:00Z","2018-11-27T05:30:00Z",,,,,,,,1
"2018-11-27T05:30:00Z","2018-11-27T06:00:00Z",,,,,,,,1
"2018-11-27T06:00:00Z","2018-11-27T06:30:00Z",,,,,,,,1
"2018-11-27T06:30:00Z","2018-11-27T07:00:00Z",,,,,,,,1
"2018-11-27T07:00:00Z","2018-11-27T07:30:00Z",,,,,,,,1
"2018-11-27T07:30:00Z","2018-11-27T08:00:00Z",,,,,,,,1
"2018-11-27T08:00:00Z","2018-11-27T08:30:00Z",,,,,,,,1
"2018-11-27T08:30:00Z","2018-11-27T09:00:00Z",,,,,,,,1
"2018-11-27T09:00:00Z","2018-11-27T09:30:00Z",,,,,,,,1
"2018-11-27T09:30:00Z","2018-11-27T10:00:00Z",,,,,,,,1
"2018-11-27T10:00:00Z","2018-11-27T10:30:00Z",,,,,,,,1
"2018-11-27T10:30:00Z","2018-11-27T11:00:00Z",,,,,,,,1
"2018-11-27T11:00:00Z","2018-11-27T11:30:00Z",,,,,,,,1
"2018-11-27T11:30:00Z","2018-11-27T12:00:00Z",,,,,,,,1
"2018-11-27T12:00:00Z","2018-11-27T12:30:00Z",,,,,,,,1
"2018-11-27T12:30:00Z","2018-11-27T13:00:00Z",,,,,,,,1
"2018-11-27T13:00:00Z","2018-11-27T13:30:00Z",,,,,,,,1
"2018-11-27T13:30:00Z","2018-11-27T14:00:00Z",,,,,,,,1
"2018-11-27T14:00:00Z","2018-11-27T14:30:00Z",,,,,,,,1
"2018-11-27T14:30:00Z","2018-11-27T15:00:00Z",,,,,,,,1
"2018-11-27T15:00:00Z","2018-11-27T15:30:00Z",,,,,,,,1
"2018-11-27T15:30:00Z","2018-11-27T16:00:00Z",,,,,,,,1
"2018-11-27T16:00:00Z","2018-11-27T16:30:00Z",,,,,,,,1
"2018-11-27T16:30:00Z","2018-11-27T17:00:00Z",,,,,,,,1
"2018-11-27T17:00:00Z","2018-11-27T17:30:00Z",,,,,,,,1
"2018-11-27T17:30:00Z","2018-11-27T18:00:00Z",,,,,,,,1
"2018-11-27T18:00:00Z","2018-11-27T18:30:00Z",,,,,,,,1
"2018-11-27T18:30:00Z","2018-11-27T19:00:00Z",,,,,,,,1
"2018-11-27T19:00:00Z","2018-11-27T19:30:00Z",,,,,,,,1
"2018-11-27T19:30:00Z","2018-11-27T20:00:00Z",,,,,,,,1
"2018-11-27T20:00:00Z","2018-11-27T20:30:00Z",,,,,,,,1
"2018-11-27T20:30:00Z","2018-11-27T21:00:00Z",,,,,,,,1
"2018-11-27T21:00:00Z","2018-11-27T21:30:00Z",,,,,,,,1
"2018-11-27T21:30:00Z","2018-11-27T22:00:00Z",,,,,,,,1
"2018-11-27T22:00:00Z","2018-11-27T22:30:00Z",,,,,,,,1
"2018-11-27T22:30:00Z","2018-11-27T23:00:00Z",,,,,,,,1
"2018-11-27T23:00:00Z","2018-11-27T23:30:00Z",,,,,,,,1
"2018-11-27T23:30:00Z","2018-11-28T00:00:00Z",,,,,,,,1
"2018-11-28T00:00:00Z","2018-11-28T00:30:00Z",,,,,,,,1
"2018-11-28T00:30:00Z","2018-11-28T01:00:00Z",,,,,,,,1
"2018-11-28T01:00:00Z","2018-11-28T01:30:00Z",,,,,,,,1
"2018-11-28T01:30:00Z","2018-11-28T02:00:00Z",,,,,,,,1
"2018-11-28T02:00:00Z","2018-11-28T02:30:00Z",,,,,,,,1
"2018-11-28T02:30:00Z","2018-11-28T03:00:00Z",,,,,,,,1
"2018-11-28T03:00:00Z","2018-11-28T03:30:00Z",,,,,,,,1
"2018-11-28T03:30:00Z","2018-11-28T04:00:00Z",,,,,,,,1
"2018-11-28T04:00:00Z","2018-11-28T04:30:00Z",,,,,,,,1
"2018-11-28T04:30:00Z","2018-11-28T05:00:00Z",,,,,,,,1
"2018-11-28T05:00:00Z","2018-11-28T05:30:00Z",,,,,,,,1
"2018-11-28T05:30:00Z","2018-11-28T06:00:00Z",,,,,,,,1
"2018-11-28T06:00:00Z","2018-11-28T06:30:00Z",,,,,,,,1
"2018-11-28T06:30:00Z","2018-11-28T07:00:00Z",,,,,,,,1
"2018-11-28T07:00:00Z","2018-11-28T07:30:00Z",,,,,,,,1
"2018-11-28T07:30:00Z","2018-11-28T08:00:00Z",,,,,,,,1
"2018-11-28T08:00:00Z","2018-11-28T08:30:00Z",,,,,,,,1
"2018-11-28T08:30:00Z","2018-11-28T09:00:00Z",,,,,,,,1
"2018-11-28T09:00:00Z","2018-11-28T09:30:00Z",,,,,,,,1
"2018-11-28T09:30:00Z","2018-11-28T10:00:00Z",,,,,,,,1
"2018-11-28T10:00:00Z","2018-11-28T10:30:00Z",,,,,,,,1
"2018-11-28T10:30:00Z","2018-11-28T11:00:00Z",,,,,,,,1
"2018-11-28T11:00:00Z","2018-11-28T11:30:00Z",,,,,,,,1
"2018-11-28T11:30:00Z","2018-11-28T12:00:00Z",,,,,,,,1
"2018-11-28T12:00:00Z","2018-11-28T12:30:00Z",,,,,,,,1
"2018-11-28T12:30:00Z","2018-11-28T13:00:00Z",,,,,,,,1
"2018-11-28T13:00:00Z","2018-11-28T13:30:00Z",,,,,,,,1
"2018-11-28T13:30:00Z","2018-11-28T14:00:00Z",,,,,,,,1
"2018-11-28T14:00:00Z","2018-11-28T14:30:00Z",,,,,,,,1
"2018-11-28T14:30:00Z","2018-11-28T15:00:00Z",,,,,,,,1
"2018-11-28T15:00:00Z","2018-11-28T15:30:00Z",,,,,,,,1
"2018-11-28T15:30:00Z","2018-11-28T16:00:00Z",,,,,,,,1
"2018-11-28T16:00:00Z","2018-11-28T16:30:00Z",,,,,,,,1
"2018-11-28T16:30:00Z","2018-11-28T17:00:00Z",,,,,,,,1
"2018-11-28T17:00:00Z","2018-11-28T17:30:00Z",,,,,,,,1
"2018-11-28T17:30:00Z","2018-11-28T18:00:00Z",,,,,,,,1
"2018-11-28T18:00:00Z","2018-11-28T18:30:00Z",,,,,,,,1
"2018-11-28T18:30:00Z","2018-11-28T19:00:00Z",,,,,,,,1
"2018-11-28T19:00:00Z","2018-11-28T19:30:00Z",,,,,,,,1
"2018-11-28T19:30:00Z","2018-11-28T20:00:00Z",,,,,,,,1
"2018-11-28T20:00:00Z","2018-11-28T20:30:00Z",,,,,,,,1
"2018-11-28T20:30:00Z","2018-11-28T21:00:00Z",,,,,,,,1
"2018-11-28T21:00:00Z","2018-11-28T21:30:00Z",,,,,,,,1
"2018-11-28T21:30:00Z","2018-11-28T22:00:00Z",,,,,,,,1
"2018-11-28T22:00:00Z","2018-11-28T22:30:00Z",,,,,,,,1
"2018-11-28T22:30:00Z","2018-11-28T23:00:00Z",,,,,,,,1
"2018-11-28T23:00:00Z","2018-11-28T23:30:00Z",,,,,,,,1
"2018-11-28T23:30:00Z","2018-11-29T00:00:00Z",,,,,,,,1
"2018-11-29T00:00:00Z","2018-11-29T00:30:00Z",,,,,,,,1
"2018-11-29T00:30:00Z","2018-11-29T01:00:00Z",,,,,,,,1
"2018-11-29T01:00:00Z","2018-11-29T01:30:00Z",,,,,,,,1
"2018-11-29T01:30:00Z","2018-11-29T02:00:00Z",,,,,,,,1
"2018-11-29T02:00:00Z","2018-11-29T02:30:00Z",,,,,,,,1
"2018-11-29T02:30:00Z","2018-11-29T03:00:00Z",,,,,,,,1
"2018-11-29T03:00:00Z","2018-11-29T03:30:00Z",,,,,,,,1
"2018-11-29T03:30:00Z","2018-11-29T04:00:00Z",,,,,,,,1
"2018-11-29T04:00:00Z","2018-11-29T04:30:00Z",,,,,,,,1
"2018-11-29T04:30:00Z","2018-11-29T05:00:00Z",,,,,,,,1
"2018-11-29T05:00:00Z","2018-11-29T05:30:00Z",,,,,,,,1
"2018-11-29T05:30:00Z","2018-11-29T06:00:00Z",,,,,,,,1
"2018-11-29T06:00:00Z","2018-11-29T06:30:00Z",,,,,,,,1
"2018-11-29T06:30:00Z","2018-11-29T07:00:00Z",,,,,,,,1
"2018-11-29T07:00:00Z","2018-11-29T07:30:00Z",,,,,,,,1
"2018-11-29T07:30:00Z","2018-11-29T08:00:00Z",,,,,,,,1
"2018-11-29T08:00:00Z","2018-11-29T08:30:00Z",,,,,,,,1
"2018-11-29T08:30:00Z","2018-11-29T09:00:00Z",,,,,,,,1
"2018-11-29T09:00:00Z","2018-11-29T09:30:00Z",,,,,,,,1
"2018-11-29T09:30:00Z","2018-11-29T10:00:00Z",,,,,,,,1
"2018-11-29T10:00:00Z","2018-11-29T10:30:00Z",,,,,,,,1
"2018-11-29T10:30:00Z","2018-11-29T11:00:00Z",,,,,,,,1
"2018-11-29T11:00:00Z","2018-11-29T11:30:00Z",,,,,,,,1
"2018-11-29T11:30:00Z","2018-11-29T12:00:00Z",,,,,,,,1
"2018-11-29T12:00:00Z","2018-11-29T12:30:00Z",,,,,,,,1
"2018-11-29T12:30:00Z","2018-11-29T13:00:00Z",,,,,,,,1
"2018-11-29T13:00:00Z","2018-11-29T13:30:00Z",,,,,,,,1
"2018-11-29T13:30:00Z","2018-11-29T14:00:00Z",,,,,,,,1
"2018-11-29T14:00:00Z","2018-11-29T14:30:00Z",,,,,,,,1
"2018-11-29T14:30:00Z","2018-11-29T15:00:00Z",,,,,,,,1
"2018-11-29T15:00:00Z","2018-11-29T15:30:00Z",,,,,,,,1
"2018-11-29T15:30:00Z","2018-11-29T16:00:00Z",,,,,,,,1
"2018-11-29T16:00:00Z","2018-11-29T16:30:00Z",,,,,,,,1
"2018-11-29T16:30:00Z","2018-11-29T17:00:00Z",,,,,,,,1
"2018-11-29T17:00:00Z","2018-11-29T17:30:00Z",,,,,,,,1
"2018-11-29T17:30:00Z","2018-11-29T18:00:00Z",,,,,,,,1
"2018-11-29T18:00:00Z","2018-11-29T18:30:00Z",,,,,,,,1
"2018-11-29T18:30:00Z","2018-11-29T19:00:00Z",,,,,,,,1
"2018-11-29T19:00:00Z","2018-11-29T19:30:00Z",,,,,,,,1
"2018-11-29T19:30:00Z","2018-11-29T20:00:00Z",,,,,,,,1
"2018-11-29T20:00:00Z","2018-11-29T20:30:00Z",,,,,,,,1
"2018-11-29T20:30:00Z","2018-11-29T21:00:00Z",,,,,,,,1
"2018-11-29T21:00:00Z","2018-11-29T21:30:00Z",,,,,,,,1
"2018-11-29T21:30:00Z","2018-11-29T22:00:00Z",,,,,,,,1
"2018-11-29T22:00:00Z","2018-11-29T22:30:00Z",,,,,,,,1
"2018-11-29T22:30:00Z","2018-11-29T23:00:00Z",,,,,,,,1
"2018-11-29T23:00:00Z","2018-11-29T23:30:00Z",,,,,,,,1
"2018-11-29T23:30:00Z","2018-11-30T00:00:00Z",,,,,,,,1
"2018-11-30T00:00:00Z","2018-11-30T00:30:00Z",,,,,,,,1
"2018-11-30T00:30:00Z","2018-11-30T01:00:00Z",,,,,,,,1
"2018-11-30T01:00:00Z","2018-11-30T01:30:00Z",,,,,,,,1
"2018-11-30T01:30:00Z","2018-11-30T02:00:00Z",,,,,,,,1
"2018-11-30T02:00:00Z","2018-11-30T02:30:00Z",,,,,,,,1
"2018-11-30T02:30:00Z","2018-11-30T03:00:00Z",,,,,,,,1
"2018-11-30T03:00:00Z","2018-11-30T03:30:00Z",,,,,,,,1
"2018-11-30T03:30:00Z","2018-11-30T04:00:00Z",,,,,,,,1
"2018-11-30T04:00:00Z","2018-11-30T04:30:00Z",,,,,,,,1
"2018-11-30T04:30:00Z","2018-11-30T05:00:00Z",,,,,,,,1
"2018-11-30T05:00:00Z","2018-11-30T05:30:00Z",,,,,,,,1
"2018-11-30T05:30:00Z","2018-11-30T06:00:00Z",,,,,,,,1
"2018-11-30T06:00:00Z","2018-11-30T06:30:00Z",,,,,,,,1
"2018-11-30T06:30:00Z","2018-11-30T07:00:00Z",,,,,,,,1
"2018-11-30T07:00:00Z","2018-11-30T07:30:00Z",,,,,,,,1
"2018-11-30T07:30:00Z","2018-11-30T08:00:00Z",,,,,,,,1
"2018-11-30T08:00:00Z","2018-11-30T08:30:00Z",,,,,,,,1
"2018-11-30T08:30:00Z","2018-11-30T09:00:00Z",,,,,,,,1
"2018-11-30T09:00:00Z","2018-11-30T09:30:00Z",,,,,,,,1
"2018-11-30T09:30:00Z","2018-11-30T10:00:00Z",,,,,,,,1
"2018-11-30T10:00:00Z","2018-11-30T10:30:00Z",,,,,,,,1
"2018-11-30T10:30:00Z","2018-11-30T11:00:00Z",,,,,,,,1
"2018-11-30T11:00:00Z","2018-11-30T11:30:00Z",,,,,,,,1
"2018-11-30T11:30:00Z","2018-11-30T12:00:00Z",,,,,,,,1
"2018-11-30T12:00:00Z","2018-11-30T12:30:00Z",,,,,,,,1
"2018-11-30T12:30:00Z","2018-11-30T13:00:00Z",,,,,,,,1
"2018-11-30T13:00:00Z","2018-11-30T13:30:00Z",,,,,,,,1
"2018-11-30T13:30:00Z","2018-11-30T14:00:00Z",,,,,,,,1
"2018-11-30T14:00:00Z","2018-11-30T14:30:00Z",,,,,,,,1
"2018-11-30T14:30:00Z","2018-11-30T15:00:00Z",,,,,,,,1
"2018-11-30T15:00:00Z","2018-11-30T15:30:00Z",,,,,,,,1
"2018-11-30T15:30:00Z","2018-11-30T16:00:00Z",,,,,,,,1
"2018-11-30T16:00:00Z","2018-11-30T16:30:00Z",,,,,,,,1
"2018-11-30T16:30:00Z","2018-11-30T17:00:00Z",,,,,,,,1
"2018-11-30T17:00:00Z","2018-11-30T17:30:00Z",,,,,,,,1
"2018-11-30T17:30:00Z","2018-11-30T18:00:00Z",,,,,,,,1
"2018-11-30T18:00:00Z","2018-11-30T18:30:00Z",,,,,,,,1
"2018-11-30T18:30:00Z","2018-11-30T19:00:00Z",,,,,,,,1
"2018-11-30T19:00:00Z","2018-11-30T19:30:00Z",,,,,,,,1
"2018-11-30T19:30:00Z","2018-11-30T20:00:00Z",,,,,,,,1
"2018-11-30T20:00:00Z","2018-11-30T20:30:00Z",,,,,,,,1
"2018-11-30T20:30:00Z","2018-11-30T21:00:00Z",,,,,,,,1
"2018-11-30T21:00:00Z","2018-11-30T21:30:00Z",,,,,,,,1
"2018-11-30T21:30:00Z","2018-11-30T22:00:00Z",,,,,,,,1
"2018-11-30T22:00:00Z","2018-11-30T22:30:00Z",,,,,,,,1
"2018-11-30T22:30:00Z","2018-11-30T23:00:00Z",,,,,,,,1
"2018-11-30T23:00:00Z","2018-11-30T23:30:00Z",,,,,,,,1
"2018-11-30T23:30:00Z","2018-12-01T00:00:00Z",,,,,,,,1
